[2026-01-29 11:19:48] local.ERROR: The "--columns" option does not exist. {"exception":"[object] (Symfony\\Component\\Console\\Exception\\RuntimeException(code: 0): The \"--columns\" option does not exist. at E:/12 RPL/yearbook-class/vendor/symfony/console/Input/ArgvInput.php:226)
[stacktrace]
#0 E:/12 RPL/yearbook-class/vendor/symfony/console/Input/ArgvInput.php(153): Symfony/Component/Console/Input/ArgvInput->addLongOption('columns', 'uri,name,action...')
#1 E:/12 RPL/yearbook-class/vendor/symfony/console/Input/ArgvInput.php(88): Symfony/Component/Console/Input/ArgvInput->parseLongOption('--columns=uri,n...')
#2 E:/12 RPL/yearbook-class/vendor/symfony/console/Input/ArgvInput.php(77): Symfony/Component/Console/Input/ArgvInput->parseToken('--columns=uri,n...', true)
#3 E:/12 RPL/yearbook-class/vendor/symfony/console/Input/Input.php(53): Symfony/Component/Console/Input/ArgvInput->parse()
#4 E:/12 RPL/yearbook-class/vendor/symfony/console/Command/Command.php(295): Symfony/Component/Console/Input/Input->bind(Object(Symfony/Component/Console/Input/InputDefinition))
#5 E:/12 RPL/yearbook-class/vendor/laravel/framework/src/Illuminate/Console/Command.php(180): Symfony/Component/Console/Command/Command->run(Object(Symfony/Component/Console/Input/ArgvInput), Object(Illuminate/Console/OutputStyle))
#6 E:/12 RPL/yearbook-class/vendor/symfony/console/Application.php(1102): Illuminate/Console/Command->run(Object(Symfony/Component/Console/Input/ArgvInput), Object(Symfony/Component/Console/Output/ConsoleOutput))
#7 E:/12 RPL/yearbook-class/vendor/symfony/console/Application.php(356): Symfony/Component/Console/Application->doRunCommand(Object(Illuminate/Foundation/Console/RouteListCommand), Object(Symfony/Component/Console/Input/ArgvInput), Object(Symfony/Component/Console/Output/ConsoleOutput))
#8 E:/12 RPL/yearbook-class/vendor/symfony/console/Application.php(195): Symfony/Component/Console/Application->doRun(Object(Symfony/Component/Console/Input/ArgvInput), Object(Symfony/Component/Console/Output/ConsoleOutput))
#9 E:/12 RPL/yearbook-class/vendor/laravel/framework/src/Illuminate/Foundation/Console/Kernel.php(198): Symfony/Component/Console/Application->run(Object(Symfony/Component/Console/Input/ArgvInput), Object(Symfony/Component/Console/Output/ConsoleOutput))
#10 E:/12 RPL/yearbook-class/vendor/laravel/framework/src/Illuminate/Foundation/Application.php(1235): Illuminate/Foundation/Console/Kernel->handle(Object(Symfony/Component/Console/Input/ArgvInput), Object(Symfony/Component/Console/Output/ConsoleOutput))
#11 E:/12 RPL/yearbook-class/artisan(16): Illuminate/Foundation/Application->handleCommand(Object(Symfony/Component/Console/Input/ArgvInput))
#12 {main}
"} 
[2026-01-29 11:19:52] local.ERROR: The "--columns" option does not exist. {"exception":"[object] (Symfony\\Component\\Console\\Exception\\RuntimeException(code: 0): The \"--columns\" option does not exist. at E:/12 RPL/yearbook-class/vendor/symfony/console/Input/ArgvInput.php:226)
[stacktrace]
#0 E:/12 RPL/yearbook-class/vendor/symfony/console/Input/ArgvInput.php(153): Symfony/Component/Console/Input/ArgvInput->addLongOption('columns', 'uri,name,action...')
#1 E:/12 RPL/yearbook-class/vendor/symfony/console/Input/ArgvInput.php(88): Symfony/Component/Console/Input/ArgvInput->parseLongOption('--columns=uri,n...')
#2 E:/12 RPL/yearbook-class/vendor/symfony/console/Input/ArgvInput.php(77): Symfony/Component/Console/Input/ArgvInput->parseToken('--columns=uri,n...', true)
#3 E:/12 RPL/yearbook-class/vendor/symfony/console/Input/Input.php(53): Symfony/Component/Console/Input/ArgvInput->parse()
#4 E:/12 RPL/yearbook-class/vendor/symfony/console/Command/Command.php(295): Symfony/Component/Console/Input/Input->bind(Object(Symfony/Component/Console/Input/InputDefinition))
#5 E:/12 RPL/yearbook-class/vendor/laravel/framework/src/Illuminate/Console/Command.php(180): Symfony/Component/Console/Command/Command->run(Object(Symfony/Component/Console/Input/ArgvInput), Object(Illuminate/Console/OutputStyle))
#6 E:/12 RPL/yearbook-class/vendor/symfony/console/Application.php(1102): Illuminate/Console/Command->run(Object(Symfony/Component/Console/Input/ArgvInput), Object(Symfony/Component/Console/Output/ConsoleOutput))
#7 E:/12 RPL/yearbook-class/vendor/symfony/console/Application.php(356): Symfony/Component/Console/Application->doRunCommand(Object(Illuminate/Foundation/Console/RouteListCommand), Object(Symfony/Component/Console/Input/ArgvInput), Object(Symfony/Component/Console/Output/ConsoleOutput))
#8 E:/12 RPL/yearbook-class/vendor/symfony/console/Application.php(195): Symfony/Component/Console/Application->doRun(Object(Symfony/Component/Console/Input/ArgvInput), Object(Symfony/Component/Console/Output/ConsoleOutput))
#9 E:/12 RPL/yearbook-class/vendor/laravel/framework/src/Illuminate/Foundation/Console/Kernel.php(198): Symfony/Component/Console/Application->run(Object(Symfony/Component/Console/Input/ArgvInput), Object(Symfony/Component/Console/Output/ConsoleOutput))
#10 E:/12 RPL/yearbook-class/vendor/laravel/framework/src/Illuminate/Foundation/Application.php(1235): Illuminate/Foundation/Console/Kernel->handle(Object(Symfony/Component/Console/Input/ArgvInput), Object(Symfony/Component/Console/Output/ConsoleOutput))
#11 E:/12 RPL/yearbook-class/artisan(16): Illuminate/Foundation/Application->handleCommand(Object(Symfony/Component/Console/Input/ArgvInput))
#12 {main}
"} 
[2026-01-29 11:19:56] local.ERROR: The "--columns" option does not exist. {"exception":"[object] (Symfony\\Component\\Console\\Exception\\RuntimeException(code: 0): The \"--columns\" option does not exist. at E:/12 RPL/yearbook-class/vendor/symfony/console/Input/ArgvInput.php:226)
[stacktrace]
#0 E:/12 RPL/yearbook-class/vendor/symfony/console/Input/ArgvInput.php(153): Symfony/Component/Console/Input/ArgvInput->addLongOption('columns', 'uri,name,action...')
#1 E:/12 RPL/yearbook-class/vendor/symfony/console/Input/ArgvInput.php(88): Symfony/Component/Console/Input/ArgvInput->parseLongOption('--columns=uri,n...')
#2 E:/12 RPL/yearbook-class/vendor/symfony/console/Input/ArgvInput.php(77): Symfony/Component/Console/Input/ArgvInput->parseToken('--columns=uri,n...', true)
#3 E:/12 RPL/yearbook-class/vendor/symfony/console/Input/Input.php(53): Symfony/Component/Console/Input/ArgvInput->parse()
#4 E:/12 RPL/yearbook-class/vendor/symfony/console/Command/Command.php(295): Symfony/Component/Console/Input/Input->bind(Object(Symfony/Component/Console/Input/InputDefinition))
#5 E:/12 RPL/yearbook-class/vendor/laravel/framework/src/Illuminate/Console/Command.php(180): Symfony/Component/Console/Command/Command->run(Object(Symfony/Component/Console/Input/ArgvInput), Object(Illuminate/Console/OutputStyle))
#6 E:/12 RPL/yearbook-class/vendor/symfony/console/Application.php(1102): Illuminate/Console/Command->run(Object(Symfony/Component/Console/Input/ArgvInput), Object(Symfony/Component/Console/Output/ConsoleOutput))
#7 E:/12 RPL/yearbook-class/vendor/symfony/console/Application.php(356): Symfony/Component/Console/Application->doRunCommand(Object(Illuminate/Foundation/Console/RouteListCommand), Object(Symfony/Component/Console/Input/ArgvInput), Object(Symfony/Component/Console/Output/ConsoleOutput))
#8 E:/12 RPL/yearbook-class/vendor/symfony/console/Application.php(195): Symfony/Component/Console/Application->doRun(Object(Symfony/Component/Console/Input/ArgvInput), Object(Symfony/Component/Console/Output/ConsoleOutput))
#9 E:/12 RPL/yearbook-class/vendor/laravel/framework/src/Illuminate/Foundation/Console/Kernel.php(198): Symfony/Component/Console/Application->run(Object(Symfony/Component/Console/Input/ArgvInput), Object(Symfony/Component/Console/Output/ConsoleOutput))
#10 E:/12 RPL/yearbook-class/vendor/laravel/framework/src/Illuminate/Foundation/Application.php(1235): Illuminate/Foundation/Console/Kernel->handle(Object(Symfony/Component/Console/Input/ArgvInput), Object(Symfony/Component/Console/Output/ConsoleOutput))
#11 E:/12 RPL/yearbook-class/artisan(16): Illuminate/Foundation/Application->handleCommand(Object(Symfony/Component/Console/Input/ArgvInput))
#12 {main}
"} 
[2026-01-29 12:15:37] local.ERROR: The [pcntl] extension is required to run Pail. {"exception":"[object] (RuntimeException(code: 0): The [pcntl] extension is required to run Pail. at E:/12 RPL/yearbook-class/vendor/laravel/pail/src/Guards/EnsurePcntlIsAvailable.php:15)
[stacktrace]
#0 E:/12 RPL/yearbook-class/vendor/laravel/pail/src/Console/Commands/PailCommand.php(46): Laravel/Pail/Guards/EnsurePcntlIsAvailable::check()
#1 E:/12 RPL/yearbook-class/vendor/laravel/framework/src/Illuminate/Container/BoundMethod.php(36): Laravel/Pail/Console/Commands/PailCommand->handle(Object(Laravel/Pail/ProcessFactory))
#2 E:/12 RPL/yearbook-class/vendor/laravel/framework/src/Illuminate/Container/Util.php(43): Illuminate/Container/BoundMethod::Illuminate/Container/{closure}()
#3 E:/12 RPL/yearbook-class/vendor/laravel/framework/src/Illuminate/Container/BoundMethod.php(96): Illuminate/Container/Util::unwrapIfClosure(Object(Closure))
#4 E:/12 RPL/yearbook-class/vendor/laravel/framework/src/Illuminate/Container/BoundMethod.php(35): Illuminate/Container/BoundMethod::callBoundMethod(Object(Illuminate/Foundation/Application), Array, Object(Closure))
#5 E:/12 RPL/yearbook-class/vendor/laravel/framework/src/Illuminate/Container/Container.php(799): Illuminate/Container/BoundMethod::call(Object(Illuminate/Foundation/Application), Array, Array, NULL)
#6 E:/12 RPL/yearbook-class/vendor/laravel/framework/src/Illuminate/Console/Command.php(211): Illuminate/Container/Container->call(Array)
#7 E:/12 RPL/yearbook-class/vendor/symfony/console/Command/Command.php(341): Illuminate/Console/Command->execute(Object(Symfony/Component/Console/Input/ArgvInput), Object(Illuminate/Console/OutputStyle))
#8 E:/12 RPL/yearbook-class/vendor/laravel/framework/src/Illuminate/Console/Command.php(180): Symfony/Component/Console/Command/Command->run(Object(Symfony/Component/Console/Input/ArgvInput), Object(Illuminate/Console/OutputStyle))
#9 E:/12 RPL/yearbook-class/vendor/symfony/console/Application.php(1102): Illuminate/Console/Command->run(Object(Symfony/Component/Console/Input/ArgvInput), Object(Symfony/Component/Console/Output/ConsoleOutput))
#10 E:/12 RPL/yearbook-class/vendor/symfony/console/Application.php(356): Symfony/Component/Console/Application->doRunCommand(Object(Laravel/Pail/Console/Commands/PailCommand), Object(Symfony/Component/Console/Input/ArgvInput), Object(Symfony/Component/Console/Output/ConsoleOutput))
#11 E:/12 RPL/yearbook-class/vendor/symfony/console/Application.php(195): Symfony/Component/Console/Application->doRun(Object(Symfony/Component/Console/Input/ArgvInput), Object(Symfony/Component/Console/Output/ConsoleOutput))
#12 E:/12 RPL/yearbook-class/vendor/laravel/framework/src/Illuminate/Foundation/Console/Kernel.php(198): Symfony/Component/Console/Application->run(Object(Symfony/Component/Console/Input/ArgvInput), Object(Symfony/Component/Console/Output/ConsoleOutput))
#13 E:/12 RPL/yearbook-class/vendor/laravel/framework/src/Illuminate/Foundation/Application.php(1235): Illuminate/Foundation/Console/Kernel->handle(Object(Symfony/Component/Console/Input/ArgvInput), Object(Symfony/Component/Console/Output/ConsoleOutput))
#14 E:/12 RPL/yearbook-class/artisan(16): Illuminate/Foundation/Application->handleCommand(Object(Symfony/Component/Console/Input/ArgvInput))
#15 {main}
"} 
[2026-01-29 12:15:38] local.ERROR: SQLSTATE[HY000] [1049] Unknown database 'laravel' (Connection: mysql, Host: 127.0.0.1, Port: 3306, Database: laravel, SQL: select * from `cache` where `key` in (laravel_cache_illuminate:queue:paused:database:default)) {"exception":"[object] (Illuminate\\Database\\QueryException(code: 1049): SQLSTATE[HY000] [1049] Unknown database 'laravel' (Connection: mysql, Host: 127.0.0.1, Port: 3306, Database: laravel, SQL: select * from `cache` where `key` in (laravel_cache_illuminate:queue:paused:database:default)) at E:/12 RPL/yearbook-class/vendor/laravel/framework/src/Illuminate/Database/Connection.php:838)
[stacktrace]
#0 E:/12 RPL/yearbook-class/vendor/laravel/framework/src/Illuminate/Database/Connection.php(794): Illuminate/Database/Connection->runQueryCallback('select * from `...', Array, Object(Closure))
#1 E:/12 RPL/yearbook-class/vendor/laravel/framework/src/Illuminate/Database/Connection.php(411): Illuminate/Database/Connection->run('select * from `...', Array, Object(Closure))
#2 E:/12 RPL/yearbook-class/vendor/laravel/framework/src/Illuminate/Database/Query/Builder.php(3389): Illuminate/Database/Connection->select('select * from `...', Array, true)
#3 E:/12 RPL/yearbook-class/vendor/laravel/framework/src/Illuminate/Database/Query/Builder.php(3374): Illuminate/Database/Query/Builder->runSelect()
#4 E:/12 RPL/yearbook-class/vendor/laravel/framework/src/Illuminate/Database/Query/Builder.php(3964): Illuminate/Database/Query/Builder->Illuminate/Database/Query/{closure}()
#5 E:/12 RPL/yearbook-class/vendor/laravel/framework/src/Illuminate/Database/Query/Builder.php(3373): Illuminate/Database/Query/Builder->onceWithColumns(Array, Object(Closure))
#6 E:/12 RPL/yearbook-class/vendor/laravel/framework/src/Illuminate/Cache/DatabaseStore.php(130): Illuminate/Database/Query/Builder->get()
#7 E:/12 RPL/yearbook-class/vendor/laravel/framework/src/Illuminate/Cache/DatabaseStore.php(105): Illuminate/Cache/DatabaseStore->many(Array)
#8 E:/12 RPL/yearbook-class/vendor/laravel/framework/src/Illuminate/Cache/Repository.php(122): Illuminate/Cache/DatabaseStore->get('illuminate:queu...')
#9 E:/12 RPL/yearbook-class/vendor/laravel/framework/src/Illuminate/Queue/QueueManager.php(266): Illuminate/Cache/Repository->get('illuminate:queu...', false)
#10 E:/12 RPL/yearbook-class/vendor/laravel/framework/src/Illuminate/Queue/Worker.php(421): Illuminate/Queue/QueueManager->isPaused('database', 'default')
#11 E:/12 RPL/yearbook-class/vendor/laravel/framework/src/Illuminate/Queue/Worker.php(389): Illuminate/Queue/Worker->queuePaused('database', 'default')
#12 E:/12 RPL/yearbook-class/vendor/laravel/framework/src/Illuminate/Queue/Worker.php(350): Illuminate/Queue/Worker->getNextJob(Object(Illuminate/Queue/DatabaseQueue), 'default')
#13 E:/12 RPL/yearbook-class/vendor/laravel/framework/src/Illuminate/Queue/Console/WorkCommand.php(148): Illuminate/Queue/Worker->runNextJob('database', 'default', Object(Illuminate/Queue/WorkerOptions))
#14 E:/12 RPL/yearbook-class/vendor/laravel/framework/src/Illuminate/Queue/Console/WorkCommand.php(131): Illuminate/Queue/Console/WorkCommand->runWorker('database', 'default')
#15 E:/12 RPL/yearbook-class/vendor/laravel/framework/src/Illuminate/Container/BoundMethod.php(36): Illuminate/Queue/Console/WorkCommand->handle()
#16 E:/12 RPL/yearbook-class/vendor/laravel/framework/src/Illuminate/Container/Util.php(43): Illuminate/Container/BoundMethod::Illuminate/Container/{closure}()
#17 E:/12 RPL/yearbook-class/vendor/laravel/framework/src/Illuminate/Container/BoundMethod.php(96): Illuminate/Container/Util::unwrapIfClosure(Object(Closure))
#18 E:/12 RPL/yearbook-class/vendor/laravel/framework/src/Illuminate/Container/BoundMethod.php(35): Illuminate/Container/BoundMethod::callBoundMethod(Object(Illuminate/Foundation/Application), Array, Object(Closure))
#19 E:/12 RPL/yearbook-class/vendor/laravel/framework/src/Illuminate/Container/Container.php(799): Illuminate/Container/BoundMethod::call(Object(Illuminate/Foundation/Application), Array, Array, NULL)
#20 E:/12 RPL/yearbook-class/vendor/laravel/framework/src/Illuminate/Console/Command.php(211): Illuminate/Container/Container->call(Array)
#21 E:/12 RPL/yearbook-class/vendor/symfony/console/Command/Command.php(341): Illuminate/Console/Command->execute(Object(Symfony/Component/Console/Input/ArgvInput), Object(Illuminate/Console/OutputStyle))
#22 E:/12 RPL/yearbook-class/vendor/laravel/framework/src/Illuminate/Console/Command.php(180): Symfony/Component/Console/Command/Command->run(Object(Symfony/Component/Console/Input/ArgvInput), Object(Illuminate/Console/OutputStyle))
#23 E:/12 RPL/yearbook-class/vendor/symfony/console/Application.php(1102): Illuminate/Console/Command->run(Object(Symfony/Component/Console/Input/ArgvInput), Object(Symfony/Component/Console/Output/ConsoleOutput))
#24 E:/12 RPL/yearbook-class/vendor/symfony/console/Application.php(356): Symfony/Component/Console/Application->doRunCommand(Object(Illuminate/Queue/Console/WorkCommand), Object(Symfony/Component/Console/Input/ArgvInput), Object(Symfony/Component/Console/Output/ConsoleOutput))
#25 E:/12 RPL/yearbook-class/vendor/symfony/console/Application.php(195): Symfony/Component/Console/Application->doRun(Object(Symfony/Component/Console/Input/ArgvInput), Object(Symfony/Component/Console/Output/ConsoleOutput))
#26 E:/12 RPL/yearbook-class/vendor/laravel/framework/src/Illuminate/Foundation/Console/Kernel.php(198): Symfony/Component/Console/Application->run(Object(Symfony/Component/Console/Input/ArgvInput), Object(Symfony/Component/Console/Output/ConsoleOutput))
#27 E:/12 RPL/yearbook-class/vendor/laravel/framework/src/Illuminate/Foundation/Application.php(1235): Illuminate/Foundation/Console/Kernel->handle(Object(Symfony/Component/Console/Input/ArgvInput), Object(Symfony/Component/Console/Output/ConsoleOutput))
#28 E:/12 RPL/yearbook-class/artisan(16): Illuminate/Foundation/Application->handleCommand(Object(Symfony/Component/Console/Input/ArgvInput))
#29 {main}

[previous exception] [object] (PDOException(code: 1049): SQLSTATE[HY000] [1049] Unknown database 'laravel' at E:/12 RPL/yearbook-class/vendor/laravel/framework/src/Illuminate/Database/Connectors/Connector.php:66)
[stacktrace]
#0 E:/12 RPL/yearbook-class/vendor/laravel/framework/src/Illuminate/Database/Connectors/Connector.php(66): PDO->__construct('mysql:host=127....', 'root', Object(SensitiveParameterValue), Array)
#1 E:/12 RPL/yearbook-class/vendor/laravel/framework/src/Illuminate/Database/Connectors/Connector.php(44): Illuminate/Database/Connectors/Connector->createPdoConnection('mysql:host=127....', 'root', Object(SensitiveParameterValue), Array)
#2 E:/12 RPL/yearbook-class/vendor/laravel/framework/src/Illuminate/Database/Connectors/MySqlConnector.php(24): Illuminate/Database/Connectors/Connector->createConnection('mysql:host=127....', Array, Array)
#3 E:/12 RPL/yearbook-class/vendor/laravel/framework/src/Illuminate/Database/Connectors/ConnectionFactory.php(186): Illuminate/Database/Connectors/MySqlConnector->connect(Array)
#4 [internal function]: Illuminate/Database/Connectors/ConnectionFactory->Illuminate/Database/Connectors/{closure}()
#5 E:/12 RPL/yearbook-class/vendor/laravel/framework/src/Illuminate/Database/Connection.php(1257): call_user_func(Object(Closure))
#6 E:/12 RPL/yearbook-class/vendor/laravel/framework/src/Illuminate/Database/Connection.php(1295): Illuminate/Database/Connection->getPdo()
#7 E:/12 RPL/yearbook-class/vendor/laravel/framework/src/Illuminate/Database/Connection.php(525): Illuminate/Database/Connection->getReadPdo()
#8 E:/12 RPL/yearbook-class/vendor/laravel/framework/src/Illuminate/Database/Connection.php(420): Illuminate/Database/Connection->getPdoForSelect(true)
#9 E:/12 RPL/yearbook-class/vendor/laravel/framework/src/Illuminate/Database/Connection.php(827): Illuminate/Database/Connection->Illuminate/Database/{closure}('select * from `...', Array)
#10 E:/12 RPL/yearbook-class/vendor/laravel/framework/src/Illuminate/Database/Connection.php(794): Illuminate/Database/Connection->runQueryCallback('select * from `...', Array, Object(Closure))
#11 E:/12 RPL/yearbook-class/vendor/laravel/framework/src/Illuminate/Database/Connection.php(411): Illuminate/Database/Connection->run('select * from `...', Array, Object(Closure))
#12 E:/12 RPL/yearbook-class/vendor/laravel/framework/src/Illuminate/Database/Query/Builder.php(3389): Illuminate/Database/Connection->select('select * from `...', Array, true)
#13 E:/12 RPL/yearbook-class/vendor/laravel/framework/src/Illuminate/Database/Query/Builder.php(3374): Illuminate/Database/Query/Builder->runSelect()
#14 E:/12 RPL/yearbook-class/vendor/laravel/framework/src/Illuminate/Database/Query/Builder.php(3964): Illuminate/Database/Query/Builder->Illuminate/Database/Query/{closure}()
#15 E:/12 RPL/yearbook-class/vendor/laravel/framework/src/Illuminate/Database/Query/Builder.php(3373): Illuminate/Database/Query/Builder->onceWithColumns(Array, Object(Closure))
#16 E:/12 RPL/yearbook-class/vendor/laravel/framework/src/Illuminate/Cache/DatabaseStore.php(130): Illuminate/Database/Query/Builder->get()
#17 E:/12 RPL/yearbook-class/vendor/laravel/framework/src/Illuminate/Cache/DatabaseStore.php(105): Illuminate/Cache/DatabaseStore->many(Array)
#18 E:/12 RPL/yearbook-class/vendor/laravel/framework/src/Illuminate/Cache/Repository.php(122): Illuminate/Cache/DatabaseStore->get('illuminate:queu...')
#19 E:/12 RPL/yearbook-class/vendor/laravel/framework/src/Illuminate/Queue/QueueManager.php(266): Illuminate/Cache/Repository->get('illuminate:queu...', false)
#20 E:/12 RPL/yearbook-class/vendor/laravel/framework/src/Illuminate/Queue/Worker.php(421): Illuminate/Queue/QueueManager->isPaused('database', 'default')
#21 E:/12 RPL/yearbook-class/vendor/laravel/framework/src/Illuminate/Queue/Worker.php(389): Illuminate/Queue/Worker->queuePaused('database', 'default')
#22 E:/12 RPL/yearbook-class/vendor/laravel/framework/src/Illuminate/Queue/Worker.php(350): Illuminate/Queue/Worker->getNextJob(Object(Illuminate/Queue/DatabaseQueue), 'default')
#23 E:/12 RPL/yearbook-class/vendor/laravel/framework/src/Illuminate/Queue/Console/WorkCommand.php(148): Illuminate/Queue/Worker->runNextJob('database', 'default', Object(Illuminate/Queue/WorkerOptions))
#24 E:/12 RPL/yearbook-class/vendor/laravel/framework/src/Illuminate/Queue/Console/WorkCommand.php(131): Illuminate/Queue/Console/WorkCommand->runWorker('database', 'default')
#25 E:/12 RPL/yearbook-class/vendor/laravel/framework/src/Illuminate/Container/BoundMethod.php(36): Illuminate/Queue/Console/WorkCommand->handle()
#26 E:/12 RPL/yearbook-class/vendor/laravel/framework/src/Illuminate/Container/Util.php(43): Illuminate/Container/BoundMethod::Illuminate/Container/{closure}()
#27 E:/12 RPL/yearbook-class/vendor/laravel/framework/src/Illuminate/Container/BoundMethod.php(96): Illuminate/Container/Util::unwrapIfClosure(Object(Closure))
#28 E:/12 RPL/yearbook-class/vendor/laravel/framework/src/Illuminate/Container/BoundMethod.php(35): Illuminate/Container/BoundMethod::callBoundMethod(Object(Illuminate/Foundation/Application), Array, Object(Closure))
#29 E:/12 RPL/yearbook-class/vendor/laravel/framework/src/Illuminate/Container/Container.php(799): Illuminate/Container/BoundMethod::call(Object(Illuminate/Foundation/Application), Array, Array, NULL)
#30 E:/12 RPL/yearbook-class/vendor/laravel/framework/src/Illuminate/Console/Command.php(211): Illuminate/Container/Container->call(Array)
#31 E:/12 RPL/yearbook-class/vendor/symfony/console/Command/Command.php(341): Illuminate/Console/Command->execute(Object(Symfony/Component/Console/Input/ArgvInput), Object(Illuminate/Console/OutputStyle))
#32 E:/12 RPL/yearbook-class/vendor/laravel/framework/src/Illuminate/Console/Command.php(180): Symfony/Component/Console/Command/Command->run(Object(Symfony/Component/Console/Input/ArgvInput), Object(Illuminate/Console/OutputStyle))
#33 E:/12 RPL/yearbook-class/vendor/symfony/console/Application.php(1102): Illuminate/Console/Command->run(Object(Symfony/Component/Console/Input/ArgvInput), Object(Symfony/Component/Console/Output/ConsoleOutput))
#34 E:/12 RPL/yearbook-class/vendor/symfony/console/Application.php(356): Symfony/Component/Console/Application->doRunCommand(Object(Illuminate/Queue/Console/WorkCommand), Object(Symfony/Component/Console/Input/ArgvInput), Object(Symfony/Component/Console/Output/ConsoleOutput))
#35 E:/12 RPL/yearbook-class/vendor/symfony/console/Application.php(195): Symfony/Component/Console/Application->doRun(Object(Symfony/Component/Console/Input/ArgvInput), Object(Symfony/Component/Console/Output/ConsoleOutput))
#36 E:/12 RPL/yearbook-class/vendor/laravel/framework/src/Illuminate/Foundation/Console/Kernel.php(198): Symfony/Component/Console/Application->run(Object(Symfony/Component/Console/Input/ArgvInput), Object(Symfony/Component/Console/Output/ConsoleOutput))
#37 E:/12 RPL/yearbook-class/vendor/laravel/framework/src/Illuminate/Foundation/Application.php(1235): Illuminate/Foundation/Console/Kernel->handle(Object(Symfony/Component/Console/Input/ArgvInput), Object(Symfony/Component/Console/Output/ConsoleOutput))
#38 E:/12 RPL/yearbook-class/artisan(16): Illuminate/Foundation/Application->handleCommand(Object(Symfony/Component/Console/Input/ArgvInput))
#39 {main}
"} 
[2026-01-29 12:15:43] local.ERROR: SQLSTATE[HY000] [1049] Unknown database 'laravel' (Connection: mysql, Host: 127.0.0.1, Port: 3306, Database: laravel, SQL: select * from `cache` where `key` in (laravel_cache_illuminate:queue:paused:database:default)) {"exception":"[object] (Illuminate\\Database\\QueryException(code: 1049): SQLSTATE[HY000] [1049] Unknown database 'laravel' (Connection: mysql, Host: 127.0.0.1, Port: 3306, Database: laravel, SQL: select * from `cache` where `key` in (laravel_cache_illuminate:queue:paused:database:default)) at E:/12 RPL/yearbook-class/vendor/laravel/framework/src/Illuminate/Database/Connection.php:838)
[stacktrace]
#0 E:/12 RPL/yearbook-class/vendor/laravel/framework/src/Illuminate/Database/Connection.php(794): Illuminate/Database/Connection->runQueryCallback('select * from `...', Array, Object(Closure))
#1 E:/12 RPL/yearbook-class/vendor/laravel/framework/src/Illuminate/Database/Connection.php(411): Illuminate/Database/Connection->run('select * from `...', Array, Object(Closure))
#2 E:/12 RPL/yearbook-class/vendor/laravel/framework/src/Illuminate/Database/Query/Builder.php(3389): Illuminate/Database/Connection->select('select * from `...', Array, true)
#3 E:/12 RPL/yearbook-class/vendor/laravel/framework/src/Illuminate/Database/Query/Builder.php(3374): Illuminate/Database/Query/Builder->runSelect()
#4 E:/12 RPL/yearbook-class/vendor/laravel/framework/src/Illuminate/Database/Query/Builder.php(3964): Illuminate/Database/Query/Builder->Illuminate/Database/Query/{closure}()
#5 E:/12 RPL/yearbook-class/vendor/laravel/framework/src/Illuminate/Database/Query/Builder.php(3373): Illuminate/Database/Query/Builder->onceWithColumns(Array, Object(Closure))
#6 E:/12 RPL/yearbook-class/vendor/laravel/framework/src/Illuminate/Cache/DatabaseStore.php(130): Illuminate/Database/Query/Builder->get()
#7 E:/12 RPL/yearbook-class/vendor/laravel/framework/src/Illuminate/Cache/DatabaseStore.php(105): Illuminate/Cache/DatabaseStore->many(Array)
#8 E:/12 RPL/yearbook-class/vendor/laravel/framework/src/Illuminate/Cache/Repository.php(122): Illuminate/Cache/DatabaseStore->get('illuminate:queu...')
#9 E:/12 RPL/yearbook-class/vendor/laravel/framework/src/Illuminate/Queue/QueueManager.php(266): Illuminate/Cache/Repository->get('illuminate:queu...', false)
#10 E:/12 RPL/yearbook-class/vendor/laravel/framework/src/Illuminate/Queue/Worker.php(421): Illuminate/Queue/QueueManager->isPaused('database', 'default')
#11 E:/12 RPL/yearbook-class/vendor/laravel/framework/src/Illuminate/Queue/Worker.php(389): Illuminate/Queue/Worker->queuePaused('database', 'default')
#12 E:/12 RPL/yearbook-class/vendor/laravel/framework/src/Illuminate/Queue/Worker.php(350): Illuminate/Queue/Worker->getNextJob(Object(Illuminate/Queue/DatabaseQueue), 'default')
#13 E:/12 RPL/yearbook-class/vendor/laravel/framework/src/Illuminate/Queue/Console/WorkCommand.php(148): Illuminate/Queue/Worker->runNextJob('database', 'default', Object(Illuminate/Queue/WorkerOptions))
#14 E:/12 RPL/yearbook-class/vendor/laravel/framework/src/Illuminate/Queue/Console/WorkCommand.php(131): Illuminate/Queue/Console/WorkCommand->runWorker('database', 'default')
#15 E:/12 RPL/yearbook-class/vendor/laravel/framework/src/Illuminate/Container/BoundMethod.php(36): Illuminate/Queue/Console/WorkCommand->handle()
#16 E:/12 RPL/yearbook-class/vendor/laravel/framework/src/Illuminate/Container/Util.php(43): Illuminate/Container/BoundMethod::Illuminate/Container/{closure}()
#17 E:/12 RPL/yearbook-class/vendor/laravel/framework/src/Illuminate/Container/BoundMethod.php(96): Illuminate/Container/Util::unwrapIfClosure(Object(Closure))
#18 E:/12 RPL/yearbook-class/vendor/laravel/framework/src/Illuminate/Container/BoundMethod.php(35): Illuminate/Container/BoundMethod::callBoundMethod(Object(Illuminate/Foundation/Application), Array, Object(Closure))
#19 E:/12 RPL/yearbook-class/vendor/laravel/framework/src/Illuminate/Container/Container.php(799): Illuminate/Container/BoundMethod::call(Object(Illuminate/Foundation/Application), Array, Array, NULL)
#20 E:/12 RPL/yearbook-class/vendor/laravel/framework/src/Illuminate/Console/Command.php(211): Illuminate/Container/Container->call(Array)
#21 E:/12 RPL/yearbook-class/vendor/symfony/console/Command/Command.php(341): Illuminate/Console/Command->execute(Object(Symfony/Component/Console/Input/ArgvInput), Object(Illuminate/Console/OutputStyle))
#22 E:/12 RPL/yearbook-class/vendor/laravel/framework/src/Illuminate/Console/Command.php(180): Symfony/Component/Console/Command/Command->run(Object(Symfony/Component/Console/Input/ArgvInput), Object(Illuminate/Console/OutputStyle))
#23 E:/12 RPL/yearbook-class/vendor/symfony/console/Application.php(1102): Illuminate/Console/Command->run(Object(Symfony/Component/Console/Input/ArgvInput), Object(Symfony/Component/Console/Output/ConsoleOutput))
#24 E:/12 RPL/yearbook-class/vendor/symfony/console/Application.php(356): Symfony/Component/Console/Application->doRunCommand(Object(Illuminate/Queue/Console/WorkCommand), Object(Symfony/Component/Console/Input/ArgvInput), Object(Symfony/Component/Console/Output/ConsoleOutput))
#25 E:/12 RPL/yearbook-class/vendor/symfony/console/Application.php(195): Symfony/Component/Console/Application->doRun(Object(Symfony/Component/Console/Input/ArgvInput), Object(Symfony/Component/Console/Output/ConsoleOutput))
#26 E:/12 RPL/yearbook-class/vendor/laravel/framework/src/Illuminate/Foundation/Console/Kernel.php(198): Symfony/Component/Console/Application->run(Object(Symfony/Component/Console/Input/ArgvInput), Object(Symfony/Component/Console/Output/ConsoleOutput))
#27 E:/12 RPL/yearbook-class/vendor/laravel/framework/src/Illuminate/Foundation/Application.php(1235): Illuminate/Foundation/Console/Kernel->handle(Object(Symfony/Component/Console/Input/ArgvInput), Object(Symfony/Component/Console/Output/ConsoleOutput))
#28 E:/12 RPL/yearbook-class/artisan(16): Illuminate/Foundation/Application->handleCommand(Object(Symfony/Component/Console/Input/ArgvInput))
#29 {main}

[previous exception] [object] (PDOException(code: 1049): SQLSTATE[HY000] [1049] Unknown database 'laravel' at E:/12 RPL/yearbook-class/vendor/laravel/framework/src/Illuminate/Database/Connectors/Connector.php:66)
[stacktrace]
#0 E:/12 RPL/yearbook-class/vendor/laravel/framework/src/Illuminate/Database/Connectors/Connector.php(66): PDO->__construct('mysql:host=127....', 'root', Object(SensitiveParameterValue), Array)
#1 E:/12 RPL/yearbook-class/vendor/laravel/framework/src/Illuminate/Database/Connectors/Connector.php(44): Illuminate/Database/Connectors/Connector->createPdoConnection('mysql:host=127....', 'root', Object(SensitiveParameterValue), Array)
#2 E:/12 RPL/yearbook-class/vendor/laravel/framework/src/Illuminate/Database/Connectors/MySqlConnector.php(24): Illuminate/Database/Connectors/Connector->createConnection('mysql:host=127....', Array, Array)
#3 E:/12 RPL/yearbook-class/vendor/laravel/framework/src/Illuminate/Database/Connectors/ConnectionFactory.php(186): Illuminate/Database/Connectors/MySqlConnector->connect(Array)
#4 [internal function]: Illuminate/Database/Connectors/ConnectionFactory->Illuminate/Database/Connectors/{closure}()
#5 E:/12 RPL/yearbook-class/vendor/laravel/framework/src/Illuminate/Database/Connection.php(1257): call_user_func(Object(Closure))
#6 E:/12 RPL/yearbook-class/vendor/laravel/framework/src/Illuminate/Database/Connection.php(1295): Illuminate/Database/Connection->getPdo()
#7 E:/12 RPL/yearbook-class/vendor/laravel/framework/src/Illuminate/Database/Connection.php(525): Illuminate/Database/Connection->getReadPdo()
#8 E:/12 RPL/yearbook-class/vendor/laravel/framework/src/Illuminate/Database/Connection.php(420): Illuminate/Database/Connection->getPdoForSelect(true)
#9 E:/12 RPL/yearbook-class/vendor/laravel/framework/src/Illuminate/Database/Connection.php(827): Illuminate/Database/Connection->Illuminate/Database/{closure}('select * from `...', Array)
#10 E:/12 RPL/yearbook-class/vendor/laravel/framework/src/Illuminate/Database/Connection.php(794): Illuminate/Database/Connection->runQueryCallback('select * from `...', Array, Object(Closure))
#11 E:/12 RPL/yearbook-class/vendor/laravel/framework/src/Illuminate/Database/Connection.php(411): Illuminate/Database/Connection->run('select * from `...', Array, Object(Closure))
#12 E:/12 RPL/yearbook-class/vendor/laravel/framework/src/Illuminate/Database/Query/Builder.php(3389): Illuminate/Database/Connection->select('select * from `...', Array, true)
#13 E:/12 RPL/yearbook-class/vendor/laravel/framework/src/Illuminate/Database/Query/Builder.php(3374): Illuminate/Database/Query/Builder->runSelect()
#14 E:/12 RPL/yearbook-class/vendor/laravel/framework/src/Illuminate/Database/Query/Builder.php(3964): Illuminate/Database/Query/Builder->Illuminate/Database/Query/{closure}()
#15 E:/12 RPL/yearbook-class/vendor/laravel/framework/src/Illuminate/Database/Query/Builder.php(3373): Illuminate/Database/Query/Builder->onceWithColumns(Array, Object(Closure))
#16 E:/12 RPL/yearbook-class/vendor/laravel/framework/src/Illuminate/Cache/DatabaseStore.php(130): Illuminate/Database/Query/Builder->get()
#17 E:/12 RPL/yearbook-class/vendor/laravel/framework/src/Illuminate/Cache/DatabaseStore.php(105): Illuminate/Cache/DatabaseStore->many(Array)
#18 E:/12 RPL/yearbook-class/vendor/laravel/framework/src/Illuminate/Cache/Repository.php(122): Illuminate/Cache/DatabaseStore->get('illuminate:queu...')
#19 E:/12 RPL/yearbook-class/vendor/laravel/framework/src/Illuminate/Queue/QueueManager.php(266): Illuminate/Cache/Repository->get('illuminate:queu...', false)
#20 E:/12 RPL/yearbook-class/vendor/laravel/framework/src/Illuminate/Queue/Worker.php(421): Illuminate/Queue/QueueManager->isPaused('database', 'default')
#21 E:/12 RPL/yearbook-class/vendor/laravel/framework/src/Illuminate/Queue/Worker.php(389): Illuminate/Queue/Worker->queuePaused('database', 'default')
#22 E:/12 RPL/yearbook-class/vendor/laravel/framework/src/Illuminate/Queue/Worker.php(350): Illuminate/Queue/Worker->getNextJob(Object(Illuminate/Queue/DatabaseQueue), 'default')
#23 E:/12 RPL/yearbook-class/vendor/laravel/framework/src/Illuminate/Queue/Console/WorkCommand.php(148): Illuminate/Queue/Worker->runNextJob('database', 'default', Object(Illuminate/Queue/WorkerOptions))
#24 E:/12 RPL/yearbook-class/vendor/laravel/framework/src/Illuminate/Queue/Console/WorkCommand.php(131): Illuminate/Queue/Console/WorkCommand->runWorker('database', 'default')
#25 E:/12 RPL/yearbook-class/vendor/laravel/framework/src/Illuminate/Container/BoundMethod.php(36): Illuminate/Queue/Console/WorkCommand->handle()
#26 E:/12 RPL/yearbook-class/vendor/laravel/framework/src/Illuminate/Container/Util.php(43): Illuminate/Container/BoundMethod::Illuminate/Container/{closure}()
#27 E:/12 RPL/yearbook-class/vendor/laravel/framework/src/Illuminate/Container/BoundMethod.php(96): Illuminate/Container/Util::unwrapIfClosure(Object(Closure))
#28 E:/12 RPL/yearbook-class/vendor/laravel/framework/src/Illuminate/Container/BoundMethod.php(35): Illuminate/Container/BoundMethod::callBoundMethod(Object(Illuminate/Foundation/Application), Array, Object(Closure))
#29 E:/12 RPL/yearbook-class/vendor/laravel/framework/src/Illuminate/Container/Container.php(799): Illuminate/Container/BoundMethod::call(Object(Illuminate/Foundation/Application), Array, Array, NULL)
#30 E:/12 RPL/yearbook-class/vendor/laravel/framework/src/Illuminate/Console/Command.php(211): Illuminate/Container/Container->call(Array)
#31 E:/12 RPL/yearbook-class/vendor/symfony/console/Command/Command.php(341): Illuminate/Console/Command->execute(Object(Symfony/Component/Console/Input/ArgvInput), Object(Illuminate/Console/OutputStyle))
#32 E:/12 RPL/yearbook-class/vendor/laravel/framework/src/Illuminate/Console/Command.php(180): Symfony/Component/Console/Command/Command->run(Object(Symfony/Component/Console/Input/ArgvInput), Object(Illuminate/Console/OutputStyle))
#33 E:/12 RPL/yearbook-class/vendor/symfony/console/Application.php(1102): Illuminate/Console/Command->run(Object(Symfony/Component/Console/Input/ArgvInput), Object(Symfony/Component/Console/Output/ConsoleOutput))
#34 E:/12 RPL/yearbook-class/vendor/symfony/console/Application.php(356): Symfony/Component/Console/Application->doRunCommand(Object(Illuminate/Queue/Console/WorkCommand), Object(Symfony/Component/Console/Input/ArgvInput), Object(Symfony/Component/Console/Output/ConsoleOutput))
#35 E:/12 RPL/yearbook-class/vendor/symfony/console/Application.php(195): Symfony/Component/Console/Application->doRun(Object(Symfony/Component/Console/Input/ArgvInput), Object(Symfony/Component/Console/Output/ConsoleOutput))
#36 E:/12 RPL/yearbook-class/vendor/laravel/framework/src/Illuminate/Foundation/Console/Kernel.php(198): Symfony/Component/Console/Application->run(Object(Symfony/Component/Console/Input/ArgvInput), Object(Symfony/Component/Console/Output/ConsoleOutput))
#37 E:/12 RPL/yearbook-class/vendor/laravel/framework/src/Illuminate/Foundation/Application.php(1235): Illuminate/Foundation/Console/Kernel->handle(Object(Symfony/Component/Console/Input/ArgvInput), Object(Symfony/Component/Console/Output/ConsoleOutput))
#38 E:/12 RPL/yearbook-class/artisan(16): Illuminate/Foundation/Application->handleCommand(Object(Symfony/Component/Console/Input/ArgvInput))
#39 {main}
"} 
[2026-01-29 12:15:48] local.ERROR: SQLSTATE[HY000] [1049] Unknown database 'laravel' (Connection: mysql, Host: 127.0.0.1, Port: 3306, Database: laravel, SQL: select * from `cache` where `key` in (laravel_cache_illuminate:queue:paused:database:default)) {"exception":"[object] (Illuminate\\Database\\QueryException(code: 1049): SQLSTATE[HY000] [1049] Unknown database 'laravel' (Connection: mysql, Host: 127.0.0.1, Port: 3306, Database: laravel, SQL: select * from `cache` where `key` in (laravel_cache_illuminate:queue:paused:database:default)) at E:/12 RPL/yearbook-class/vendor/laravel/framework/src/Illuminate/Database/Connection.php:838)
[stacktrace]
#0 E:/12 RPL/yearbook-class/vendor/laravel/framework/src/Illuminate/Database/Connection.php(794): Illuminate/Database/Connection->runQueryCallback('select * from `...', Array, Object(Closure))
#1 E:/12 RPL/yearbook-class/vendor/laravel/framework/src/Illuminate/Database/Connection.php(411): Illuminate/Database/Connection->run('select * from `...', Array, Object(Closure))
#2 E:/12 RPL/yearbook-class/vendor/laravel/framework/src/Illuminate/Database/Query/Builder.php(3389): Illuminate/Database/Connection->select('select * from `...', Array, true)
#3 E:/12 RPL/yearbook-class/vendor/laravel/framework/src/Illuminate/Database/Query/Builder.php(3374): Illuminate/Database/Query/Builder->runSelect()
#4 E:/12 RPL/yearbook-class/vendor/laravel/framework/src/Illuminate/Database/Query/Builder.php(3964): Illuminate/Database/Query/Builder->Illuminate/Database/Query/{closure}()
#5 E:/12 RPL/yearbook-class/vendor/laravel/framework/src/Illuminate/Database/Query/Builder.php(3373): Illuminate/Database/Query/Builder->onceWithColumns(Array, Object(Closure))
#6 E:/12 RPL/yearbook-class/vendor/laravel/framework/src/Illuminate/Cache/DatabaseStore.php(130): Illuminate/Database/Query/Builder->get()
#7 E:/12 RPL/yearbook-class/vendor/laravel/framework/src/Illuminate/Cache/DatabaseStore.php(105): Illuminate/Cache/DatabaseStore->many(Array)
#8 E:/12 RPL/yearbook-class/vendor/laravel/framework/src/Illuminate/Cache/Repository.php(122): Illuminate/Cache/DatabaseStore->get('illuminate:queu...')
#9 E:/12 RPL/yearbook-class/vendor/laravel/framework/src/Illuminate/Queue/QueueManager.php(266): Illuminate/Cache/Repository->get('illuminate:queu...', false)
#10 E:/12 RPL/yearbook-class/vendor/laravel/framework/src/Illuminate/Queue/Worker.php(421): Illuminate/Queue/QueueManager->isPaused('database', 'default')
#11 E:/12 RPL/yearbook-class/vendor/laravel/framework/src/Illuminate/Queue/Worker.php(389): Illuminate/Queue/Worker->queuePaused('database', 'default')
#12 E:/12 RPL/yearbook-class/vendor/laravel/framework/src/Illuminate/Queue/Worker.php(350): Illuminate/Queue/Worker->getNextJob(Object(Illuminate/Queue/DatabaseQueue), 'default')
#13 E:/12 RPL/yearbook-class/vendor/laravel/framework/src/Illuminate/Queue/Console/WorkCommand.php(148): Illuminate/Queue/Worker->runNextJob('database', 'default', Object(Illuminate/Queue/WorkerOptions))
#14 E:/12 RPL/yearbook-class/vendor/laravel/framework/src/Illuminate/Queue/Console/WorkCommand.php(131): Illuminate/Queue/Console/WorkCommand->runWorker('database', 'default')
#15 E:/12 RPL/yearbook-class/vendor/laravel/framework/src/Illuminate/Container/BoundMethod.php(36): Illuminate/Queue/Console/WorkCommand->handle()
#16 E:/12 RPL/yearbook-class/vendor/laravel/framework/src/Illuminate/Container/Util.php(43): Illuminate/Container/BoundMethod::Illuminate/Container/{closure}()
#17 E:/12 RPL/yearbook-class/vendor/laravel/framework/src/Illuminate/Container/BoundMethod.php(96): Illuminate/Container/Util::unwrapIfClosure(Object(Closure))
#18 E:/12 RPL/yearbook-class/vendor/laravel/framework/src/Illuminate/Container/BoundMethod.php(35): Illuminate/Container/BoundMethod::callBoundMethod(Object(Illuminate/Foundation/Application), Array, Object(Closure))
#19 E:/12 RPL/yearbook-class/vendor/laravel/framework/src/Illuminate/Container/Container.php(799): Illuminate/Container/BoundMethod::call(Object(Illuminate/Foundation/Application), Array, Array, NULL)
#20 E:/12 RPL/yearbook-class/vendor/laravel/framework/src/Illuminate/Console/Command.php(211): Illuminate/Container/Container->call(Array)
#21 E:/12 RPL/yearbook-class/vendor/symfony/console/Command/Command.php(341): Illuminate/Console/Command->execute(Object(Symfony/Component/Console/Input/ArgvInput), Object(Illuminate/Console/OutputStyle))
#22 E:/12 RPL/yearbook-class/vendor/laravel/framework/src/Illuminate/Console/Command.php(180): Symfony/Component/Console/Command/Command->run(Object(Symfony/Component/Console/Input/ArgvInput), Object(Illuminate/Console/OutputStyle))
#23 E:/12 RPL/yearbook-class/vendor/symfony/console/Application.php(1102): Illuminate/Console/Command->run(Object(Symfony/Component/Console/Input/ArgvInput), Object(Symfony/Component/Console/Output/ConsoleOutput))
#24 E:/12 RPL/yearbook-class/vendor/symfony/console/Application.php(356): Symfony/Component/Console/Application->doRunCommand(Object(Illuminate/Queue/Console/WorkCommand), Object(Symfony/Component/Console/Input/ArgvInput), Object(Symfony/Component/Console/Output/ConsoleOutput))
#25 E:/12 RPL/yearbook-class/vendor/symfony/console/Application.php(195): Symfony/Component/Console/Application->doRun(Object(Symfony/Component/Console/Input/ArgvInput), Object(Symfony/Component/Console/Output/ConsoleOutput))
#26 E:/12 RPL/yearbook-class/vendor/laravel/framework/src/Illuminate/Foundation/Console/Kernel.php(198): Symfony/Component/Console/Application->run(Object(Symfony/Component/Console/Input/ArgvInput), Object(Symfony/Component/Console/Output/ConsoleOutput))
#27 E:/12 RPL/yearbook-class/vendor/laravel/framework/src/Illuminate/Foundation/Application.php(1235): Illuminate/Foundation/Console/Kernel->handle(Object(Symfony/Component/Console/Input/ArgvInput), Object(Symfony/Component/Console/Output/ConsoleOutput))
#28 E:/12 RPL/yearbook-class/artisan(16): Illuminate/Foundation/Application->handleCommand(Object(Symfony/Component/Console/Input/ArgvInput))
#29 {main}

[previous exception] [object] (PDOException(code: 1049): SQLSTATE[HY000] [1049] Unknown database 'laravel' at E:/12 RPL/yearbook-class/vendor/laravel/framework/src/Illuminate/Database/Connectors/Connector.php:66)
[stacktrace]
#0 E:/12 RPL/yearbook-class/vendor/laravel/framework/src/Illuminate/Database/Connectors/Connector.php(66): PDO->__construct('mysql:host=127....', 'root', Object(SensitiveParameterValue), Array)
#1 E:/12 RPL/yearbook-class/vendor/laravel/framework/src/Illuminate/Database/Connectors/Connector.php(44): Illuminate/Database/Connectors/Connector->createPdoConnection('mysql:host=127....', 'root', Object(SensitiveParameterValue), Array)
#2 E:/12 RPL/yearbook-class/vendor/laravel/framework/src/Illuminate/Database/Connectors/MySqlConnector.php(24): Illuminate/Database/Connectors/Connector->createConnection('mysql:host=127....', Array, Array)
#3 E:/12 RPL/yearbook-class/vendor/laravel/framework/src/Illuminate/Database/Connectors/ConnectionFactory.php(186): Illuminate/Database/Connectors/MySqlConnector->connect(Array)
#4 [internal function]: Illuminate/Database/Connectors/ConnectionFactory->Illuminate/Database/Connectors/{closure}()
#5 E:/12 RPL/yearbook-class/vendor/laravel/framework/src/Illuminate/Database/Connection.php(1257): call_user_func(Object(Closure))
#6 E:/12 RPL/yearbook-class/vendor/laravel/framework/src/Illuminate/Database/Connection.php(1295): Illuminate/Database/Connection->getPdo()
#7 E:/12 RPL/yearbook-class/vendor/laravel/framework/src/Illuminate/Database/Connection.php(525): Illuminate/Database/Connection->getReadPdo()
#8 E:/12 RPL/yearbook-class/vendor/laravel/framework/src/Illuminate/Database/Connection.php(420): Illuminate/Database/Connection->getPdoForSelect(true)
#9 E:/12 RPL/yearbook-class/vendor/laravel/framework/src/Illuminate/Database/Connection.php(827): Illuminate/Database/Connection->Illuminate/Database/{closure}('select * from `...', Array)
#10 E:/12 RPL/yearbook-class/vendor/laravel/framework/src/Illuminate/Database/Connection.php(794): Illuminate/Database/Connection->runQueryCallback('select * from `...', Array, Object(Closure))
#11 E:/12 RPL/yearbook-class/vendor/laravel/framework/src/Illuminate/Database/Connection.php(411): Illuminate/Database/Connection->run('select * from `...', Array, Object(Closure))
#12 E:/12 RPL/yearbook-class/vendor/laravel/framework/src/Illuminate/Database/Query/Builder.php(3389): Illuminate/Database/Connection->select('select * from `...', Array, true)
#13 E:/12 RPL/yearbook-class/vendor/laravel/framework/src/Illuminate/Database/Query/Builder.php(3374): Illuminate/Database/Query/Builder->runSelect()
#14 E:/12 RPL/yearbook-class/vendor/laravel/framework/src/Illuminate/Database/Query/Builder.php(3964): Illuminate/Database/Query/Builder->Illuminate/Database/Query/{closure}()
#15 E:/12 RPL/yearbook-class/vendor/laravel/framework/src/Illuminate/Database/Query/Builder.php(3373): Illuminate/Database/Query/Builder->onceWithColumns(Array, Object(Closure))
#16 E:/12 RPL/yearbook-class/vendor/laravel/framework/src/Illuminate/Cache/DatabaseStore.php(130): Illuminate/Database/Query/Builder->get()
#17 E:/12 RPL/yearbook-class/vendor/laravel/framework/src/Illuminate/Cache/DatabaseStore.php(105): Illuminate/Cache/DatabaseStore->many(Array)
#18 E:/12 RPL/yearbook-class/vendor/laravel/framework/src/Illuminate/Cache/Repository.php(122): Illuminate/Cache/DatabaseStore->get('illuminate:queu...')
#19 E:/12 RPL/yearbook-class/vendor/laravel/framework/src/Illuminate/Queue/QueueManager.php(266): Illuminate/Cache/Repository->get('illuminate:queu...', false)
#20 E:/12 RPL/yearbook-class/vendor/laravel/framework/src/Illuminate/Queue/Worker.php(421): Illuminate/Queue/QueueManager->isPaused('database', 'default')
#21 E:/12 RPL/yearbook-class/vendor/laravel/framework/src/Illuminate/Queue/Worker.php(389): Illuminate/Queue/Worker->queuePaused('database', 'default')
#22 E:/12 RPL/yearbook-class/vendor/laravel/framework/src/Illuminate/Queue/Worker.php(350): Illuminate/Queue/Worker->getNextJob(Object(Illuminate/Queue/DatabaseQueue), 'default')
#23 E:/12 RPL/yearbook-class/vendor/laravel/framework/src/Illuminate/Queue/Console/WorkCommand.php(148): Illuminate/Queue/Worker->runNextJob('database', 'default', Object(Illuminate/Queue/WorkerOptions))
#24 E:/12 RPL/yearbook-class/vendor/laravel/framework/src/Illuminate/Queue/Console/WorkCommand.php(131): Illuminate/Queue/Console/WorkCommand->runWorker('database', 'default')
#25 E:/12 RPL/yearbook-class/vendor/laravel/framework/src/Illuminate/Container/BoundMethod.php(36): Illuminate/Queue/Console/WorkCommand->handle()
#26 E:/12 RPL/yearbook-class/vendor/laravel/framework/src/Illuminate/Container/Util.php(43): Illuminate/Container/BoundMethod::Illuminate/Container/{closure}()
#27 E:/12 RPL/yearbook-class/vendor/laravel/framework/src/Illuminate/Container/BoundMethod.php(96): Illuminate/Container/Util::unwrapIfClosure(Object(Closure))
#28 E:/12 RPL/yearbook-class/vendor/laravel/framework/src/Illuminate/Container/BoundMethod.php(35): Illuminate/Container/BoundMethod::callBoundMethod(Object(Illuminate/Foundation/Application), Array, Object(Closure))
#29 E:/12 RPL/yearbook-class/vendor/laravel/framework/src/Illuminate/Container/Container.php(799): Illuminate/Container/BoundMethod::call(Object(Illuminate/Foundation/Application), Array, Array, NULL)
#30 E:/12 RPL/yearbook-class/vendor/laravel/framework/src/Illuminate/Console/Command.php(211): Illuminate/Container/Container->call(Array)
#31 E:/12 RPL/yearbook-class/vendor/symfony/console/Command/Command.php(341): Illuminate/Console/Command->execute(Object(Symfony/Component/Console/Input/ArgvInput), Object(Illuminate/Console/OutputStyle))
#32 E:/12 RPL/yearbook-class/vendor/laravel/framework/src/Illuminate/Console/Command.php(180): Symfony/Component/Console/Command/Command->run(Object(Symfony/Component/Console/Input/ArgvInput), Object(Illuminate/Console/OutputStyle))
#33 E:/12 RPL/yearbook-class/vendor/symfony/console/Application.php(1102): Illuminate/Console/Command->run(Object(Symfony/Component/Console/Input/ArgvInput), Object(Symfony/Component/Console/Output/ConsoleOutput))
#34 E:/12 RPL/yearbook-class/vendor/symfony/console/Application.php(356): Symfony/Component/Console/Application->doRunCommand(Object(Illuminate/Queue/Console/WorkCommand), Object(Symfony/Component/Console/Input/ArgvInput), Object(Symfony/Component/Console/Output/ConsoleOutput))
#35 E:/12 RPL/yearbook-class/vendor/symfony/console/Application.php(195): Symfony/Component/Console/Application->doRun(Object(Symfony/Component/Console/Input/ArgvInput), Object(Symfony/Component/Console/Output/ConsoleOutput))
#36 E:/12 RPL/yearbook-class/vendor/laravel/framework/src/Illuminate/Foundation/Console/Kernel.php(198): Symfony/Component/Console/Application->run(Object(Symfony/Component/Console/Input/ArgvInput), Object(Symfony/Component/Console/Output/ConsoleOutput))
#37 E:/12 RPL/yearbook-class/vendor/laravel/framework/src/Illuminate/Foundation/Application.php(1235): Illuminate/Foundation/Console/Kernel->handle(Object(Symfony/Component/Console/Input/ArgvInput), Object(Symfony/Component/Console/Output/ConsoleOutput))
#38 E:/12 RPL/yearbook-class/artisan(16): Illuminate/Foundation/Application->handleCommand(Object(Symfony/Component/Console/Input/ArgvInput))
#39 {main}
"} 
[2026-01-29 12:15:54] local.ERROR: SQLSTATE[HY000] [1049] Unknown database 'laravel' (Connection: mysql, Host: 127.0.0.1, Port: 3306, Database: laravel, SQL: select * from `cache` where `key` in (laravel_cache_illuminate:queue:paused:database:default)) {"exception":"[object] (Illuminate\\Database\\QueryException(code: 1049): SQLSTATE[HY000] [1049] Unknown database 'laravel' (Connection: mysql, Host: 127.0.0.1, Port: 3306, Database: laravel, SQL: select * from `cache` where `key` in (laravel_cache_illuminate:queue:paused:database:default)) at E:/12 RPL/yearbook-class/vendor/laravel/framework/src/Illuminate/Database/Connection.php:838)
[stacktrace]
#0 E:/12 RPL/yearbook-class/vendor/laravel/framework/src/Illuminate/Database/Connection.php(794): Illuminate/Database/Connection->runQueryCallback('select * from `...', Array, Object(Closure))
#1 E:/12 RPL/yearbook-class/vendor/laravel/framework/src/Illuminate/Database/Connection.php(411): Illuminate/Database/Connection->run('select * from `...', Array, Object(Closure))
#2 E:/12 RPL/yearbook-class/vendor/laravel/framework/src/Illuminate/Database/Query/Builder.php(3389): Illuminate/Database/Connection->select('select * from `...', Array, true)
#3 E:/12 RPL/yearbook-class/vendor/laravel/framework/src/Illuminate/Database/Query/Builder.php(3374): Illuminate/Database/Query/Builder->runSelect()
#4 E:/12 RPL/yearbook-class/vendor/laravel/framework/src/Illuminate/Database/Query/Builder.php(3964): Illuminate/Database/Query/Builder->Illuminate/Database/Query/{closure}()
#5 E:/12 RPL/yearbook-class/vendor/laravel/framework/src/Illuminate/Database/Query/Builder.php(3373): Illuminate/Database/Query/Builder->onceWithColumns(Array, Object(Closure))
#6 E:/12 RPL/yearbook-class/vendor/laravel/framework/src/Illuminate/Cache/DatabaseStore.php(130): Illuminate/Database/Query/Builder->get()
#7 E:/12 RPL/yearbook-class/vendor/laravel/framework/src/Illuminate/Cache/DatabaseStore.php(105): Illuminate/Cache/DatabaseStore->many(Array)
#8 E:/12 RPL/yearbook-class/vendor/laravel/framework/src/Illuminate/Cache/Repository.php(122): Illuminate/Cache/DatabaseStore->get('illuminate:queu...')
#9 E:/12 RPL/yearbook-class/vendor/laravel/framework/src/Illuminate/Queue/QueueManager.php(266): Illuminate/Cache/Repository->get('illuminate:queu...', false)
#10 E:/12 RPL/yearbook-class/vendor/laravel/framework/src/Illuminate/Queue/Worker.php(421): Illuminate/Queue/QueueManager->isPaused('database', 'default')
#11 E:/12 RPL/yearbook-class/vendor/laravel/framework/src/Illuminate/Queue/Worker.php(389): Illuminate/Queue/Worker->queuePaused('database', 'default')
#12 E:/12 RPL/yearbook-class/vendor/laravel/framework/src/Illuminate/Queue/Worker.php(350): Illuminate/Queue/Worker->getNextJob(Object(Illuminate/Queue/DatabaseQueue), 'default')
#13 E:/12 RPL/yearbook-class/vendor/laravel/framework/src/Illuminate/Queue/Console/WorkCommand.php(148): Illuminate/Queue/Worker->runNextJob('database', 'default', Object(Illuminate/Queue/WorkerOptions))
#14 E:/12 RPL/yearbook-class/vendor/laravel/framework/src/Illuminate/Queue/Console/WorkCommand.php(131): Illuminate/Queue/Console/WorkCommand->runWorker('database', 'default')
#15 E:/12 RPL/yearbook-class/vendor/laravel/framework/src/Illuminate/Container/BoundMethod.php(36): Illuminate/Queue/Console/WorkCommand->handle()
#16 E:/12 RPL/yearbook-class/vendor/laravel/framework/src/Illuminate/Container/Util.php(43): Illuminate/Container/BoundMethod::Illuminate/Container/{closure}()
#17 E:/12 RPL/yearbook-class/vendor/laravel/framework/src/Illuminate/Container/BoundMethod.php(96): Illuminate/Container/Util::unwrapIfClosure(Object(Closure))
#18 E:/12 RPL/yearbook-class/vendor/laravel/framework/src/Illuminate/Container/BoundMethod.php(35): Illuminate/Container/BoundMethod::callBoundMethod(Object(Illuminate/Foundation/Application), Array, Object(Closure))
#19 E:/12 RPL/yearbook-class/vendor/laravel/framework/src/Illuminate/Container/Container.php(799): Illuminate/Container/BoundMethod::call(Object(Illuminate/Foundation/Application), Array, Array, NULL)
#20 E:/12 RPL/yearbook-class/vendor/laravel/framework/src/Illuminate/Console/Command.php(211): Illuminate/Container/Container->call(Array)
#21 E:/12 RPL/yearbook-class/vendor/symfony/console/Command/Command.php(341): Illuminate/Console/Command->execute(Object(Symfony/Component/Console/Input/ArgvInput), Object(Illuminate/Console/OutputStyle))
#22 E:/12 RPL/yearbook-class/vendor/laravel/framework/src/Illuminate/Console/Command.php(180): Symfony/Component/Console/Command/Command->run(Object(Symfony/Component/Console/Input/ArgvInput), Object(Illuminate/Console/OutputStyle))
#23 E:/12 RPL/yearbook-class/vendor/symfony/console/Application.php(1102): Illuminate/Console/Command->run(Object(Symfony/Component/Console/Input/ArgvInput), Object(Symfony/Component/Console/Output/ConsoleOutput))
#24 E:/12 RPL/yearbook-class/vendor/symfony/console/Application.php(356): Symfony/Component/Console/Application->doRunCommand(Object(Illuminate/Queue/Console/WorkCommand), Object(Symfony/Component/Console/Input/ArgvInput), Object(Symfony/Component/Console/Output/ConsoleOutput))
#25 E:/12 RPL/yearbook-class/vendor/symfony/console/Application.php(195): Symfony/Component/Console/Application->doRun(Object(Symfony/Component/Console/Input/ArgvInput), Object(Symfony/Component/Console/Output/ConsoleOutput))
#26 E:/12 RPL/yearbook-class/vendor/laravel/framework/src/Illuminate/Foundation/Console/Kernel.php(198): Symfony/Component/Console/Application->run(Object(Symfony/Component/Console/Input/ArgvInput), Object(Symfony/Component/Console/Output/ConsoleOutput))
#27 E:/12 RPL/yearbook-class/vendor/laravel/framework/src/Illuminate/Foundation/Application.php(1235): Illuminate/Foundation/Console/Kernel->handle(Object(Symfony/Component/Console/Input/ArgvInput), Object(Symfony/Component/Console/Output/ConsoleOutput))
#28 E:/12 RPL/yearbook-class/artisan(16): Illuminate/Foundation/Application->handleCommand(Object(Symfony/Component/Console/Input/ArgvInput))
#29 {main}

[previous exception] [object] (PDOException(code: 1049): SQLSTATE[HY000] [1049] Unknown database 'laravel' at E:/12 RPL/yearbook-class/vendor/laravel/framework/src/Illuminate/Database/Connectors/Connector.php:66)
[stacktrace]
#0 E:/12 RPL/yearbook-class/vendor/laravel/framework/src/Illuminate/Database/Connectors/Connector.php(66): PDO->__construct('mysql:host=127....', 'root', Object(SensitiveParameterValue), Array)
#1 E:/12 RPL/yearbook-class/vendor/laravel/framework/src/Illuminate/Database/Connectors/Connector.php(44): Illuminate/Database/Connectors/Connector->createPdoConnection('mysql:host=127....', 'root', Object(SensitiveParameterValue), Array)
#2 E:/12 RPL/yearbook-class/vendor/laravel/framework/src/Illuminate/Database/Connectors/MySqlConnector.php(24): Illuminate/Database/Connectors/Connector->createConnection('mysql:host=127....', Array, Array)
#3 E:/12 RPL/yearbook-class/vendor/laravel/framework/src/Illuminate/Database/Connectors/ConnectionFactory.php(186): Illuminate/Database/Connectors/MySqlConnector->connect(Array)
#4 [internal function]: Illuminate/Database/Connectors/ConnectionFactory->Illuminate/Database/Connectors/{closure}()
#5 E:/12 RPL/yearbook-class/vendor/laravel/framework/src/Illuminate/Database/Connection.php(1257): call_user_func(Object(Closure))
#6 E:/12 RPL/yearbook-class/vendor/laravel/framework/src/Illuminate/Database/Connection.php(1295): Illuminate/Database/Connection->getPdo()
#7 E:/12 RPL/yearbook-class/vendor/laravel/framework/src/Illuminate/Database/Connection.php(525): Illuminate/Database/Connection->getReadPdo()
#8 E:/12 RPL/yearbook-class/vendor/laravel/framework/src/Illuminate/Database/Connection.php(420): Illuminate/Database/Connection->getPdoForSelect(true)
#9 E:/12 RPL/yearbook-class/vendor/laravel/framework/src/Illuminate/Database/Connection.php(827): Illuminate/Database/Connection->Illuminate/Database/{closure}('select * from `...', Array)
#10 E:/12 RPL/yearbook-class/vendor/laravel/framework/src/Illuminate/Database/Connection.php(794): Illuminate/Database/Connection->runQueryCallback('select * from `...', Array, Object(Closure))
#11 E:/12 RPL/yearbook-class/vendor/laravel/framework/src/Illuminate/Database/Connection.php(411): Illuminate/Database/Connection->run('select * from `...', Array, Object(Closure))
#12 E:/12 RPL/yearbook-class/vendor/laravel/framework/src/Illuminate/Database/Query/Builder.php(3389): Illuminate/Database/Connection->select('select * from `...', Array, true)
#13 E:/12 RPL/yearbook-class/vendor/laravel/framework/src/Illuminate/Database/Query/Builder.php(3374): Illuminate/Database/Query/Builder->runSelect()
#14 E:/12 RPL/yearbook-class/vendor/laravel/framework/src/Illuminate/Database/Query/Builder.php(3964): Illuminate/Database/Query/Builder->Illuminate/Database/Query/{closure}()
#15 E:/12 RPL/yearbook-class/vendor/laravel/framework/src/Illuminate/Database/Query/Builder.php(3373): Illuminate/Database/Query/Builder->onceWithColumns(Array, Object(Closure))
#16 E:/12 RPL/yearbook-class/vendor/laravel/framework/src/Illuminate/Cache/DatabaseStore.php(130): Illuminate/Database/Query/Builder->get()
#17 E:/12 RPL/yearbook-class/vendor/laravel/framework/src/Illuminate/Cache/DatabaseStore.php(105): Illuminate/Cache/DatabaseStore->many(Array)
#18 E:/12 RPL/yearbook-class/vendor/laravel/framework/src/Illuminate/Cache/Repository.php(122): Illuminate/Cache/DatabaseStore->get('illuminate:queu...')
#19 E:/12 RPL/yearbook-class/vendor/laravel/framework/src/Illuminate/Queue/QueueManager.php(266): Illuminate/Cache/Repository->get('illuminate:queu...', false)
#20 E:/12 RPL/yearbook-class/vendor/laravel/framework/src/Illuminate/Queue/Worker.php(421): Illuminate/Queue/QueueManager->isPaused('database', 'default')
#21 E:/12 RPL/yearbook-class/vendor/laravel/framework/src/Illuminate/Queue/Worker.php(389): Illuminate/Queue/Worker->queuePaused('database', 'default')
#22 E:/12 RPL/yearbook-class/vendor/laravel/framework/src/Illuminate/Queue/Worker.php(350): Illuminate/Queue/Worker->getNextJob(Object(Illuminate/Queue/DatabaseQueue), 'default')
#23 E:/12 RPL/yearbook-class/vendor/laravel/framework/src/Illuminate/Queue/Console/WorkCommand.php(148): Illuminate/Queue/Worker->runNextJob('database', 'default', Object(Illuminate/Queue/WorkerOptions))
#24 E:/12 RPL/yearbook-class/vendor/laravel/framework/src/Illuminate/Queue/Console/WorkCommand.php(131): Illuminate/Queue/Console/WorkCommand->runWorker('database', 'default')
#25 E:/12 RPL/yearbook-class/vendor/laravel/framework/src/Illuminate/Container/BoundMethod.php(36): Illuminate/Queue/Console/WorkCommand->handle()
#26 E:/12 RPL/yearbook-class/vendor/laravel/framework/src/Illuminate/Container/Util.php(43): Illuminate/Container/BoundMethod::Illuminate/Container/{closure}()
#27 E:/12 RPL/yearbook-class/vendor/laravel/framework/src/Illuminate/Container/BoundMethod.php(96): Illuminate/Container/Util::unwrapIfClosure(Object(Closure))
#28 E:/12 RPL/yearbook-class/vendor/laravel/framework/src/Illuminate/Container/BoundMethod.php(35): Illuminate/Container/BoundMethod::callBoundMethod(Object(Illuminate/Foundation/Application), Array, Object(Closure))
#29 E:/12 RPL/yearbook-class/vendor/laravel/framework/src/Illuminate/Container/Container.php(799): Illuminate/Container/BoundMethod::call(Object(Illuminate/Foundation/Application), Array, Array, NULL)
#30 E:/12 RPL/yearbook-class/vendor/laravel/framework/src/Illuminate/Console/Command.php(211): Illuminate/Container/Container->call(Array)
#31 E:/12 RPL/yearbook-class/vendor/symfony/console/Command/Command.php(341): Illuminate/Console/Command->execute(Object(Symfony/Component/Console/Input/ArgvInput), Object(Illuminate/Console/OutputStyle))
#32 E:/12 RPL/yearbook-class/vendor/laravel/framework/src/Illuminate/Console/Command.php(180): Symfony/Component/Console/Command/Command->run(Object(Symfony/Component/Console/Input/ArgvInput), Object(Illuminate/Console/OutputStyle))
#33 E:/12 RPL/yearbook-class/vendor/symfony/console/Application.php(1102): Illuminate/Console/Command->run(Object(Symfony/Component/Console/Input/ArgvInput), Object(Symfony/Component/Console/Output/ConsoleOutput))
#34 E:/12 RPL/yearbook-class/vendor/symfony/console/Application.php(356): Symfony/Component/Console/Application->doRunCommand(Object(Illuminate/Queue/Console/WorkCommand), Object(Symfony/Component/Console/Input/ArgvInput), Object(Symfony/Component/Console/Output/ConsoleOutput))
#35 E:/12 RPL/yearbook-class/vendor/symfony/console/Application.php(195): Symfony/Component/Console/Application->doRun(Object(Symfony/Component/Console/Input/ArgvInput), Object(Symfony/Component/Console/Output/ConsoleOutput))
#36 E:/12 RPL/yearbook-class/vendor/laravel/framework/src/Illuminate/Foundation/Console/Kernel.php(198): Symfony/Component/Console/Application->run(Object(Symfony/Component/Console/Input/ArgvInput), Object(Symfony/Component/Console/Output/ConsoleOutput))
#37 E:/12 RPL/yearbook-class/vendor/laravel/framework/src/Illuminate/Foundation/Application.php(1235): Illuminate/Foundation/Console/Kernel->handle(Object(Symfony/Component/Console/Input/ArgvInput), Object(Symfony/Component/Console/Output/ConsoleOutput))
#38 E:/12 RPL/yearbook-class/artisan(16): Illuminate/Foundation/Application->handleCommand(Object(Symfony/Component/Console/Input/ArgvInput))
#39 {main}
"} 
[2026-01-29 12:16:00] local.ERROR: SQLSTATE[HY000] [1049] Unknown database 'laravel' (Connection: mysql, Host: 127.0.0.1, Port: 3306, Database: laravel, SQL: select * from `cache` where `key` in (laravel_cache_illuminate:queue:paused:database:default)) {"exception":"[object] (Illuminate\\Database\\QueryException(code: 1049): SQLSTATE[HY000] [1049] Unknown database 'laravel' (Connection: mysql, Host: 127.0.0.1, Port: 3306, Database: laravel, SQL: select * from `cache` where `key` in (laravel_cache_illuminate:queue:paused:database:default)) at E:/12 RPL/yearbook-class/vendor/laravel/framework/src/Illuminate/Database/Connection.php:838)
[stacktrace]
#0 E:/12 RPL/yearbook-class/vendor/laravel/framework/src/Illuminate/Database/Connection.php(794): Illuminate/Database/Connection->runQueryCallback('select * from `...', Array, Object(Closure))
#1 E:/12 RPL/yearbook-class/vendor/laravel/framework/src/Illuminate/Database/Connection.php(411): Illuminate/Database/Connection->run('select * from `...', Array, Object(Closure))
#2 E:/12 RPL/yearbook-class/vendor/laravel/framework/src/Illuminate/Database/Query/Builder.php(3389): Illuminate/Database/Connection->select('select * from `...', Array, true)
#3 E:/12 RPL/yearbook-class/vendor/laravel/framework/src/Illuminate/Database/Query/Builder.php(3374): Illuminate/Database/Query/Builder->runSelect()
#4 E:/12 RPL/yearbook-class/vendor/laravel/framework/src/Illuminate/Database/Query/Builder.php(3964): Illuminate/Database/Query/Builder->Illuminate/Database/Query/{closure}()
#5 E:/12 RPL/yearbook-class/vendor/laravel/framework/src/Illuminate/Database/Query/Builder.php(3373): Illuminate/Database/Query/Builder->onceWithColumns(Array, Object(Closure))
#6 E:/12 RPL/yearbook-class/vendor/laravel/framework/src/Illuminate/Cache/DatabaseStore.php(130): Illuminate/Database/Query/Builder->get()
#7 E:/12 RPL/yearbook-class/vendor/laravel/framework/src/Illuminate/Cache/DatabaseStore.php(105): Illuminate/Cache/DatabaseStore->many(Array)
#8 E:/12 RPL/yearbook-class/vendor/laravel/framework/src/Illuminate/Cache/Repository.php(122): Illuminate/Cache/DatabaseStore->get('illuminate:queu...')
#9 E:/12 RPL/yearbook-class/vendor/laravel/framework/src/Illuminate/Queue/QueueManager.php(266): Illuminate/Cache/Repository->get('illuminate:queu...', false)
#10 E:/12 RPL/yearbook-class/vendor/laravel/framework/src/Illuminate/Queue/Worker.php(421): Illuminate/Queue/QueueManager->isPaused('database', 'default')
#11 E:/12 RPL/yearbook-class/vendor/laravel/framework/src/Illuminate/Queue/Worker.php(389): Illuminate/Queue/Worker->queuePaused('database', 'default')
#12 E:/12 RPL/yearbook-class/vendor/laravel/framework/src/Illuminate/Queue/Worker.php(350): Illuminate/Queue/Worker->getNextJob(Object(Illuminate/Queue/DatabaseQueue), 'default')
#13 E:/12 RPL/yearbook-class/vendor/laravel/framework/src/Illuminate/Queue/Console/WorkCommand.php(148): Illuminate/Queue/Worker->runNextJob('database', 'default', Object(Illuminate/Queue/WorkerOptions))
#14 E:/12 RPL/yearbook-class/vendor/laravel/framework/src/Illuminate/Queue/Console/WorkCommand.php(131): Illuminate/Queue/Console/WorkCommand->runWorker('database', 'default')
#15 E:/12 RPL/yearbook-class/vendor/laravel/framework/src/Illuminate/Container/BoundMethod.php(36): Illuminate/Queue/Console/WorkCommand->handle()
#16 E:/12 RPL/yearbook-class/vendor/laravel/framework/src/Illuminate/Container/Util.php(43): Illuminate/Container/BoundMethod::Illuminate/Container/{closure}()
#17 E:/12 RPL/yearbook-class/vendor/laravel/framework/src/Illuminate/Container/BoundMethod.php(96): Illuminate/Container/Util::unwrapIfClosure(Object(Closure))
#18 E:/12 RPL/yearbook-class/vendor/laravel/framework/src/Illuminate/Container/BoundMethod.php(35): Illuminate/Container/BoundMethod::callBoundMethod(Object(Illuminate/Foundation/Application), Array, Object(Closure))
#19 E:/12 RPL/yearbook-class/vendor/laravel/framework/src/Illuminate/Container/Container.php(799): Illuminate/Container/BoundMethod::call(Object(Illuminate/Foundation/Application), Array, Array, NULL)
#20 E:/12 RPL/yearbook-class/vendor/laravel/framework/src/Illuminate/Console/Command.php(211): Illuminate/Container/Container->call(Array)
#21 E:/12 RPL/yearbook-class/vendor/symfony/console/Command/Command.php(341): Illuminate/Console/Command->execute(Object(Symfony/Component/Console/Input/ArgvInput), Object(Illuminate/Console/OutputStyle))
#22 E:/12 RPL/yearbook-class/vendor/laravel/framework/src/Illuminate/Console/Command.php(180): Symfony/Component/Console/Command/Command->run(Object(Symfony/Component/Console/Input/ArgvInput), Object(Illuminate/Console/OutputStyle))
#23 E:/12 RPL/yearbook-class/vendor/symfony/console/Application.php(1102): Illuminate/Console/Command->run(Object(Symfony/Component/Console/Input/ArgvInput), Object(Symfony/Component/Console/Output/ConsoleOutput))
#24 E:/12 RPL/yearbook-class/vendor/symfony/console/Application.php(356): Symfony/Component/Console/Application->doRunCommand(Object(Illuminate/Queue/Console/WorkCommand), Object(Symfony/Component/Console/Input/ArgvInput), Object(Symfony/Component/Console/Output/ConsoleOutput))
#25 E:/12 RPL/yearbook-class/vendor/symfony/console/Application.php(195): Symfony/Component/Console/Application->doRun(Object(Symfony/Component/Console/Input/ArgvInput), Object(Symfony/Component/Console/Output/ConsoleOutput))
#26 E:/12 RPL/yearbook-class/vendor/laravel/framework/src/Illuminate/Foundation/Console/Kernel.php(198): Symfony/Component/Console/Application->run(Object(Symfony/Component/Console/Input/ArgvInput), Object(Symfony/Component/Console/Output/ConsoleOutput))
#27 E:/12 RPL/yearbook-class/vendor/laravel/framework/src/Illuminate/Foundation/Application.php(1235): Illuminate/Foundation/Console/Kernel->handle(Object(Symfony/Component/Console/Input/ArgvInput), Object(Symfony/Component/Console/Output/ConsoleOutput))
#28 E:/12 RPL/yearbook-class/artisan(16): Illuminate/Foundation/Application->handleCommand(Object(Symfony/Component/Console/Input/ArgvInput))
#29 {main}

[previous exception] [object] (PDOException(code: 1049): SQLSTATE[HY000] [1049] Unknown database 'laravel' at E:/12 RPL/yearbook-class/vendor/laravel/framework/src/Illuminate/Database/Connectors/Connector.php:66)
[stacktrace]
#0 E:/12 RPL/yearbook-class/vendor/laravel/framework/src/Illuminate/Database/Connectors/Connector.php(66): PDO->__construct('mysql:host=127....', 'root', Object(SensitiveParameterValue), Array)
#1 E:/12 RPL/yearbook-class/vendor/laravel/framework/src/Illuminate/Database/Connectors/Connector.php(44): Illuminate/Database/Connectors/Connector->createPdoConnection('mysql:host=127....', 'root', Object(SensitiveParameterValue), Array)
#2 E:/12 RPL/yearbook-class/vendor/laravel/framework/src/Illuminate/Database/Connectors/MySqlConnector.php(24): Illuminate/Database/Connectors/Connector->createConnection('mysql:host=127....', Array, Array)
#3 E:/12 RPL/yearbook-class/vendor/laravel/framework/src/Illuminate/Database/Connectors/ConnectionFactory.php(186): Illuminate/Database/Connectors/MySqlConnector->connect(Array)
#4 [internal function]: Illuminate/Database/Connectors/ConnectionFactory->Illuminate/Database/Connectors/{closure}()
#5 E:/12 RPL/yearbook-class/vendor/laravel/framework/src/Illuminate/Database/Connection.php(1257): call_user_func(Object(Closure))
#6 E:/12 RPL/yearbook-class/vendor/laravel/framework/src/Illuminate/Database/Connection.php(1295): Illuminate/Database/Connection->getPdo()
#7 E:/12 RPL/yearbook-class/vendor/laravel/framework/src/Illuminate/Database/Connection.php(525): Illuminate/Database/Connection->getReadPdo()
#8 E:/12 RPL/yearbook-class/vendor/laravel/framework/src/Illuminate/Database/Connection.php(420): Illuminate/Database/Connection->getPdoForSelect(true)
#9 E:/12 RPL/yearbook-class/vendor/laravel/framework/src/Illuminate/Database/Connection.php(827): Illuminate/Database/Connection->Illuminate/Database/{closure}('select * from `...', Array)
#10 E:/12 RPL/yearbook-class/vendor/laravel/framework/src/Illuminate/Database/Connection.php(794): Illuminate/Database/Connection->runQueryCallback('select * from `...', Array, Object(Closure))
#11 E:/12 RPL/yearbook-class/vendor/laravel/framework/src/Illuminate/Database/Connection.php(411): Illuminate/Database/Connection->run('select * from `...', Array, Object(Closure))
#12 E:/12 RPL/yearbook-class/vendor/laravel/framework/src/Illuminate/Database/Query/Builder.php(3389): Illuminate/Database/Connection->select('select * from `...', Array, true)
#13 E:/12 RPL/yearbook-class/vendor/laravel/framework/src/Illuminate/Database/Query/Builder.php(3374): Illuminate/Database/Query/Builder->runSelect()
#14 E:/12 RPL/yearbook-class/vendor/laravel/framework/src/Illuminate/Database/Query/Builder.php(3964): Illuminate/Database/Query/Builder->Illuminate/Database/Query/{closure}()
#15 E:/12 RPL/yearbook-class/vendor/laravel/framework/src/Illuminate/Database/Query/Builder.php(3373): Illuminate/Database/Query/Builder->onceWithColumns(Array, Object(Closure))
#16 E:/12 RPL/yearbook-class/vendor/laravel/framework/src/Illuminate/Cache/DatabaseStore.php(130): Illuminate/Database/Query/Builder->get()
#17 E:/12 RPL/yearbook-class/vendor/laravel/framework/src/Illuminate/Cache/DatabaseStore.php(105): Illuminate/Cache/DatabaseStore->many(Array)
#18 E:/12 RPL/yearbook-class/vendor/laravel/framework/src/Illuminate/Cache/Repository.php(122): Illuminate/Cache/DatabaseStore->get('illuminate:queu...')
#19 E:/12 RPL/yearbook-class/vendor/laravel/framework/src/Illuminate/Queue/QueueManager.php(266): Illuminate/Cache/Repository->get('illuminate:queu...', false)
#20 E:/12 RPL/yearbook-class/vendor/laravel/framework/src/Illuminate/Queue/Worker.php(421): Illuminate/Queue/QueueManager->isPaused('database', 'default')
#21 E:/12 RPL/yearbook-class/vendor/laravel/framework/src/Illuminate/Queue/Worker.php(389): Illuminate/Queue/Worker->queuePaused('database', 'default')
#22 E:/12 RPL/yearbook-class/vendor/laravel/framework/src/Illuminate/Queue/Worker.php(350): Illuminate/Queue/Worker->getNextJob(Object(Illuminate/Queue/DatabaseQueue), 'default')
#23 E:/12 RPL/yearbook-class/vendor/laravel/framework/src/Illuminate/Queue/Console/WorkCommand.php(148): Illuminate/Queue/Worker->runNextJob('database', 'default', Object(Illuminate/Queue/WorkerOptions))
#24 E:/12 RPL/yearbook-class/vendor/laravel/framework/src/Illuminate/Queue/Console/WorkCommand.php(131): Illuminate/Queue/Console/WorkCommand->runWorker('database', 'default')
#25 E:/12 RPL/yearbook-class/vendor/laravel/framework/src/Illuminate/Container/BoundMethod.php(36): Illuminate/Queue/Console/WorkCommand->handle()
#26 E:/12 RPL/yearbook-class/vendor/laravel/framework/src/Illuminate/Container/Util.php(43): Illuminate/Container/BoundMethod::Illuminate/Container/{closure}()
#27 E:/12 RPL/yearbook-class/vendor/laravel/framework/src/Illuminate/Container/BoundMethod.php(96): Illuminate/Container/Util::unwrapIfClosure(Object(Closure))
#28 E:/12 RPL/yearbook-class/vendor/laravel/framework/src/Illuminate/Container/BoundMethod.php(35): Illuminate/Container/BoundMethod::callBoundMethod(Object(Illuminate/Foundation/Application), Array, Object(Closure))
#29 E:/12 RPL/yearbook-class/vendor/laravel/framework/src/Illuminate/Container/Container.php(799): Illuminate/Container/BoundMethod::call(Object(Illuminate/Foundation/Application), Array, Array, NULL)
#30 E:/12 RPL/yearbook-class/vendor/laravel/framework/src/Illuminate/Console/Command.php(211): Illuminate/Container/Container->call(Array)
#31 E:/12 RPL/yearbook-class/vendor/symfony/console/Command/Command.php(341): Illuminate/Console/Command->execute(Object(Symfony/Component/Console/Input/ArgvInput), Object(Illuminate/Console/OutputStyle))
#32 E:/12 RPL/yearbook-class/vendor/laravel/framework/src/Illuminate/Console/Command.php(180): Symfony/Component/Console/Command/Command->run(Object(Symfony/Component/Console/Input/ArgvInput), Object(Illuminate/Console/OutputStyle))
#33 E:/12 RPL/yearbook-class/vendor/symfony/console/Application.php(1102): Illuminate/Console/Command->run(Object(Symfony/Component/Console/Input/ArgvInput), Object(Symfony/Component/Console/Output/ConsoleOutput))
#34 E:/12 RPL/yearbook-class/vendor/symfony/console/Application.php(356): Symfony/Component/Console/Application->doRunCommand(Object(Illuminate/Queue/Console/WorkCommand), Object(Symfony/Component/Console/Input/ArgvInput), Object(Symfony/Component/Console/Output/ConsoleOutput))
#35 E:/12 RPL/yearbook-class/vendor/symfony/console/Application.php(195): Symfony/Component/Console/Application->doRun(Object(Symfony/Component/Console/Input/ArgvInput), Object(Symfony/Component/Console/Output/ConsoleOutput))
#36 E:/12 RPL/yearbook-class/vendor/laravel/framework/src/Illuminate/Foundation/Console/Kernel.php(198): Symfony/Component/Console/Application->run(Object(Symfony/Component/Console/Input/ArgvInput), Object(Symfony/Component/Console/Output/ConsoleOutput))
#37 E:/12 RPL/yearbook-class/vendor/laravel/framework/src/Illuminate/Foundation/Application.php(1235): Illuminate/Foundation/Console/Kernel->handle(Object(Symfony/Component/Console/Input/ArgvInput), Object(Symfony/Component/Console/Output/ConsoleOutput))
#38 E:/12 RPL/yearbook-class/artisan(16): Illuminate/Foundation/Application->handleCommand(Object(Symfony/Component/Console/Input/ArgvInput))
#39 {main}
"} 
[2026-01-29 12:16:05] local.ERROR: SQLSTATE[HY000] [1049] Unknown database 'laravel' (Connection: mysql, Host: 127.0.0.1, Port: 3306, Database: laravel, SQL: select * from `cache` where `key` in (laravel_cache_illuminate:queue:paused:database:default)) {"exception":"[object] (Illuminate\\Database\\QueryException(code: 1049): SQLSTATE[HY000] [1049] Unknown database 'laravel' (Connection: mysql, Host: 127.0.0.1, Port: 3306, Database: laravel, SQL: select * from `cache` where `key` in (laravel_cache_illuminate:queue:paused:database:default)) at E:/12 RPL/yearbook-class/vendor/laravel/framework/src/Illuminate/Database/Connection.php:838)
[stacktrace]
#0 E:/12 RPL/yearbook-class/vendor/laravel/framework/src/Illuminate/Database/Connection.php(794): Illuminate/Database/Connection->runQueryCallback('select * from `...', Array, Object(Closure))
#1 E:/12 RPL/yearbook-class/vendor/laravel/framework/src/Illuminate/Database/Connection.php(411): Illuminate/Database/Connection->run('select * from `...', Array, Object(Closure))
#2 E:/12 RPL/yearbook-class/vendor/laravel/framework/src/Illuminate/Database/Query/Builder.php(3389): Illuminate/Database/Connection->select('select * from `...', Array, true)
#3 E:/12 RPL/yearbook-class/vendor/laravel/framework/src/Illuminate/Database/Query/Builder.php(3374): Illuminate/Database/Query/Builder->runSelect()
#4 E:/12 RPL/yearbook-class/vendor/laravel/framework/src/Illuminate/Database/Query/Builder.php(3964): Illuminate/Database/Query/Builder->Illuminate/Database/Query/{closure}()
#5 E:/12 RPL/yearbook-class/vendor/laravel/framework/src/Illuminate/Database/Query/Builder.php(3373): Illuminate/Database/Query/Builder->onceWithColumns(Array, Object(Closure))
#6 E:/12 RPL/yearbook-class/vendor/laravel/framework/src/Illuminate/Cache/DatabaseStore.php(130): Illuminate/Database/Query/Builder->get()
#7 E:/12 RPL/yearbook-class/vendor/laravel/framework/src/Illuminate/Cache/DatabaseStore.php(105): Illuminate/Cache/DatabaseStore->many(Array)
#8 E:/12 RPL/yearbook-class/vendor/laravel/framework/src/Illuminate/Cache/Repository.php(122): Illuminate/Cache/DatabaseStore->get('illuminate:queu...')
#9 E:/12 RPL/yearbook-class/vendor/laravel/framework/src/Illuminate/Queue/QueueManager.php(266): Illuminate/Cache/Repository->get('illuminate:queu...', false)
#10 E:/12 RPL/yearbook-class/vendor/laravel/framework/src/Illuminate/Queue/Worker.php(421): Illuminate/Queue/QueueManager->isPaused('database', 'default')
#11 E:/12 RPL/yearbook-class/vendor/laravel/framework/src/Illuminate/Queue/Worker.php(389): Illuminate/Queue/Worker->queuePaused('database', 'default')
#12 E:/12 RPL/yearbook-class/vendor/laravel/framework/src/Illuminate/Queue/Worker.php(350): Illuminate/Queue/Worker->getNextJob(Object(Illuminate/Queue/DatabaseQueue), 'default')
#13 E:/12 RPL/yearbook-class/vendor/laravel/framework/src/Illuminate/Queue/Console/WorkCommand.php(148): Illuminate/Queue/Worker->runNextJob('database', 'default', Object(Illuminate/Queue/WorkerOptions))
#14 E:/12 RPL/yearbook-class/vendor/laravel/framework/src/Illuminate/Queue/Console/WorkCommand.php(131): Illuminate/Queue/Console/WorkCommand->runWorker('database', 'default')
#15 E:/12 RPL/yearbook-class/vendor/laravel/framework/src/Illuminate/Container/BoundMethod.php(36): Illuminate/Queue/Console/WorkCommand->handle()
#16 E:/12 RPL/yearbook-class/vendor/laravel/framework/src/Illuminate/Container/Util.php(43): Illuminate/Container/BoundMethod::Illuminate/Container/{closure}()
#17 E:/12 RPL/yearbook-class/vendor/laravel/framework/src/Illuminate/Container/BoundMethod.php(96): Illuminate/Container/Util::unwrapIfClosure(Object(Closure))
#18 E:/12 RPL/yearbook-class/vendor/laravel/framework/src/Illuminate/Container/BoundMethod.php(35): Illuminate/Container/BoundMethod::callBoundMethod(Object(Illuminate/Foundation/Application), Array, Object(Closure))
#19 E:/12 RPL/yearbook-class/vendor/laravel/framework/src/Illuminate/Container/Container.php(799): Illuminate/Container/BoundMethod::call(Object(Illuminate/Foundation/Application), Array, Array, NULL)
#20 E:/12 RPL/yearbook-class/vendor/laravel/framework/src/Illuminate/Console/Command.php(211): Illuminate/Container/Container->call(Array)
#21 E:/12 RPL/yearbook-class/vendor/symfony/console/Command/Command.php(341): Illuminate/Console/Command->execute(Object(Symfony/Component/Console/Input/ArgvInput), Object(Illuminate/Console/OutputStyle))
#22 E:/12 RPL/yearbook-class/vendor/laravel/framework/src/Illuminate/Console/Command.php(180): Symfony/Component/Console/Command/Command->run(Object(Symfony/Component/Console/Input/ArgvInput), Object(Illuminate/Console/OutputStyle))
#23 E:/12 RPL/yearbook-class/vendor/symfony/console/Application.php(1102): Illuminate/Console/Command->run(Object(Symfony/Component/Console/Input/ArgvInput), Object(Symfony/Component/Console/Output/ConsoleOutput))
#24 E:/12 RPL/yearbook-class/vendor/symfony/console/Application.php(356): Symfony/Component/Console/Application->doRunCommand(Object(Illuminate/Queue/Console/WorkCommand), Object(Symfony/Component/Console/Input/ArgvInput), Object(Symfony/Component/Console/Output/ConsoleOutput))
#25 E:/12 RPL/yearbook-class/vendor/symfony/console/Application.php(195): Symfony/Component/Console/Application->doRun(Object(Symfony/Component/Console/Input/ArgvInput), Object(Symfony/Component/Console/Output/ConsoleOutput))
#26 E:/12 RPL/yearbook-class/vendor/laravel/framework/src/Illuminate/Foundation/Console/Kernel.php(198): Symfony/Component/Console/Application->run(Object(Symfony/Component/Console/Input/ArgvInput), Object(Symfony/Component/Console/Output/ConsoleOutput))
#27 E:/12 RPL/yearbook-class/vendor/laravel/framework/src/Illuminate/Foundation/Application.php(1235): Illuminate/Foundation/Console/Kernel->handle(Object(Symfony/Component/Console/Input/ArgvInput), Object(Symfony/Component/Console/Output/ConsoleOutput))
#28 E:/12 RPL/yearbook-class/artisan(16): Illuminate/Foundation/Application->handleCommand(Object(Symfony/Component/Console/Input/ArgvInput))
#29 {main}

[previous exception] [object] (PDOException(code: 1049): SQLSTATE[HY000] [1049] Unknown database 'laravel' at E:/12 RPL/yearbook-class/vendor/laravel/framework/src/Illuminate/Database/Connectors/Connector.php:66)
[stacktrace]
#0 E:/12 RPL/yearbook-class/vendor/laravel/framework/src/Illuminate/Database/Connectors/Connector.php(66): PDO->__construct('mysql:host=127....', 'root', Object(SensitiveParameterValue), Array)
#1 E:/12 RPL/yearbook-class/vendor/laravel/framework/src/Illuminate/Database/Connectors/Connector.php(44): Illuminate/Database/Connectors/Connector->createPdoConnection('mysql:host=127....', 'root', Object(SensitiveParameterValue), Array)
#2 E:/12 RPL/yearbook-class/vendor/laravel/framework/src/Illuminate/Database/Connectors/MySqlConnector.php(24): Illuminate/Database/Connectors/Connector->createConnection('mysql:host=127....', Array, Array)
#3 E:/12 RPL/yearbook-class/vendor/laravel/framework/src/Illuminate/Database/Connectors/ConnectionFactory.php(186): Illuminate/Database/Connectors/MySqlConnector->connect(Array)
#4 [internal function]: Illuminate/Database/Connectors/ConnectionFactory->Illuminate/Database/Connectors/{closure}()
#5 E:/12 RPL/yearbook-class/vendor/laravel/framework/src/Illuminate/Database/Connection.php(1257): call_user_func(Object(Closure))
#6 E:/12 RPL/yearbook-class/vendor/laravel/framework/src/Illuminate/Database/Connection.php(1295): Illuminate/Database/Connection->getPdo()
#7 E:/12 RPL/yearbook-class/vendor/laravel/framework/src/Illuminate/Database/Connection.php(525): Illuminate/Database/Connection->getReadPdo()
#8 E:/12 RPL/yearbook-class/vendor/laravel/framework/src/Illuminate/Database/Connection.php(420): Illuminate/Database/Connection->getPdoForSelect(true)
#9 E:/12 RPL/yearbook-class/vendor/laravel/framework/src/Illuminate/Database/Connection.php(827): Illuminate/Database/Connection->Illuminate/Database/{closure}('select * from `...', Array)
#10 E:/12 RPL/yearbook-class/vendor/laravel/framework/src/Illuminate/Database/Connection.php(794): Illuminate/Database/Connection->runQueryCallback('select * from `...', Array, Object(Closure))
#11 E:/12 RPL/yearbook-class/vendor/laravel/framework/src/Illuminate/Database/Connection.php(411): Illuminate/Database/Connection->run('select * from `...', Array, Object(Closure))
#12 E:/12 RPL/yearbook-class/vendor/laravel/framework/src/Illuminate/Database/Query/Builder.php(3389): Illuminate/Database/Connection->select('select * from `...', Array, true)
#13 E:/12 RPL/yearbook-class/vendor/laravel/framework/src/Illuminate/Database/Query/Builder.php(3374): Illuminate/Database/Query/Builder->runSelect()
#14 E:/12 RPL/yearbook-class/vendor/laravel/framework/src/Illuminate/Database/Query/Builder.php(3964): Illuminate/Database/Query/Builder->Illuminate/Database/Query/{closure}()
#15 E:/12 RPL/yearbook-class/vendor/laravel/framework/src/Illuminate/Database/Query/Builder.php(3373): Illuminate/Database/Query/Builder->onceWithColumns(Array, Object(Closure))
#16 E:/12 RPL/yearbook-class/vendor/laravel/framework/src/Illuminate/Cache/DatabaseStore.php(130): Illuminate/Database/Query/Builder->get()
#17 E:/12 RPL/yearbook-class/vendor/laravel/framework/src/Illuminate/Cache/DatabaseStore.php(105): Illuminate/Cache/DatabaseStore->many(Array)
#18 E:/12 RPL/yearbook-class/vendor/laravel/framework/src/Illuminate/Cache/Repository.php(122): Illuminate/Cache/DatabaseStore->get('illuminate:queu...')
#19 E:/12 RPL/yearbook-class/vendor/laravel/framework/src/Illuminate/Queue/QueueManager.php(266): Illuminate/Cache/Repository->get('illuminate:queu...', false)
#20 E:/12 RPL/yearbook-class/vendor/laravel/framework/src/Illuminate/Queue/Worker.php(421): Illuminate/Queue/QueueManager->isPaused('database', 'default')
#21 E:/12 RPL/yearbook-class/vendor/laravel/framework/src/Illuminate/Queue/Worker.php(389): Illuminate/Queue/Worker->queuePaused('database', 'default')
#22 E:/12 RPL/yearbook-class/vendor/laravel/framework/src/Illuminate/Queue/Worker.php(350): Illuminate/Queue/Worker->getNextJob(Object(Illuminate/Queue/DatabaseQueue), 'default')
#23 E:/12 RPL/yearbook-class/vendor/laravel/framework/src/Illuminate/Queue/Console/WorkCommand.php(148): Illuminate/Queue/Worker->runNextJob('database', 'default', Object(Illuminate/Queue/WorkerOptions))
#24 E:/12 RPL/yearbook-class/vendor/laravel/framework/src/Illuminate/Queue/Console/WorkCommand.php(131): Illuminate/Queue/Console/WorkCommand->runWorker('database', 'default')
#25 E:/12 RPL/yearbook-class/vendor/laravel/framework/src/Illuminate/Container/BoundMethod.php(36): Illuminate/Queue/Console/WorkCommand->handle()
#26 E:/12 RPL/yearbook-class/vendor/laravel/framework/src/Illuminate/Container/Util.php(43): Illuminate/Container/BoundMethod::Illuminate/Container/{closure}()
#27 E:/12 RPL/yearbook-class/vendor/laravel/framework/src/Illuminate/Container/BoundMethod.php(96): Illuminate/Container/Util::unwrapIfClosure(Object(Closure))
#28 E:/12 RPL/yearbook-class/vendor/laravel/framework/src/Illuminate/Container/BoundMethod.php(35): Illuminate/Container/BoundMethod::callBoundMethod(Object(Illuminate/Foundation/Application), Array, Object(Closure))
#29 E:/12 RPL/yearbook-class/vendor/laravel/framework/src/Illuminate/Container/Container.php(799): Illuminate/Container/BoundMethod::call(Object(Illuminate/Foundation/Application), Array, Array, NULL)
#30 E:/12 RPL/yearbook-class/vendor/laravel/framework/src/Illuminate/Console/Command.php(211): Illuminate/Container/Container->call(Array)
#31 E:/12 RPL/yearbook-class/vendor/symfony/console/Command/Command.php(341): Illuminate/Console/Command->execute(Object(Symfony/Component/Console/Input/ArgvInput), Object(Illuminate/Console/OutputStyle))
#32 E:/12 RPL/yearbook-class/vendor/laravel/framework/src/Illuminate/Console/Command.php(180): Symfony/Component/Console/Command/Command->run(Object(Symfony/Component/Console/Input/ArgvInput), Object(Illuminate/Console/OutputStyle))
#33 E:/12 RPL/yearbook-class/vendor/symfony/console/Application.php(1102): Illuminate/Console/Command->run(Object(Symfony/Component/Console/Input/ArgvInput), Object(Symfony/Component/Console/Output/ConsoleOutput))
#34 E:/12 RPL/yearbook-class/vendor/symfony/console/Application.php(356): Symfony/Component/Console/Application->doRunCommand(Object(Illuminate/Queue/Console/WorkCommand), Object(Symfony/Component/Console/Input/ArgvInput), Object(Symfony/Component/Console/Output/ConsoleOutput))
#35 E:/12 RPL/yearbook-class/vendor/symfony/console/Application.php(195): Symfony/Component/Console/Application->doRun(Object(Symfony/Component/Console/Input/ArgvInput), Object(Symfony/Component/Console/Output/ConsoleOutput))
#36 E:/12 RPL/yearbook-class/vendor/laravel/framework/src/Illuminate/Foundation/Console/Kernel.php(198): Symfony/Component/Console/Application->run(Object(Symfony/Component/Console/Input/ArgvInput), Object(Symfony/Component/Console/Output/ConsoleOutput))
#37 E:/12 RPL/yearbook-class/vendor/laravel/framework/src/Illuminate/Foundation/Application.php(1235): Illuminate/Foundation/Console/Kernel->handle(Object(Symfony/Component/Console/Input/ArgvInput), Object(Symfony/Component/Console/Output/ConsoleOutput))
#38 E:/12 RPL/yearbook-class/artisan(16): Illuminate/Foundation/Application->handleCommand(Object(Symfony/Component/Console/Input/ArgvInput))
#39 {main}
"} 
[2026-01-29 12:16:10] local.ERROR: SQLSTATE[HY000] [1049] Unknown database 'laravel' (Connection: mysql, Host: 127.0.0.1, Port: 3306, Database: laravel, SQL: select * from `cache` where `key` in (laravel_cache_illuminate:queue:paused:database:default)) {"exception":"[object] (Illuminate\\Database\\QueryException(code: 1049): SQLSTATE[HY000] [1049] Unknown database 'laravel' (Connection: mysql, Host: 127.0.0.1, Port: 3306, Database: laravel, SQL: select * from `cache` where `key` in (laravel_cache_illuminate:queue:paused:database:default)) at E:/12 RPL/yearbook-class/vendor/laravel/framework/src/Illuminate/Database/Connection.php:838)
[stacktrace]
#0 E:/12 RPL/yearbook-class/vendor/laravel/framework/src/Illuminate/Database/Connection.php(794): Illuminate/Database/Connection->runQueryCallback('select * from `...', Array, Object(Closure))
#1 E:/12 RPL/yearbook-class/vendor/laravel/framework/src/Illuminate/Database/Connection.php(411): Illuminate/Database/Connection->run('select * from `...', Array, Object(Closure))
#2 E:/12 RPL/yearbook-class/vendor/laravel/framework/src/Illuminate/Database/Query/Builder.php(3389): Illuminate/Database/Connection->select('select * from `...', Array, true)
#3 E:/12 RPL/yearbook-class/vendor/laravel/framework/src/Illuminate/Database/Query/Builder.php(3374): Illuminate/Database/Query/Builder->runSelect()
#4 E:/12 RPL/yearbook-class/vendor/laravel/framework/src/Illuminate/Database/Query/Builder.php(3964): Illuminate/Database/Query/Builder->Illuminate/Database/Query/{closure}()
#5 E:/12 RPL/yearbook-class/vendor/laravel/framework/src/Illuminate/Database/Query/Builder.php(3373): Illuminate/Database/Query/Builder->onceWithColumns(Array, Object(Closure))
#6 E:/12 RPL/yearbook-class/vendor/laravel/framework/src/Illuminate/Cache/DatabaseStore.php(130): Illuminate/Database/Query/Builder->get()
#7 E:/12 RPL/yearbook-class/vendor/laravel/framework/src/Illuminate/Cache/DatabaseStore.php(105): Illuminate/Cache/DatabaseStore->many(Array)
#8 E:/12 RPL/yearbook-class/vendor/laravel/framework/src/Illuminate/Cache/Repository.php(122): Illuminate/Cache/DatabaseStore->get('illuminate:queu...')
#9 E:/12 RPL/yearbook-class/vendor/laravel/framework/src/Illuminate/Queue/QueueManager.php(266): Illuminate/Cache/Repository->get('illuminate:queu...', false)
#10 E:/12 RPL/yearbook-class/vendor/laravel/framework/src/Illuminate/Queue/Worker.php(421): Illuminate/Queue/QueueManager->isPaused('database', 'default')
#11 E:/12 RPL/yearbook-class/vendor/laravel/framework/src/Illuminate/Queue/Worker.php(389): Illuminate/Queue/Worker->queuePaused('database', 'default')
#12 E:/12 RPL/yearbook-class/vendor/laravel/framework/src/Illuminate/Queue/Worker.php(350): Illuminate/Queue/Worker->getNextJob(Object(Illuminate/Queue/DatabaseQueue), 'default')
#13 E:/12 RPL/yearbook-class/vendor/laravel/framework/src/Illuminate/Queue/Console/WorkCommand.php(148): Illuminate/Queue/Worker->runNextJob('database', 'default', Object(Illuminate/Queue/WorkerOptions))
#14 E:/12 RPL/yearbook-class/vendor/laravel/framework/src/Illuminate/Queue/Console/WorkCommand.php(131): Illuminate/Queue/Console/WorkCommand->runWorker('database', 'default')
#15 E:/12 RPL/yearbook-class/vendor/laravel/framework/src/Illuminate/Container/BoundMethod.php(36): Illuminate/Queue/Console/WorkCommand->handle()
#16 E:/12 RPL/yearbook-class/vendor/laravel/framework/src/Illuminate/Container/Util.php(43): Illuminate/Container/BoundMethod::Illuminate/Container/{closure}()
#17 E:/12 RPL/yearbook-class/vendor/laravel/framework/src/Illuminate/Container/BoundMethod.php(96): Illuminate/Container/Util::unwrapIfClosure(Object(Closure))
#18 E:/12 RPL/yearbook-class/vendor/laravel/framework/src/Illuminate/Container/BoundMethod.php(35): Illuminate/Container/BoundMethod::callBoundMethod(Object(Illuminate/Foundation/Application), Array, Object(Closure))
#19 E:/12 RPL/yearbook-class/vendor/laravel/framework/src/Illuminate/Container/Container.php(799): Illuminate/Container/BoundMethod::call(Object(Illuminate/Foundation/Application), Array, Array, NULL)
#20 E:/12 RPL/yearbook-class/vendor/laravel/framework/src/Illuminate/Console/Command.php(211): Illuminate/Container/Container->call(Array)
#21 E:/12 RPL/yearbook-class/vendor/symfony/console/Command/Command.php(341): Illuminate/Console/Command->execute(Object(Symfony/Component/Console/Input/ArgvInput), Object(Illuminate/Console/OutputStyle))
#22 E:/12 RPL/yearbook-class/vendor/laravel/framework/src/Illuminate/Console/Command.php(180): Symfony/Component/Console/Command/Command->run(Object(Symfony/Component/Console/Input/ArgvInput), Object(Illuminate/Console/OutputStyle))
#23 E:/12 RPL/yearbook-class/vendor/symfony/console/Application.php(1102): Illuminate/Console/Command->run(Object(Symfony/Component/Console/Input/ArgvInput), Object(Symfony/Component/Console/Output/ConsoleOutput))
#24 E:/12 RPL/yearbook-class/vendor/symfony/console/Application.php(356): Symfony/Component/Console/Application->doRunCommand(Object(Illuminate/Queue/Console/WorkCommand), Object(Symfony/Component/Console/Input/ArgvInput), Object(Symfony/Component/Console/Output/ConsoleOutput))
#25 E:/12 RPL/yearbook-class/vendor/symfony/console/Application.php(195): Symfony/Component/Console/Application->doRun(Object(Symfony/Component/Console/Input/ArgvInput), Object(Symfony/Component/Console/Output/ConsoleOutput))
#26 E:/12 RPL/yearbook-class/vendor/laravel/framework/src/Illuminate/Foundation/Console/Kernel.php(198): Symfony/Component/Console/Application->run(Object(Symfony/Component/Console/Input/ArgvInput), Object(Symfony/Component/Console/Output/ConsoleOutput))
#27 E:/12 RPL/yearbook-class/vendor/laravel/framework/src/Illuminate/Foundation/Application.php(1235): Illuminate/Foundation/Console/Kernel->handle(Object(Symfony/Component/Console/Input/ArgvInput), Object(Symfony/Component/Console/Output/ConsoleOutput))
#28 E:/12 RPL/yearbook-class/artisan(16): Illuminate/Foundation/Application->handleCommand(Object(Symfony/Component/Console/Input/ArgvInput))
#29 {main}

[previous exception] [object] (PDOException(code: 1049): SQLSTATE[HY000] [1049] Unknown database 'laravel' at E:/12 RPL/yearbook-class/vendor/laravel/framework/src/Illuminate/Database/Connectors/Connector.php:66)
[stacktrace]
#0 E:/12 RPL/yearbook-class/vendor/laravel/framework/src/Illuminate/Database/Connectors/Connector.php(66): PDO->__construct('mysql:host=127....', 'root', Object(SensitiveParameterValue), Array)
#1 E:/12 RPL/yearbook-class/vendor/laravel/framework/src/Illuminate/Database/Connectors/Connector.php(44): Illuminate/Database/Connectors/Connector->createPdoConnection('mysql:host=127....', 'root', Object(SensitiveParameterValue), Array)
#2 E:/12 RPL/yearbook-class/vendor/laravel/framework/src/Illuminate/Database/Connectors/MySqlConnector.php(24): Illuminate/Database/Connectors/Connector->createConnection('mysql:host=127....', Array, Array)
#3 E:/12 RPL/yearbook-class/vendor/laravel/framework/src/Illuminate/Database/Connectors/ConnectionFactory.php(186): Illuminate/Database/Connectors/MySqlConnector->connect(Array)
#4 [internal function]: Illuminate/Database/Connectors/ConnectionFactory->Illuminate/Database/Connectors/{closure}()
#5 E:/12 RPL/yearbook-class/vendor/laravel/framework/src/Illuminate/Database/Connection.php(1257): call_user_func(Object(Closure))
#6 E:/12 RPL/yearbook-class/vendor/laravel/framework/src/Illuminate/Database/Connection.php(1295): Illuminate/Database/Connection->getPdo()
#7 E:/12 RPL/yearbook-class/vendor/laravel/framework/src/Illuminate/Database/Connection.php(525): Illuminate/Database/Connection->getReadPdo()
#8 E:/12 RPL/yearbook-class/vendor/laravel/framework/src/Illuminate/Database/Connection.php(420): Illuminate/Database/Connection->getPdoForSelect(true)
#9 E:/12 RPL/yearbook-class/vendor/laravel/framework/src/Illuminate/Database/Connection.php(827): Illuminate/Database/Connection->Illuminate/Database/{closure}('select * from `...', Array)
#10 E:/12 RPL/yearbook-class/vendor/laravel/framework/src/Illuminate/Database/Connection.php(794): Illuminate/Database/Connection->runQueryCallback('select * from `...', Array, Object(Closure))
#11 E:/12 RPL/yearbook-class/vendor/laravel/framework/src/Illuminate/Database/Connection.php(411): Illuminate/Database/Connection->run('select * from `...', Array, Object(Closure))
#12 E:/12 RPL/yearbook-class/vendor/laravel/framework/src/Illuminate/Database/Query/Builder.php(3389): Illuminate/Database/Connection->select('select * from `...', Array, true)
#13 E:/12 RPL/yearbook-class/vendor/laravel/framework/src/Illuminate/Database/Query/Builder.php(3374): Illuminate/Database/Query/Builder->runSelect()
#14 E:/12 RPL/yearbook-class/vendor/laravel/framework/src/Illuminate/Database/Query/Builder.php(3964): Illuminate/Database/Query/Builder->Illuminate/Database/Query/{closure}()
#15 E:/12 RPL/yearbook-class/vendor/laravel/framework/src/Illuminate/Database/Query/Builder.php(3373): Illuminate/Database/Query/Builder->onceWithColumns(Array, Object(Closure))
#16 E:/12 RPL/yearbook-class/vendor/laravel/framework/src/Illuminate/Cache/DatabaseStore.php(130): Illuminate/Database/Query/Builder->get()
#17 E:/12 RPL/yearbook-class/vendor/laravel/framework/src/Illuminate/Cache/DatabaseStore.php(105): Illuminate/Cache/DatabaseStore->many(Array)
#18 E:/12 RPL/yearbook-class/vendor/laravel/framework/src/Illuminate/Cache/Repository.php(122): Illuminate/Cache/DatabaseStore->get('illuminate:queu...')
#19 E:/12 RPL/yearbook-class/vendor/laravel/framework/src/Illuminate/Queue/QueueManager.php(266): Illuminate/Cache/Repository->get('illuminate:queu...', false)
#20 E:/12 RPL/yearbook-class/vendor/laravel/framework/src/Illuminate/Queue/Worker.php(421): Illuminate/Queue/QueueManager->isPaused('database', 'default')
#21 E:/12 RPL/yearbook-class/vendor/laravel/framework/src/Illuminate/Queue/Worker.php(389): Illuminate/Queue/Worker->queuePaused('database', 'default')
#22 E:/12 RPL/yearbook-class/vendor/laravel/framework/src/Illuminate/Queue/Worker.php(350): Illuminate/Queue/Worker->getNextJob(Object(Illuminate/Queue/DatabaseQueue), 'default')
#23 E:/12 RPL/yearbook-class/vendor/laravel/framework/src/Illuminate/Queue/Console/WorkCommand.php(148): Illuminate/Queue/Worker->runNextJob('database', 'default', Object(Illuminate/Queue/WorkerOptions))
#24 E:/12 RPL/yearbook-class/vendor/laravel/framework/src/Illuminate/Queue/Console/WorkCommand.php(131): Illuminate/Queue/Console/WorkCommand->runWorker('database', 'default')
#25 E:/12 RPL/yearbook-class/vendor/laravel/framework/src/Illuminate/Container/BoundMethod.php(36): Illuminate/Queue/Console/WorkCommand->handle()
#26 E:/12 RPL/yearbook-class/vendor/laravel/framework/src/Illuminate/Container/Util.php(43): Illuminate/Container/BoundMethod::Illuminate/Container/{closure}()
#27 E:/12 RPL/yearbook-class/vendor/laravel/framework/src/Illuminate/Container/BoundMethod.php(96): Illuminate/Container/Util::unwrapIfClosure(Object(Closure))
#28 E:/12 RPL/yearbook-class/vendor/laravel/framework/src/Illuminate/Container/BoundMethod.php(35): Illuminate/Container/BoundMethod::callBoundMethod(Object(Illuminate/Foundation/Application), Array, Object(Closure))
#29 E:/12 RPL/yearbook-class/vendor/laravel/framework/src/Illuminate/Container/Container.php(799): Illuminate/Container/BoundMethod::call(Object(Illuminate/Foundation/Application), Array, Array, NULL)
#30 E:/12 RPL/yearbook-class/vendor/laravel/framework/src/Illuminate/Console/Command.php(211): Illuminate/Container/Container->call(Array)
#31 E:/12 RPL/yearbook-class/vendor/symfony/console/Command/Command.php(341): Illuminate/Console/Command->execute(Object(Symfony/Component/Console/Input/ArgvInput), Object(Illuminate/Console/OutputStyle))
#32 E:/12 RPL/yearbook-class/vendor/laravel/framework/src/Illuminate/Console/Command.php(180): Symfony/Component/Console/Command/Command->run(Object(Symfony/Component/Console/Input/ArgvInput), Object(Illuminate/Console/OutputStyle))
#33 E:/12 RPL/yearbook-class/vendor/symfony/console/Application.php(1102): Illuminate/Console/Command->run(Object(Symfony/Component/Console/Input/ArgvInput), Object(Symfony/Component/Console/Output/ConsoleOutput))
#34 E:/12 RPL/yearbook-class/vendor/symfony/console/Application.php(356): Symfony/Component/Console/Application->doRunCommand(Object(Illuminate/Queue/Console/WorkCommand), Object(Symfony/Component/Console/Input/ArgvInput), Object(Symfony/Component/Console/Output/ConsoleOutput))
#35 E:/12 RPL/yearbook-class/vendor/symfony/console/Application.php(195): Symfony/Component/Console/Application->doRun(Object(Symfony/Component/Console/Input/ArgvInput), Object(Symfony/Component/Console/Output/ConsoleOutput))
#36 E:/12 RPL/yearbook-class/vendor/laravel/framework/src/Illuminate/Foundation/Console/Kernel.php(198): Symfony/Component/Console/Application->run(Object(Symfony/Component/Console/Input/ArgvInput), Object(Symfony/Component/Console/Output/ConsoleOutput))
#37 E:/12 RPL/yearbook-class/vendor/laravel/framework/src/Illuminate/Foundation/Application.php(1235): Illuminate/Foundation/Console/Kernel->handle(Object(Symfony/Component/Console/Input/ArgvInput), Object(Symfony/Component/Console/Output/ConsoleOutput))
#38 E:/12 RPL/yearbook-class/artisan(16): Illuminate/Foundation/Application->handleCommand(Object(Symfony/Component/Console/Input/ArgvInput))
#39 {main}
"} 
[2026-01-29 12:16:15] local.ERROR: SQLSTATE[HY000] [1049] Unknown database 'laravel' (Connection: mysql, Host: 127.0.0.1, Port: 3306, Database: laravel, SQL: select * from `cache` where `key` in (laravel_cache_illuminate:queue:paused:database:default)) {"exception":"[object] (Illuminate\\Database\\QueryException(code: 1049): SQLSTATE[HY000] [1049] Unknown database 'laravel' (Connection: mysql, Host: 127.0.0.1, Port: 3306, Database: laravel, SQL: select * from `cache` where `key` in (laravel_cache_illuminate:queue:paused:database:default)) at E:/12 RPL/yearbook-class/vendor/laravel/framework/src/Illuminate/Database/Connection.php:838)
[stacktrace]
#0 E:/12 RPL/yearbook-class/vendor/laravel/framework/src/Illuminate/Database/Connection.php(794): Illuminate/Database/Connection->runQueryCallback('select * from `...', Array, Object(Closure))
#1 E:/12 RPL/yearbook-class/vendor/laravel/framework/src/Illuminate/Database/Connection.php(411): Illuminate/Database/Connection->run('select * from `...', Array, Object(Closure))
#2 E:/12 RPL/yearbook-class/vendor/laravel/framework/src/Illuminate/Database/Query/Builder.php(3389): Illuminate/Database/Connection->select('select * from `...', Array, true)
#3 E:/12 RPL/yearbook-class/vendor/laravel/framework/src/Illuminate/Database/Query/Builder.php(3374): Illuminate/Database/Query/Builder->runSelect()
#4 E:/12 RPL/yearbook-class/vendor/laravel/framework/src/Illuminate/Database/Query/Builder.php(3964): Illuminate/Database/Query/Builder->Illuminate/Database/Query/{closure}()
#5 E:/12 RPL/yearbook-class/vendor/laravel/framework/src/Illuminate/Database/Query/Builder.php(3373): Illuminate/Database/Query/Builder->onceWithColumns(Array, Object(Closure))
#6 E:/12 RPL/yearbook-class/vendor/laravel/framework/src/Illuminate/Cache/DatabaseStore.php(130): Illuminate/Database/Query/Builder->get()
#7 E:/12 RPL/yearbook-class/vendor/laravel/framework/src/Illuminate/Cache/DatabaseStore.php(105): Illuminate/Cache/DatabaseStore->many(Array)
#8 E:/12 RPL/yearbook-class/vendor/laravel/framework/src/Illuminate/Cache/Repository.php(122): Illuminate/Cache/DatabaseStore->get('illuminate:queu...')
#9 E:/12 RPL/yearbook-class/vendor/laravel/framework/src/Illuminate/Queue/QueueManager.php(266): Illuminate/Cache/Repository->get('illuminate:queu...', false)
#10 E:/12 RPL/yearbook-class/vendor/laravel/framework/src/Illuminate/Queue/Worker.php(421): Illuminate/Queue/QueueManager->isPaused('database', 'default')
#11 E:/12 RPL/yearbook-class/vendor/laravel/framework/src/Illuminate/Queue/Worker.php(389): Illuminate/Queue/Worker->queuePaused('database', 'default')
#12 E:/12 RPL/yearbook-class/vendor/laravel/framework/src/Illuminate/Queue/Worker.php(350): Illuminate/Queue/Worker->getNextJob(Object(Illuminate/Queue/DatabaseQueue), 'default')
#13 E:/12 RPL/yearbook-class/vendor/laravel/framework/src/Illuminate/Queue/Console/WorkCommand.php(148): Illuminate/Queue/Worker->runNextJob('database', 'default', Object(Illuminate/Queue/WorkerOptions))
#14 E:/12 RPL/yearbook-class/vendor/laravel/framework/src/Illuminate/Queue/Console/WorkCommand.php(131): Illuminate/Queue/Console/WorkCommand->runWorker('database', 'default')
#15 E:/12 RPL/yearbook-class/vendor/laravel/framework/src/Illuminate/Container/BoundMethod.php(36): Illuminate/Queue/Console/WorkCommand->handle()
#16 E:/12 RPL/yearbook-class/vendor/laravel/framework/src/Illuminate/Container/Util.php(43): Illuminate/Container/BoundMethod::Illuminate/Container/{closure}()
#17 E:/12 RPL/yearbook-class/vendor/laravel/framework/src/Illuminate/Container/BoundMethod.php(96): Illuminate/Container/Util::unwrapIfClosure(Object(Closure))
#18 E:/12 RPL/yearbook-class/vendor/laravel/framework/src/Illuminate/Container/BoundMethod.php(35): Illuminate/Container/BoundMethod::callBoundMethod(Object(Illuminate/Foundation/Application), Array, Object(Closure))
#19 E:/12 RPL/yearbook-class/vendor/laravel/framework/src/Illuminate/Container/Container.php(799): Illuminate/Container/BoundMethod::call(Object(Illuminate/Foundation/Application), Array, Array, NULL)
#20 E:/12 RPL/yearbook-class/vendor/laravel/framework/src/Illuminate/Console/Command.php(211): Illuminate/Container/Container->call(Array)
#21 E:/12 RPL/yearbook-class/vendor/symfony/console/Command/Command.php(341): Illuminate/Console/Command->execute(Object(Symfony/Component/Console/Input/ArgvInput), Object(Illuminate/Console/OutputStyle))
#22 E:/12 RPL/yearbook-class/vendor/laravel/framework/src/Illuminate/Console/Command.php(180): Symfony/Component/Console/Command/Command->run(Object(Symfony/Component/Console/Input/ArgvInput), Object(Illuminate/Console/OutputStyle))
#23 E:/12 RPL/yearbook-class/vendor/symfony/console/Application.php(1102): Illuminate/Console/Command->run(Object(Symfony/Component/Console/Input/ArgvInput), Object(Symfony/Component/Console/Output/ConsoleOutput))
#24 E:/12 RPL/yearbook-class/vendor/symfony/console/Application.php(356): Symfony/Component/Console/Application->doRunCommand(Object(Illuminate/Queue/Console/WorkCommand), Object(Symfony/Component/Console/Input/ArgvInput), Object(Symfony/Component/Console/Output/ConsoleOutput))
#25 E:/12 RPL/yearbook-class/vendor/symfony/console/Application.php(195): Symfony/Component/Console/Application->doRun(Object(Symfony/Component/Console/Input/ArgvInput), Object(Symfony/Component/Console/Output/ConsoleOutput))
#26 E:/12 RPL/yearbook-class/vendor/laravel/framework/src/Illuminate/Foundation/Console/Kernel.php(198): Symfony/Component/Console/Application->run(Object(Symfony/Component/Console/Input/ArgvInput), Object(Symfony/Component/Console/Output/ConsoleOutput))
#27 E:/12 RPL/yearbook-class/vendor/laravel/framework/src/Illuminate/Foundation/Application.php(1235): Illuminate/Foundation/Console/Kernel->handle(Object(Symfony/Component/Console/Input/ArgvInput), Object(Symfony/Component/Console/Output/ConsoleOutput))
#28 E:/12 RPL/yearbook-class/artisan(16): Illuminate/Foundation/Application->handleCommand(Object(Symfony/Component/Console/Input/ArgvInput))
#29 {main}

[previous exception] [object] (PDOException(code: 1049): SQLSTATE[HY000] [1049] Unknown database 'laravel' at E:/12 RPL/yearbook-class/vendor/laravel/framework/src/Illuminate/Database/Connectors/Connector.php:66)
[stacktrace]
#0 E:/12 RPL/yearbook-class/vendor/laravel/framework/src/Illuminate/Database/Connectors/Connector.php(66): PDO->__construct('mysql:host=127....', 'root', Object(SensitiveParameterValue), Array)
#1 E:/12 RPL/yearbook-class/vendor/laravel/framework/src/Illuminate/Database/Connectors/Connector.php(44): Illuminate/Database/Connectors/Connector->createPdoConnection('mysql:host=127....', 'root', Object(SensitiveParameterValue), Array)
#2 E:/12 RPL/yearbook-class/vendor/laravel/framework/src/Illuminate/Database/Connectors/MySqlConnector.php(24): Illuminate/Database/Connectors/Connector->createConnection('mysql:host=127....', Array, Array)
#3 E:/12 RPL/yearbook-class/vendor/laravel/framework/src/Illuminate/Database/Connectors/ConnectionFactory.php(186): Illuminate/Database/Connectors/MySqlConnector->connect(Array)
#4 [internal function]: Illuminate/Database/Connectors/ConnectionFactory->Illuminate/Database/Connectors/{closure}()
#5 E:/12 RPL/yearbook-class/vendor/laravel/framework/src/Illuminate/Database/Connection.php(1257): call_user_func(Object(Closure))
#6 E:/12 RPL/yearbook-class/vendor/laravel/framework/src/Illuminate/Database/Connection.php(1295): Illuminate/Database/Connection->getPdo()
#7 E:/12 RPL/yearbook-class/vendor/laravel/framework/src/Illuminate/Database/Connection.php(525): Illuminate/Database/Connection->getReadPdo()
#8 E:/12 RPL/yearbook-class/vendor/laravel/framework/src/Illuminate/Database/Connection.php(420): Illuminate/Database/Connection->getPdoForSelect(true)
#9 E:/12 RPL/yearbook-class/vendor/laravel/framework/src/Illuminate/Database/Connection.php(827): Illuminate/Database/Connection->Illuminate/Database/{closure}('select * from `...', Array)
#10 E:/12 RPL/yearbook-class/vendor/laravel/framework/src/Illuminate/Database/Connection.php(794): Illuminate/Database/Connection->runQueryCallback('select * from `...', Array, Object(Closure))
#11 E:/12 RPL/yearbook-class/vendor/laravel/framework/src/Illuminate/Database/Connection.php(411): Illuminate/Database/Connection->run('select * from `...', Array, Object(Closure))
#12 E:/12 RPL/yearbook-class/vendor/laravel/framework/src/Illuminate/Database/Query/Builder.php(3389): Illuminate/Database/Connection->select('select * from `...', Array, true)
#13 E:/12 RPL/yearbook-class/vendor/laravel/framework/src/Illuminate/Database/Query/Builder.php(3374): Illuminate/Database/Query/Builder->runSelect()
#14 E:/12 RPL/yearbook-class/vendor/laravel/framework/src/Illuminate/Database/Query/Builder.php(3964): Illuminate/Database/Query/Builder->Illuminate/Database/Query/{closure}()
#15 E:/12 RPL/yearbook-class/vendor/laravel/framework/src/Illuminate/Database/Query/Builder.php(3373): Illuminate/Database/Query/Builder->onceWithColumns(Array, Object(Closure))
#16 E:/12 RPL/yearbook-class/vendor/laravel/framework/src/Illuminate/Cache/DatabaseStore.php(130): Illuminate/Database/Query/Builder->get()
#17 E:/12 RPL/yearbook-class/vendor/laravel/framework/src/Illuminate/Cache/DatabaseStore.php(105): Illuminate/Cache/DatabaseStore->many(Array)
#18 E:/12 RPL/yearbook-class/vendor/laravel/framework/src/Illuminate/Cache/Repository.php(122): Illuminate/Cache/DatabaseStore->get('illuminate:queu...')
#19 E:/12 RPL/yearbook-class/vendor/laravel/framework/src/Illuminate/Queue/QueueManager.php(266): Illuminate/Cache/Repository->get('illuminate:queu...', false)
#20 E:/12 RPL/yearbook-class/vendor/laravel/framework/src/Illuminate/Queue/Worker.php(421): Illuminate/Queue/QueueManager->isPaused('database', 'default')
#21 E:/12 RPL/yearbook-class/vendor/laravel/framework/src/Illuminate/Queue/Worker.php(389): Illuminate/Queue/Worker->queuePaused('database', 'default')
#22 E:/12 RPL/yearbook-class/vendor/laravel/framework/src/Illuminate/Queue/Worker.php(350): Illuminate/Queue/Worker->getNextJob(Object(Illuminate/Queue/DatabaseQueue), 'default')
#23 E:/12 RPL/yearbook-class/vendor/laravel/framework/src/Illuminate/Queue/Console/WorkCommand.php(148): Illuminate/Queue/Worker->runNextJob('database', 'default', Object(Illuminate/Queue/WorkerOptions))
#24 E:/12 RPL/yearbook-class/vendor/laravel/framework/src/Illuminate/Queue/Console/WorkCommand.php(131): Illuminate/Queue/Console/WorkCommand->runWorker('database', 'default')
#25 E:/12 RPL/yearbook-class/vendor/laravel/framework/src/Illuminate/Container/BoundMethod.php(36): Illuminate/Queue/Console/WorkCommand->handle()
#26 E:/12 RPL/yearbook-class/vendor/laravel/framework/src/Illuminate/Container/Util.php(43): Illuminate/Container/BoundMethod::Illuminate/Container/{closure}()
#27 E:/12 RPL/yearbook-class/vendor/laravel/framework/src/Illuminate/Container/BoundMethod.php(96): Illuminate/Container/Util::unwrapIfClosure(Object(Closure))
#28 E:/12 RPL/yearbook-class/vendor/laravel/framework/src/Illuminate/Container/BoundMethod.php(35): Illuminate/Container/BoundMethod::callBoundMethod(Object(Illuminate/Foundation/Application), Array, Object(Closure))
#29 E:/12 RPL/yearbook-class/vendor/laravel/framework/src/Illuminate/Container/Container.php(799): Illuminate/Container/BoundMethod::call(Object(Illuminate/Foundation/Application), Array, Array, NULL)
#30 E:/12 RPL/yearbook-class/vendor/laravel/framework/src/Illuminate/Console/Command.php(211): Illuminate/Container/Container->call(Array)
#31 E:/12 RPL/yearbook-class/vendor/symfony/console/Command/Command.php(341): Illuminate/Console/Command->execute(Object(Symfony/Component/Console/Input/ArgvInput), Object(Illuminate/Console/OutputStyle))
#32 E:/12 RPL/yearbook-class/vendor/laravel/framework/src/Illuminate/Console/Command.php(180): Symfony/Component/Console/Command/Command->run(Object(Symfony/Component/Console/Input/ArgvInput), Object(Illuminate/Console/OutputStyle))
#33 E:/12 RPL/yearbook-class/vendor/symfony/console/Application.php(1102): Illuminate/Console/Command->run(Object(Symfony/Component/Console/Input/ArgvInput), Object(Symfony/Component/Console/Output/ConsoleOutput))
#34 E:/12 RPL/yearbook-class/vendor/symfony/console/Application.php(356): Symfony/Component/Console/Application->doRunCommand(Object(Illuminate/Queue/Console/WorkCommand), Object(Symfony/Component/Console/Input/ArgvInput), Object(Symfony/Component/Console/Output/ConsoleOutput))
#35 E:/12 RPL/yearbook-class/vendor/symfony/console/Application.php(195): Symfony/Component/Console/Application->doRun(Object(Symfony/Component/Console/Input/ArgvInput), Object(Symfony/Component/Console/Output/ConsoleOutput))
#36 E:/12 RPL/yearbook-class/vendor/laravel/framework/src/Illuminate/Foundation/Console/Kernel.php(198): Symfony/Component/Console/Application->run(Object(Symfony/Component/Console/Input/ArgvInput), Object(Symfony/Component/Console/Output/ConsoleOutput))
#37 E:/12 RPL/yearbook-class/vendor/laravel/framework/src/Illuminate/Foundation/Application.php(1235): Illuminate/Foundation/Console/Kernel->handle(Object(Symfony/Component/Console/Input/ArgvInput), Object(Symfony/Component/Console/Output/ConsoleOutput))
#38 E:/12 RPL/yearbook-class/artisan(16): Illuminate/Foundation/Application->handleCommand(Object(Symfony/Component/Console/Input/ArgvInput))
#39 {main}
"} 
[2026-01-29 12:16:16] local.ERROR: SQLSTATE[HY000] [1049] Unknown database 'laravel' (Connection: mysql, Host: 127.0.0.1, Port: 3306, Database: laravel, SQL: select * from `sessions` where `id` = IRhfYnrZM5kfvewNiSIWgpEU7UR8Ue0Y5ZBCQ8Bg limit 1) {"exception":"[object] (Illuminate\\Database\\QueryException(code: 1049): SQLSTATE[HY000] [1049] Unknown database 'laravel' (Connection: mysql, Host: 127.0.0.1, Port: 3306, Database: laravel, SQL: select * from `sessions` where `id` = IRhfYnrZM5kfvewNiSIWgpEU7UR8Ue0Y5ZBCQ8Bg limit 1) at E:/12 RPL/yearbook-class/vendor/laravel/framework/src/Illuminate/Database/Connection.php:838)
[stacktrace]
#0 E:/12 RPL/yearbook-class/vendor/laravel/framework/src/Illuminate/Database/Connection.php(794): Illuminate/Database/Connection->runQueryCallback('select * from `...', Array, Object(Closure))
#1 E:/12 RPL/yearbook-class/vendor/laravel/framework/src/Illuminate/Database/Connection.php(411): Illuminate/Database/Connection->run('select * from `...', Array, Object(Closure))
#2 E:/12 RPL/yearbook-class/vendor/laravel/framework/src/Illuminate/Database/Query/Builder.php(3389): Illuminate/Database/Connection->select('select * from `...', Array, false)
#3 E:/12 RPL/yearbook-class/vendor/laravel/framework/src/Illuminate/Database/Query/Builder.php(3374): Illuminate/Database/Query/Builder->runSelect()
#4 E:/12 RPL/yearbook-class/vendor/laravel/framework/src/Illuminate/Database/Query/Builder.php(3964): Illuminate/Database/Query/Builder->Illuminate/Database/Query/{closure}()
#5 E:/12 RPL/yearbook-class/vendor/laravel/framework/src/Illuminate/Database/Query/Builder.php(3373): Illuminate/Database/Query/Builder->onceWithColumns(Array, Object(Closure))
#6 E:/12 RPL/yearbook-class/vendor/laravel/framework/src/Illuminate/Database/Concerns/BuildsQueries.php(366): Illuminate/Database/Query/Builder->get(Array)
#7 E:/12 RPL/yearbook-class/vendor/laravel/framework/src/Illuminate/Database/Query/Builder.php(3296): Illuminate/Database/Query/Builder->first(Array)
#8 E:/12 RPL/yearbook-class/vendor/laravel/framework/src/Illuminate/Session/DatabaseSessionHandler.php(96): Illuminate/Database/Query/Builder->find('IRhfYnrZM5kfvew...')
#9 E:/12 RPL/yearbook-class/vendor/laravel/framework/src/Illuminate/Session/Store.php(128): Illuminate/Session/DatabaseSessionHandler->read('IRhfYnrZM5kfvew...')
#10 E:/12 RPL/yearbook-class/vendor/laravel/framework/src/Illuminate/Session/Store.php(116): Illuminate/Session/Store->readFromHandler()
#11 E:/12 RPL/yearbook-class/vendor/laravel/framework/src/Illuminate/Session/Store.php(100): Illuminate/Session/Store->loadSession()
#12 E:/12 RPL/yearbook-class/vendor/laravel/framework/src/Illuminate/Session/Middleware/StartSession.php(146): Illuminate/Session/Store->start()
#13 E:/12 RPL/yearbook-class/vendor/laravel/framework/src/Illuminate/Support/helpers.php(390): Illuminate/Session/Middleware/StartSession->Illuminate/Session/Middleware/{closure}(Object(Illuminate/Session/Store))
#14 E:/12 RPL/yearbook-class/vendor/laravel/framework/src/Illuminate/Session/Middleware/StartSession.php(143): tap(Object(Illuminate/Session/Store), Object(Closure))
#15 E:/12 RPL/yearbook-class/vendor/laravel/framework/src/Illuminate/Session/Middleware/StartSession.php(115): Illuminate/Session/Middleware/StartSession->startSession(Object(Illuminate/Http/Request), Object(Illuminate/Session/Store))
#16 E:/12 RPL/yearbook-class/vendor/laravel/framework/src/Illuminate/Session/Middleware/StartSession.php(63): Illuminate/Session/Middleware/StartSession->handleStatefulRequest(Object(Illuminate/Http/Request), Object(Illuminate/Session/Store), Object(Closure))
#17 E:/12 RPL/yearbook-class/vendor/laravel/framework/src/Illuminate/Pipeline/Pipeline.php(219): Illuminate/Session/Middleware/StartSession->handle(Object(Illuminate/Http/Request), Object(Closure))
#18 E:/12 RPL/yearbook-class/vendor/laravel/framework/src/Illuminate/Cookie/Middleware/AddQueuedCookiesToResponse.php(36): Illuminate/Pipeline/Pipeline->Illuminate/Pipeline/{closure}(Object(Illuminate/Http/Request))
#19 E:/12 RPL/yearbook-class/vendor/laravel/framework/src/Illuminate/Pipeline/Pipeline.php(219): Illuminate/Cookie/Middleware/AddQueuedCookiesToResponse->handle(Object(Illuminate/Http/Request), Object(Closure))
#20 E:/12 RPL/yearbook-class/vendor/laravel/framework/src/Illuminate/Cookie/Middleware/EncryptCookies.php(74): Illuminate/Pipeline/Pipeline->Illuminate/Pipeline/{closure}(Object(Illuminate/Http/Request))
#21 E:/12 RPL/yearbook-class/vendor/laravel/framework/src/Illuminate/Pipeline/Pipeline.php(219): Illuminate/Cookie/Middleware/EncryptCookies->handle(Object(Illuminate/Http/Request), Object(Closure))
#22 E:/12 RPL/yearbook-class/vendor/laravel/framework/src/Illuminate/Pipeline/Pipeline.php(137): Illuminate/Pipeline/Pipeline->Illuminate/Pipeline/{closure}(Object(Illuminate/Http/Request))
#23 E:/12 RPL/yearbook-class/vendor/laravel/framework/src/Illuminate/Routing/Router.php(821): Illuminate/Pipeline/Pipeline->then(Object(Closure))
#24 E:/12 RPL/yearbook-class/vendor/laravel/framework/src/Illuminate/Routing/Router.php(800): Illuminate/Routing/Router->runRouteWithinStack(Object(Illuminate/Routing/Route), Object(Illuminate/Http/Request))
#25 E:/12 RPL/yearbook-class/vendor/laravel/framework/src/Illuminate/Routing/Router.php(764): Illuminate/Routing/Router->runRoute(Object(Illuminate/Http/Request), Object(Illuminate/Routing/Route))
#26 E:/12 RPL/yearbook-class/vendor/laravel/framework/src/Illuminate/Routing/Router.php(753): Illuminate/Routing/Router->dispatchToRoute(Object(Illuminate/Http/Request))
#27 E:/12 RPL/yearbook-class/vendor/laravel/framework/src/Illuminate/Foundation/Http/Kernel.php(200): Illuminate/Routing/Router->dispatch(Object(Illuminate/Http/Request))
#28 E:/12 RPL/yearbook-class/vendor/laravel/framework/src/Illuminate/Pipeline/Pipeline.php(180): Illuminate/Foundation/Http/Kernel->Illuminate/Foundation/Http/{closure}(Object(Illuminate/Http/Request))
#29 E:/12 RPL/yearbook-class/vendor/laravel/framework/src/Illuminate/Foundation/Http/Middleware/TransformsRequest.php(21): Illuminate/Pipeline/Pipeline->Illuminate/Pipeline/{closure}(Object(Illuminate/Http/Request))
#30 E:/12 RPL/yearbook-class/vendor/laravel/framework/src/Illuminate/Foundation/Http/Middleware/ConvertEmptyStringsToNull.php(31): Illuminate/Foundation/Http/Middleware/TransformsRequest->handle(Object(Illuminate/Http/Request), Object(Closure))
#31 E:/12 RPL/yearbook-class/vendor/laravel/framework/src/Illuminate/Pipeline/Pipeline.php(219): Illuminate/Foundation/Http/Middleware/ConvertEmptyStringsToNull->handle(Object(Illuminate/Http/Request), Object(Closure))
#32 E:/12 RPL/yearbook-class/vendor/laravel/framework/src/Illuminate/Foundation/Http/Middleware/TransformsRequest.php(21): Illuminate/Pipeline/Pipeline->Illuminate/Pipeline/{closure}(Object(Illuminate/Http/Request))
#33 E:/12 RPL/yearbook-class/vendor/laravel/framework/src/Illuminate/Foundation/Http/Middleware/TrimStrings.php(51): Illuminate/Foundation/Http/Middleware/TransformsRequest->handle(Object(Illuminate/Http/Request), Object(Closure))
#34 E:/12 RPL/yearbook-class/vendor/laravel/framework/src/Illuminate/Pipeline/Pipeline.php(219): Illuminate/Foundation/Http/Middleware/TrimStrings->handle(Object(Illuminate/Http/Request), Object(Closure))
#35 E:/12 RPL/yearbook-class/vendor/laravel/framework/src/Illuminate/Http/Middleware/ValidatePostSize.php(27): Illuminate/Pipeline/Pipeline->Illuminate/Pipeline/{closure}(Object(Illuminate/Http/Request))
#36 E:/12 RPL/yearbook-class/vendor/laravel/framework/src/Illuminate/Pipeline/Pipeline.php(219): Illuminate/Http/Middleware/ValidatePostSize->handle(Object(Illuminate/Http/Request), Object(Closure))
#37 E:/12 RPL/yearbook-class/vendor/laravel/framework/src/Illuminate/Foundation/Http/Middleware/PreventRequestsDuringMaintenance.php(109): Illuminate/Pipeline/Pipeline->Illuminate/Pipeline/{closure}(Object(Illuminate/Http/Request))
#38 E:/12 RPL/yearbook-class/vendor/laravel/framework/src/Illuminate/Pipeline/Pipeline.php(219): Illuminate/Foundation/Http/Middleware/PreventRequestsDuringMaintenance->handle(Object(Illuminate/Http/Request), Object(Closure))
#39 E:/12 RPL/yearbook-class/vendor/laravel/framework/src/Illuminate/Http/Middleware/HandleCors.php(61): Illuminate/Pipeline/Pipeline->Illuminate/Pipeline/{closure}(Object(Illuminate/Http/Request))
#40 E:/12 RPL/yearbook-class/vendor/laravel/framework/src/Illuminate/Pipeline/Pipeline.php(219): Illuminate/Http/Middleware/HandleCors->handle(Object(Illuminate/Http/Request), Object(Closure))
#41 E:/12 RPL/yearbook-class/vendor/laravel/framework/src/Illuminate/Http/Middleware/TrustProxies.php(58): Illuminate/Pipeline/Pipeline->Illuminate/Pipeline/{closure}(Object(Illuminate/Http/Request))
#42 E:/12 RPL/yearbook-class/vendor/laravel/framework/src/Illuminate/Pipeline/Pipeline.php(219): Illuminate/Http/Middleware/TrustProxies->handle(Object(Illuminate/Http/Request), Object(Closure))
#43 E:/12 RPL/yearbook-class/vendor/laravel/framework/src/Illuminate/Foundation/Http/Middleware/InvokeDeferredCallbacks.php(22): Illuminate/Pipeline/Pipeline->Illuminate/Pipeline/{closure}(Object(Illuminate/Http/Request))
#44 E:/12 RPL/yearbook-class/vendor/laravel/framework/src/Illuminate/Pipeline/Pipeline.php(219): Illuminate/Foundation/Http/Middleware/InvokeDeferredCallbacks->handle(Object(Illuminate/Http/Request), Object(Closure))
#45 E:/12 RPL/yearbook-class/vendor/laravel/framework/src/Illuminate/Http/Middleware/ValidatePathEncoding.php(26): Illuminate/Pipeline/Pipeline->Illuminate/Pipeline/{closure}(Object(Illuminate/Http/Request))
#46 E:/12 RPL/yearbook-class/vendor/laravel/framework/src/Illuminate/Pipeline/Pipeline.php(219): Illuminate/Http/Middleware/ValidatePathEncoding->handle(Object(Illuminate/Http/Request), Object(Closure))
#47 E:/12 RPL/yearbook-class/vendor/laravel/framework/src/Illuminate/Pipeline/Pipeline.php(137): Illuminate/Pipeline/Pipeline->Illuminate/Pipeline/{closure}(Object(Illuminate/Http/Request))
#48 E:/12 RPL/yearbook-class/vendor/laravel/framework/src/Illuminate/Foundation/Http/Kernel.php(175): Illuminate/Pipeline/Pipeline->then(Object(Closure))
#49 E:/12 RPL/yearbook-class/vendor/laravel/framework/src/Illuminate/Foundation/Http/Kernel.php(144): Illuminate/Foundation/Http/Kernel->sendRequestThroughRouter(Object(Illuminate/Http/Request))
#50 E:/12 RPL/yearbook-class/vendor/laravel/framework/src/Illuminate/Foundation/Application.php(1220): Illuminate/Foundation/Http/Kernel->handle(Object(Illuminate/Http/Request))
#51 E:/12 RPL/yearbook-class/public/index.php(20): Illuminate/Foundation/Application->handleRequest(Object(Illuminate/Http/Request))
#52 E:/12 RPL/yearbook-class/vendor/laravel/framework/src/Illuminate/Foundation/resources/server.php(23): require_once('E://12 RPL//yearb...')
#53 {main}

[previous exception] [object] (PDOException(code: 1049): SQLSTATE[HY000] [1049] Unknown database 'laravel' at E:/12 RPL/yearbook-class/vendor/laravel/framework/src/Illuminate/Database/Connectors/Connector.php:66)
[stacktrace]
#0 E:/12 RPL/yearbook-class/vendor/laravel/framework/src/Illuminate/Database/Connectors/Connector.php(66): PDO->__construct('mysql:host=127....', 'root', Object(SensitiveParameterValue), Array)
#1 E:/12 RPL/yearbook-class/vendor/laravel/framework/src/Illuminate/Database/Connectors/Connector.php(44): Illuminate/Database/Connectors/Connector->createPdoConnection('mysql:host=127....', 'root', Object(SensitiveParameterValue), Array)
#2 E:/12 RPL/yearbook-class/vendor/laravel/framework/src/Illuminate/Database/Connectors/MySqlConnector.php(24): Illuminate/Database/Connectors/Connector->createConnection('mysql:host=127....', Array, Array)
#3 E:/12 RPL/yearbook-class/vendor/laravel/framework/src/Illuminate/Database/Connectors/ConnectionFactory.php(186): Illuminate/Database/Connectors/MySqlConnector->connect(Array)
#4 [internal function]: Illuminate/Database/Connectors/ConnectionFactory->Illuminate/Database/Connectors/{closure}()
#5 E:/12 RPL/yearbook-class/vendor/laravel/framework/src/Illuminate/Database/Connection.php(1257): call_user_func(Object(Closure))
#6 E:/12 RPL/yearbook-class/vendor/laravel/framework/src/Illuminate/Database/Connection.php(525): Illuminate/Database/Connection->getPdo()
#7 E:/12 RPL/yearbook-class/vendor/laravel/framework/src/Illuminate/Database/Connection.php(420): Illuminate/Database/Connection->getPdoForSelect(false)
#8 E:/12 RPL/yearbook-class/vendor/laravel/framework/src/Illuminate/Database/Connection.php(827): Illuminate/Database/Connection->Illuminate/Database/{closure}('select * from `...', Array)
#9 E:/12 RPL/yearbook-class/vendor/laravel/framework/src/Illuminate/Database/Connection.php(794): Illuminate/Database/Connection->runQueryCallback('select * from `...', Array, Object(Closure))
#10 E:/12 RPL/yearbook-class/vendor/laravel/framework/src/Illuminate/Database/Connection.php(411): Illuminate/Database/Connection->run('select * from `...', Array, Object(Closure))
#11 E:/12 RPL/yearbook-class/vendor/laravel/framework/src/Illuminate/Database/Query/Builder.php(3389): Illuminate/Database/Connection->select('select * from `...', Array, false)
#12 E:/12 RPL/yearbook-class/vendor/laravel/framework/src/Illuminate/Database/Query/Builder.php(3374): Illuminate/Database/Query/Builder->runSelect()
#13 E:/12 RPL/yearbook-class/vendor/laravel/framework/src/Illuminate/Database/Query/Builder.php(3964): Illuminate/Database/Query/Builder->Illuminate/Database/Query/{closure}()
#14 E:/12 RPL/yearbook-class/vendor/laravel/framework/src/Illuminate/Database/Query/Builder.php(3373): Illuminate/Database/Query/Builder->onceWithColumns(Array, Object(Closure))
#15 E:/12 RPL/yearbook-class/vendor/laravel/framework/src/Illuminate/Database/Concerns/BuildsQueries.php(366): Illuminate/Database/Query/Builder->get(Array)
#16 E:/12 RPL/yearbook-class/vendor/laravel/framework/src/Illuminate/Database/Query/Builder.php(3296): Illuminate/Database/Query/Builder->first(Array)
#17 E:/12 RPL/yearbook-class/vendor/laravel/framework/src/Illuminate/Session/DatabaseSessionHandler.php(96): Illuminate/Database/Query/Builder->find('IRhfYnrZM5kfvew...')
#18 E:/12 RPL/yearbook-class/vendor/laravel/framework/src/Illuminate/Session/Store.php(128): Illuminate/Session/DatabaseSessionHandler->read('IRhfYnrZM5kfvew...')
#19 E:/12 RPL/yearbook-class/vendor/laravel/framework/src/Illuminate/Session/Store.php(116): Illuminate/Session/Store->readFromHandler()
#20 E:/12 RPL/yearbook-class/vendor/laravel/framework/src/Illuminate/Session/Store.php(100): Illuminate/Session/Store->loadSession()
#21 E:/12 RPL/yearbook-class/vendor/laravel/framework/src/Illuminate/Session/Middleware/StartSession.php(146): Illuminate/Session/Store->start()
#22 E:/12 RPL/yearbook-class/vendor/laravel/framework/src/Illuminate/Support/helpers.php(390): Illuminate/Session/Middleware/StartSession->Illuminate/Session/Middleware/{closure}(Object(Illuminate/Session/Store))
#23 E:/12 RPL/yearbook-class/vendor/laravel/framework/src/Illuminate/Session/Middleware/StartSession.php(143): tap(Object(Illuminate/Session/Store), Object(Closure))
#24 E:/12 RPL/yearbook-class/vendor/laravel/framework/src/Illuminate/Session/Middleware/StartSession.php(115): Illuminate/Session/Middleware/StartSession->startSession(Object(Illuminate/Http/Request), Object(Illuminate/Session/Store))
#25 E:/12 RPL/yearbook-class/vendor/laravel/framework/src/Illuminate/Session/Middleware/StartSession.php(63): Illuminate/Session/Middleware/StartSession->handleStatefulRequest(Object(Illuminate/Http/Request), Object(Illuminate/Session/Store), Object(Closure))
#26 E:/12 RPL/yearbook-class/vendor/laravel/framework/src/Illuminate/Pipeline/Pipeline.php(219): Illuminate/Session/Middleware/StartSession->handle(Object(Illuminate/Http/Request), Object(Closure))
#27 E:/12 RPL/yearbook-class/vendor/laravel/framework/src/Illuminate/Cookie/Middleware/AddQueuedCookiesToResponse.php(36): Illuminate/Pipeline/Pipeline->Illuminate/Pipeline/{closure}(Object(Illuminate/Http/Request))
#28 E:/12 RPL/yearbook-class/vendor/laravel/framework/src/Illuminate/Pipeline/Pipeline.php(219): Illuminate/Cookie/Middleware/AddQueuedCookiesToResponse->handle(Object(Illuminate/Http/Request), Object(Closure))
#29 E:/12 RPL/yearbook-class/vendor/laravel/framework/src/Illuminate/Cookie/Middleware/EncryptCookies.php(74): Illuminate/Pipeline/Pipeline->Illuminate/Pipeline/{closure}(Object(Illuminate/Http/Request))
#30 E:/12 RPL/yearbook-class/vendor/laravel/framework/src/Illuminate/Pipeline/Pipeline.php(219): Illuminate/Cookie/Middleware/EncryptCookies->handle(Object(Illuminate/Http/Request), Object(Closure))
#31 E:/12 RPL/yearbook-class/vendor/laravel/framework/src/Illuminate/Pipeline/Pipeline.php(137): Illuminate/Pipeline/Pipeline->Illuminate/Pipeline/{closure}(Object(Illuminate/Http/Request))
#32 E:/12 RPL/yearbook-class/vendor/laravel/framework/src/Illuminate/Routing/Router.php(821): Illuminate/Pipeline/Pipeline->then(Object(Closure))
#33 E:/12 RPL/yearbook-class/vendor/laravel/framework/src/Illuminate/Routing/Router.php(800): Illuminate/Routing/Router->runRouteWithinStack(Object(Illuminate/Routing/Route), Object(Illuminate/Http/Request))
#34 E:/12 RPL/yearbook-class/vendor/laravel/framework/src/Illuminate/Routing/Router.php(764): Illuminate/Routing/Router->runRoute(Object(Illuminate/Http/Request), Object(Illuminate/Routing/Route))
#35 E:/12 RPL/yearbook-class/vendor/laravel/framework/src/Illuminate/Routing/Router.php(753): Illuminate/Routing/Router->dispatchToRoute(Object(Illuminate/Http/Request))
#36 E:/12 RPL/yearbook-class/vendor/laravel/framework/src/Illuminate/Foundation/Http/Kernel.php(200): Illuminate/Routing/Router->dispatch(Object(Illuminate/Http/Request))
#37 E:/12 RPL/yearbook-class/vendor/laravel/framework/src/Illuminate/Pipeline/Pipeline.php(180): Illuminate/Foundation/Http/Kernel->Illuminate/Foundation/Http/{closure}(Object(Illuminate/Http/Request))
#38 E:/12 RPL/yearbook-class/vendor/laravel/framework/src/Illuminate/Foundation/Http/Middleware/TransformsRequest.php(21): Illuminate/Pipeline/Pipeline->Illuminate/Pipeline/{closure}(Object(Illuminate/Http/Request))
#39 E:/12 RPL/yearbook-class/vendor/laravel/framework/src/Illuminate/Foundation/Http/Middleware/ConvertEmptyStringsToNull.php(31): Illuminate/Foundation/Http/Middleware/TransformsRequest->handle(Object(Illuminate/Http/Request), Object(Closure))
#40 E:/12 RPL/yearbook-class/vendor/laravel/framework/src/Illuminate/Pipeline/Pipeline.php(219): Illuminate/Foundation/Http/Middleware/ConvertEmptyStringsToNull->handle(Object(Illuminate/Http/Request), Object(Closure))
#41 E:/12 RPL/yearbook-class/vendor/laravel/framework/src/Illuminate/Foundation/Http/Middleware/TransformsRequest.php(21): Illuminate/Pipeline/Pipeline->Illuminate/Pipeline/{closure}(Object(Illuminate/Http/Request))
#42 E:/12 RPL/yearbook-class/vendor/laravel/framework/src/Illuminate/Foundation/Http/Middleware/TrimStrings.php(51): Illuminate/Foundation/Http/Middleware/TransformsRequest->handle(Object(Illuminate/Http/Request), Object(Closure))
#43 E:/12 RPL/yearbook-class/vendor/laravel/framework/src/Illuminate/Pipeline/Pipeline.php(219): Illuminate/Foundation/Http/Middleware/TrimStrings->handle(Object(Illuminate/Http/Request), Object(Closure))
#44 E:/12 RPL/yearbook-class/vendor/laravel/framework/src/Illuminate/Http/Middleware/ValidatePostSize.php(27): Illuminate/Pipeline/Pipeline->Illuminate/Pipeline/{closure}(Object(Illuminate/Http/Request))
#45 E:/12 RPL/yearbook-class/vendor/laravel/framework/src/Illuminate/Pipeline/Pipeline.php(219): Illuminate/Http/Middleware/ValidatePostSize->handle(Object(Illuminate/Http/Request), Object(Closure))
#46 E:/12 RPL/yearbook-class/vendor/laravel/framework/src/Illuminate/Foundation/Http/Middleware/PreventRequestsDuringMaintenance.php(109): Illuminate/Pipeline/Pipeline->Illuminate/Pipeline/{closure}(Object(Illuminate/Http/Request))
#47 E:/12 RPL/yearbook-class/vendor/laravel/framework/src/Illuminate/Pipeline/Pipeline.php(219): Illuminate/Foundation/Http/Middleware/PreventRequestsDuringMaintenance->handle(Object(Illuminate/Http/Request), Object(Closure))
#48 E:/12 RPL/yearbook-class/vendor/laravel/framework/src/Illuminate/Http/Middleware/HandleCors.php(61): Illuminate/Pipeline/Pipeline->Illuminate/Pipeline/{closure}(Object(Illuminate/Http/Request))
#49 E:/12 RPL/yearbook-class/vendor/laravel/framework/src/Illuminate/Pipeline/Pipeline.php(219): Illuminate/Http/Middleware/HandleCors->handle(Object(Illuminate/Http/Request), Object(Closure))
#50 E:/12 RPL/yearbook-class/vendor/laravel/framework/src/Illuminate/Http/Middleware/TrustProxies.php(58): Illuminate/Pipeline/Pipeline->Illuminate/Pipeline/{closure}(Object(Illuminate/Http/Request))
#51 E:/12 RPL/yearbook-class/vendor/laravel/framework/src/Illuminate/Pipeline/Pipeline.php(219): Illuminate/Http/Middleware/TrustProxies->handle(Object(Illuminate/Http/Request), Object(Closure))
#52 E:/12 RPL/yearbook-class/vendor/laravel/framework/src/Illuminate/Foundation/Http/Middleware/InvokeDeferredCallbacks.php(22): Illuminate/Pipeline/Pipeline->Illuminate/Pipeline/{closure}(Object(Illuminate/Http/Request))
#53 E:/12 RPL/yearbook-class/vendor/laravel/framework/src/Illuminate/Pipeline/Pipeline.php(219): Illuminate/Foundation/Http/Middleware/InvokeDeferredCallbacks->handle(Object(Illuminate/Http/Request), Object(Closure))
#54 E:/12 RPL/yearbook-class/vendor/laravel/framework/src/Illuminate/Http/Middleware/ValidatePathEncoding.php(26): Illuminate/Pipeline/Pipeline->Illuminate/Pipeline/{closure}(Object(Illuminate/Http/Request))
#55 E:/12 RPL/yearbook-class/vendor/laravel/framework/src/Illuminate/Pipeline/Pipeline.php(219): Illuminate/Http/Middleware/ValidatePathEncoding->handle(Object(Illuminate/Http/Request), Object(Closure))
#56 E:/12 RPL/yearbook-class/vendor/laravel/framework/src/Illuminate/Pipeline/Pipeline.php(137): Illuminate/Pipeline/Pipeline->Illuminate/Pipeline/{closure}(Object(Illuminate/Http/Request))
#57 E:/12 RPL/yearbook-class/vendor/laravel/framework/src/Illuminate/Foundation/Http/Kernel.php(175): Illuminate/Pipeline/Pipeline->then(Object(Closure))
#58 E:/12 RPL/yearbook-class/vendor/laravel/framework/src/Illuminate/Foundation/Http/Kernel.php(144): Illuminate/Foundation/Http/Kernel->sendRequestThroughRouter(Object(Illuminate/Http/Request))
#59 E:/12 RPL/yearbook-class/vendor/laravel/framework/src/Illuminate/Foundation/Application.php(1220): Illuminate/Foundation/Http/Kernel->handle(Object(Illuminate/Http/Request))
#60 E:/12 RPL/yearbook-class/public/index.php(20): Illuminate/Foundation/Application->handleRequest(Object(Illuminate/Http/Request))
#61 E:/12 RPL/yearbook-class/vendor/laravel/framework/src/Illuminate/Foundation/resources/server.php(23): require_once('E://12 RPL//yearb...')
#62 {main}
"} 
[2026-01-29 12:16:20] local.ERROR: SQLSTATE[HY000] [1049] Unknown database 'laravel' (Connection: mysql, Host: 127.0.0.1, Port: 3306, Database: laravel, SQL: select * from `cache` where `key` in (laravel_cache_illuminate:queue:paused:database:default)) {"exception":"[object] (Illuminate\\Database\\QueryException(code: 1049): SQLSTATE[HY000] [1049] Unknown database 'laravel' (Connection: mysql, Host: 127.0.0.1, Port: 3306, Database: laravel, SQL: select * from `cache` where `key` in (laravel_cache_illuminate:queue:paused:database:default)) at E:/12 RPL/yearbook-class/vendor/laravel/framework/src/Illuminate/Database/Connection.php:838)
[stacktrace]
#0 E:/12 RPL/yearbook-class/vendor/laravel/framework/src/Illuminate/Database/Connection.php(794): Illuminate/Database/Connection->runQueryCallback('select * from `...', Array, Object(Closure))
#1 E:/12 RPL/yearbook-class/vendor/laravel/framework/src/Illuminate/Database/Connection.php(411): Illuminate/Database/Connection->run('select * from `...', Array, Object(Closure))
#2 E:/12 RPL/yearbook-class/vendor/laravel/framework/src/Illuminate/Database/Query/Builder.php(3389): Illuminate/Database/Connection->select('select * from `...', Array, true)
#3 E:/12 RPL/yearbook-class/vendor/laravel/framework/src/Illuminate/Database/Query/Builder.php(3374): Illuminate/Database/Query/Builder->runSelect()
#4 E:/12 RPL/yearbook-class/vendor/laravel/framework/src/Illuminate/Database/Query/Builder.php(3964): Illuminate/Database/Query/Builder->Illuminate/Database/Query/{closure}()
#5 E:/12 RPL/yearbook-class/vendor/laravel/framework/src/Illuminate/Database/Query/Builder.php(3373): Illuminate/Database/Query/Builder->onceWithColumns(Array, Object(Closure))
#6 E:/12 RPL/yearbook-class/vendor/laravel/framework/src/Illuminate/Cache/DatabaseStore.php(130): Illuminate/Database/Query/Builder->get()
#7 E:/12 RPL/yearbook-class/vendor/laravel/framework/src/Illuminate/Cache/DatabaseStore.php(105): Illuminate/Cache/DatabaseStore->many(Array)
#8 E:/12 RPL/yearbook-class/vendor/laravel/framework/src/Illuminate/Cache/Repository.php(122): Illuminate/Cache/DatabaseStore->get('illuminate:queu...')
#9 E:/12 RPL/yearbook-class/vendor/laravel/framework/src/Illuminate/Queue/QueueManager.php(266): Illuminate/Cache/Repository->get('illuminate:queu...', false)
#10 E:/12 RPL/yearbook-class/vendor/laravel/framework/src/Illuminate/Queue/Worker.php(421): Illuminate/Queue/QueueManager->isPaused('database', 'default')
#11 E:/12 RPL/yearbook-class/vendor/laravel/framework/src/Illuminate/Queue/Worker.php(389): Illuminate/Queue/Worker->queuePaused('database', 'default')
#12 E:/12 RPL/yearbook-class/vendor/laravel/framework/src/Illuminate/Queue/Worker.php(350): Illuminate/Queue/Worker->getNextJob(Object(Illuminate/Queue/DatabaseQueue), 'default')
#13 E:/12 RPL/yearbook-class/vendor/laravel/framework/src/Illuminate/Queue/Console/WorkCommand.php(148): Illuminate/Queue/Worker->runNextJob('database', 'default', Object(Illuminate/Queue/WorkerOptions))
#14 E:/12 RPL/yearbook-class/vendor/laravel/framework/src/Illuminate/Queue/Console/WorkCommand.php(131): Illuminate/Queue/Console/WorkCommand->runWorker('database', 'default')
#15 E:/12 RPL/yearbook-class/vendor/laravel/framework/src/Illuminate/Container/BoundMethod.php(36): Illuminate/Queue/Console/WorkCommand->handle()
#16 E:/12 RPL/yearbook-class/vendor/laravel/framework/src/Illuminate/Container/Util.php(43): Illuminate/Container/BoundMethod::Illuminate/Container/{closure}()
#17 E:/12 RPL/yearbook-class/vendor/laravel/framework/src/Illuminate/Container/BoundMethod.php(96): Illuminate/Container/Util::unwrapIfClosure(Object(Closure))
#18 E:/12 RPL/yearbook-class/vendor/laravel/framework/src/Illuminate/Container/BoundMethod.php(35): Illuminate/Container/BoundMethod::callBoundMethod(Object(Illuminate/Foundation/Application), Array, Object(Closure))
#19 E:/12 RPL/yearbook-class/vendor/laravel/framework/src/Illuminate/Container/Container.php(799): Illuminate/Container/BoundMethod::call(Object(Illuminate/Foundation/Application), Array, Array, NULL)
#20 E:/12 RPL/yearbook-class/vendor/laravel/framework/src/Illuminate/Console/Command.php(211): Illuminate/Container/Container->call(Array)
#21 E:/12 RPL/yearbook-class/vendor/symfony/console/Command/Command.php(341): Illuminate/Console/Command->execute(Object(Symfony/Component/Console/Input/ArgvInput), Object(Illuminate/Console/OutputStyle))
#22 E:/12 RPL/yearbook-class/vendor/laravel/framework/src/Illuminate/Console/Command.php(180): Symfony/Component/Console/Command/Command->run(Object(Symfony/Component/Console/Input/ArgvInput), Object(Illuminate/Console/OutputStyle))
#23 E:/12 RPL/yearbook-class/vendor/symfony/console/Application.php(1102): Illuminate/Console/Command->run(Object(Symfony/Component/Console/Input/ArgvInput), Object(Symfony/Component/Console/Output/ConsoleOutput))
#24 E:/12 RPL/yearbook-class/vendor/symfony/console/Application.php(356): Symfony/Component/Console/Application->doRunCommand(Object(Illuminate/Queue/Console/WorkCommand), Object(Symfony/Component/Console/Input/ArgvInput), Object(Symfony/Component/Console/Output/ConsoleOutput))
#25 E:/12 RPL/yearbook-class/vendor/symfony/console/Application.php(195): Symfony/Component/Console/Application->doRun(Object(Symfony/Component/Console/Input/ArgvInput), Object(Symfony/Component/Console/Output/ConsoleOutput))
#26 E:/12 RPL/yearbook-class/vendor/laravel/framework/src/Illuminate/Foundation/Console/Kernel.php(198): Symfony/Component/Console/Application->run(Object(Symfony/Component/Console/Input/ArgvInput), Object(Symfony/Component/Console/Output/ConsoleOutput))
#27 E:/12 RPL/yearbook-class/vendor/laravel/framework/src/Illuminate/Foundation/Application.php(1235): Illuminate/Foundation/Console/Kernel->handle(Object(Symfony/Component/Console/Input/ArgvInput), Object(Symfony/Component/Console/Output/ConsoleOutput))
#28 E:/12 RPL/yearbook-class/artisan(16): Illuminate/Foundation/Application->handleCommand(Object(Symfony/Component/Console/Input/ArgvInput))
#29 {main}

[previous exception] [object] (PDOException(code: 1049): SQLSTATE[HY000] [1049] Unknown database 'laravel' at E:/12 RPL/yearbook-class/vendor/laravel/framework/src/Illuminate/Database/Connectors/Connector.php:66)
[stacktrace]
#0 E:/12 RPL/yearbook-class/vendor/laravel/framework/src/Illuminate/Database/Connectors/Connector.php(66): PDO->__construct('mysql:host=127....', 'root', Object(SensitiveParameterValue), Array)
#1 E:/12 RPL/yearbook-class/vendor/laravel/framework/src/Illuminate/Database/Connectors/Connector.php(44): Illuminate/Database/Connectors/Connector->createPdoConnection('mysql:host=127....', 'root', Object(SensitiveParameterValue), Array)
#2 E:/12 RPL/yearbook-class/vendor/laravel/framework/src/Illuminate/Database/Connectors/MySqlConnector.php(24): Illuminate/Database/Connectors/Connector->createConnection('mysql:host=127....', Array, Array)
#3 E:/12 RPL/yearbook-class/vendor/laravel/framework/src/Illuminate/Database/Connectors/ConnectionFactory.php(186): Illuminate/Database/Connectors/MySqlConnector->connect(Array)
#4 [internal function]: Illuminate/Database/Connectors/ConnectionFactory->Illuminate/Database/Connectors/{closure}()
#5 E:/12 RPL/yearbook-class/vendor/laravel/framework/src/Illuminate/Database/Connection.php(1257): call_user_func(Object(Closure))
#6 E:/12 RPL/yearbook-class/vendor/laravel/framework/src/Illuminate/Database/Connection.php(1295): Illuminate/Database/Connection->getPdo()
#7 E:/12 RPL/yearbook-class/vendor/laravel/framework/src/Illuminate/Database/Connection.php(525): Illuminate/Database/Connection->getReadPdo()
#8 E:/12 RPL/yearbook-class/vendor/laravel/framework/src/Illuminate/Database/Connection.php(420): Illuminate/Database/Connection->getPdoForSelect(true)
#9 E:/12 RPL/yearbook-class/vendor/laravel/framework/src/Illuminate/Database/Connection.php(827): Illuminate/Database/Connection->Illuminate/Database/{closure}('select * from `...', Array)
#10 E:/12 RPL/yearbook-class/vendor/laravel/framework/src/Illuminate/Database/Connection.php(794): Illuminate/Database/Connection->runQueryCallback('select * from `...', Array, Object(Closure))
#11 E:/12 RPL/yearbook-class/vendor/laravel/framework/src/Illuminate/Database/Connection.php(411): Illuminate/Database/Connection->run('select * from `...', Array, Object(Closure))
#12 E:/12 RPL/yearbook-class/vendor/laravel/framework/src/Illuminate/Database/Query/Builder.php(3389): Illuminate/Database/Connection->select('select * from `...', Array, true)
#13 E:/12 RPL/yearbook-class/vendor/laravel/framework/src/Illuminate/Database/Query/Builder.php(3374): Illuminate/Database/Query/Builder->runSelect()
#14 E:/12 RPL/yearbook-class/vendor/laravel/framework/src/Illuminate/Database/Query/Builder.php(3964): Illuminate/Database/Query/Builder->Illuminate/Database/Query/{closure}()
#15 E:/12 RPL/yearbook-class/vendor/laravel/framework/src/Illuminate/Database/Query/Builder.php(3373): Illuminate/Database/Query/Builder->onceWithColumns(Array, Object(Closure))
#16 E:/12 RPL/yearbook-class/vendor/laravel/framework/src/Illuminate/Cache/DatabaseStore.php(130): Illuminate/Database/Query/Builder->get()
#17 E:/12 RPL/yearbook-class/vendor/laravel/framework/src/Illuminate/Cache/DatabaseStore.php(105): Illuminate/Cache/DatabaseStore->many(Array)
#18 E:/12 RPL/yearbook-class/vendor/laravel/framework/src/Illuminate/Cache/Repository.php(122): Illuminate/Cache/DatabaseStore->get('illuminate:queu...')
#19 E:/12 RPL/yearbook-class/vendor/laravel/framework/src/Illuminate/Queue/QueueManager.php(266): Illuminate/Cache/Repository->get('illuminate:queu...', false)
#20 E:/12 RPL/yearbook-class/vendor/laravel/framework/src/Illuminate/Queue/Worker.php(421): Illuminate/Queue/QueueManager->isPaused('database', 'default')
#21 E:/12 RPL/yearbook-class/vendor/laravel/framework/src/Illuminate/Queue/Worker.php(389): Illuminate/Queue/Worker->queuePaused('database', 'default')
#22 E:/12 RPL/yearbook-class/vendor/laravel/framework/src/Illuminate/Queue/Worker.php(350): Illuminate/Queue/Worker->getNextJob(Object(Illuminate/Queue/DatabaseQueue), 'default')
#23 E:/12 RPL/yearbook-class/vendor/laravel/framework/src/Illuminate/Queue/Console/WorkCommand.php(148): Illuminate/Queue/Worker->runNextJob('database', 'default', Object(Illuminate/Queue/WorkerOptions))
#24 E:/12 RPL/yearbook-class/vendor/laravel/framework/src/Illuminate/Queue/Console/WorkCommand.php(131): Illuminate/Queue/Console/WorkCommand->runWorker('database', 'default')
#25 E:/12 RPL/yearbook-class/vendor/laravel/framework/src/Illuminate/Container/BoundMethod.php(36): Illuminate/Queue/Console/WorkCommand->handle()
#26 E:/12 RPL/yearbook-class/vendor/laravel/framework/src/Illuminate/Container/Util.php(43): Illuminate/Container/BoundMethod::Illuminate/Container/{closure}()
#27 E:/12 RPL/yearbook-class/vendor/laravel/framework/src/Illuminate/Container/BoundMethod.php(96): Illuminate/Container/Util::unwrapIfClosure(Object(Closure))
#28 E:/12 RPL/yearbook-class/vendor/laravel/framework/src/Illuminate/Container/BoundMethod.php(35): Illuminate/Container/BoundMethod::callBoundMethod(Object(Illuminate/Foundation/Application), Array, Object(Closure))
#29 E:/12 RPL/yearbook-class/vendor/laravel/framework/src/Illuminate/Container/Container.php(799): Illuminate/Container/BoundMethod::call(Object(Illuminate/Foundation/Application), Array, Array, NULL)
#30 E:/12 RPL/yearbook-class/vendor/laravel/framework/src/Illuminate/Console/Command.php(211): Illuminate/Container/Container->call(Array)
#31 E:/12 RPL/yearbook-class/vendor/symfony/console/Command/Command.php(341): Illuminate/Console/Command->execute(Object(Symfony/Component/Console/Input/ArgvInput), Object(Illuminate/Console/OutputStyle))
#32 E:/12 RPL/yearbook-class/vendor/laravel/framework/src/Illuminate/Console/Command.php(180): Symfony/Component/Console/Command/Command->run(Object(Symfony/Component/Console/Input/ArgvInput), Object(Illuminate/Console/OutputStyle))
#33 E:/12 RPL/yearbook-class/vendor/symfony/console/Application.php(1102): Illuminate/Console/Command->run(Object(Symfony/Component/Console/Input/ArgvInput), Object(Symfony/Component/Console/Output/ConsoleOutput))
#34 E:/12 RPL/yearbook-class/vendor/symfony/console/Application.php(356): Symfony/Component/Console/Application->doRunCommand(Object(Illuminate/Queue/Console/WorkCommand), Object(Symfony/Component/Console/Input/ArgvInput), Object(Symfony/Component/Console/Output/ConsoleOutput))
#35 E:/12 RPL/yearbook-class/vendor/symfony/console/Application.php(195): Symfony/Component/Console/Application->doRun(Object(Symfony/Component/Console/Input/ArgvInput), Object(Symfony/Component/Console/Output/ConsoleOutput))
#36 E:/12 RPL/yearbook-class/vendor/laravel/framework/src/Illuminate/Foundation/Console/Kernel.php(198): Symfony/Component/Console/Application->run(Object(Symfony/Component/Console/Input/ArgvInput), Object(Symfony/Component/Console/Output/ConsoleOutput))
#37 E:/12 RPL/yearbook-class/vendor/laravel/framework/src/Illuminate/Foundation/Application.php(1235): Illuminate/Foundation/Console/Kernel->handle(Object(Symfony/Component/Console/Input/ArgvInput), Object(Symfony/Component/Console/Output/ConsoleOutput))
#38 E:/12 RPL/yearbook-class/artisan(16): Illuminate/Foundation/Application->handleCommand(Object(Symfony/Component/Console/Input/ArgvInput))
#39 {main}
"} 
[2026-01-29 12:16:25] local.ERROR: SQLSTATE[HY000] [1049] Unknown database 'laravel' (Connection: mysql, Host: 127.0.0.1, Port: 3306, Database: laravel, SQL: select * from `cache` where `key` in (laravel_cache_illuminate:queue:paused:database:default)) {"exception":"[object] (Illuminate\\Database\\QueryException(code: 1049): SQLSTATE[HY000] [1049] Unknown database 'laravel' (Connection: mysql, Host: 127.0.0.1, Port: 3306, Database: laravel, SQL: select * from `cache` where `key` in (laravel_cache_illuminate:queue:paused:database:default)) at E:/12 RPL/yearbook-class/vendor/laravel/framework/src/Illuminate/Database/Connection.php:838)
[stacktrace]
#0 E:/12 RPL/yearbook-class/vendor/laravel/framework/src/Illuminate/Database/Connection.php(794): Illuminate/Database/Connection->runQueryCallback('select * from `...', Array, Object(Closure))
#1 E:/12 RPL/yearbook-class/vendor/laravel/framework/src/Illuminate/Database/Connection.php(411): Illuminate/Database/Connection->run('select * from `...', Array, Object(Closure))
#2 E:/12 RPL/yearbook-class/vendor/laravel/framework/src/Illuminate/Database/Query/Builder.php(3389): Illuminate/Database/Connection->select('select * from `...', Array, true)
#3 E:/12 RPL/yearbook-class/vendor/laravel/framework/src/Illuminate/Database/Query/Builder.php(3374): Illuminate/Database/Query/Builder->runSelect()
#4 E:/12 RPL/yearbook-class/vendor/laravel/framework/src/Illuminate/Database/Query/Builder.php(3964): Illuminate/Database/Query/Builder->Illuminate/Database/Query/{closure}()
#5 E:/12 RPL/yearbook-class/vendor/laravel/framework/src/Illuminate/Database/Query/Builder.php(3373): Illuminate/Database/Query/Builder->onceWithColumns(Array, Object(Closure))
#6 E:/12 RPL/yearbook-class/vendor/laravel/framework/src/Illuminate/Cache/DatabaseStore.php(130): Illuminate/Database/Query/Builder->get()
#7 E:/12 RPL/yearbook-class/vendor/laravel/framework/src/Illuminate/Cache/DatabaseStore.php(105): Illuminate/Cache/DatabaseStore->many(Array)
#8 E:/12 RPL/yearbook-class/vendor/laravel/framework/src/Illuminate/Cache/Repository.php(122): Illuminate/Cache/DatabaseStore->get('illuminate:queu...')
#9 E:/12 RPL/yearbook-class/vendor/laravel/framework/src/Illuminate/Queue/QueueManager.php(266): Illuminate/Cache/Repository->get('illuminate:queu...', false)
#10 E:/12 RPL/yearbook-class/vendor/laravel/framework/src/Illuminate/Queue/Worker.php(421): Illuminate/Queue/QueueManager->isPaused('database', 'default')
#11 E:/12 RPL/yearbook-class/vendor/laravel/framework/src/Illuminate/Queue/Worker.php(389): Illuminate/Queue/Worker->queuePaused('database', 'default')
#12 E:/12 RPL/yearbook-class/vendor/laravel/framework/src/Illuminate/Queue/Worker.php(350): Illuminate/Queue/Worker->getNextJob(Object(Illuminate/Queue/DatabaseQueue), 'default')
#13 E:/12 RPL/yearbook-class/vendor/laravel/framework/src/Illuminate/Queue/Console/WorkCommand.php(148): Illuminate/Queue/Worker->runNextJob('database', 'default', Object(Illuminate/Queue/WorkerOptions))
#14 E:/12 RPL/yearbook-class/vendor/laravel/framework/src/Illuminate/Queue/Console/WorkCommand.php(131): Illuminate/Queue/Console/WorkCommand->runWorker('database', 'default')
#15 E:/12 RPL/yearbook-class/vendor/laravel/framework/src/Illuminate/Container/BoundMethod.php(36): Illuminate/Queue/Console/WorkCommand->handle()
#16 E:/12 RPL/yearbook-class/vendor/laravel/framework/src/Illuminate/Container/Util.php(43): Illuminate/Container/BoundMethod::Illuminate/Container/{closure}()
#17 E:/12 RPL/yearbook-class/vendor/laravel/framework/src/Illuminate/Container/BoundMethod.php(96): Illuminate/Container/Util::unwrapIfClosure(Object(Closure))
#18 E:/12 RPL/yearbook-class/vendor/laravel/framework/src/Illuminate/Container/BoundMethod.php(35): Illuminate/Container/BoundMethod::callBoundMethod(Object(Illuminate/Foundation/Application), Array, Object(Closure))
#19 E:/12 RPL/yearbook-class/vendor/laravel/framework/src/Illuminate/Container/Container.php(799): Illuminate/Container/BoundMethod::call(Object(Illuminate/Foundation/Application), Array, Array, NULL)
#20 E:/12 RPL/yearbook-class/vendor/laravel/framework/src/Illuminate/Console/Command.php(211): Illuminate/Container/Container->call(Array)
#21 E:/12 RPL/yearbook-class/vendor/symfony/console/Command/Command.php(341): Illuminate/Console/Command->execute(Object(Symfony/Component/Console/Input/ArgvInput), Object(Illuminate/Console/OutputStyle))
#22 E:/12 RPL/yearbook-class/vendor/laravel/framework/src/Illuminate/Console/Command.php(180): Symfony/Component/Console/Command/Command->run(Object(Symfony/Component/Console/Input/ArgvInput), Object(Illuminate/Console/OutputStyle))
#23 E:/12 RPL/yearbook-class/vendor/symfony/console/Application.php(1102): Illuminate/Console/Command->run(Object(Symfony/Component/Console/Input/ArgvInput), Object(Symfony/Component/Console/Output/ConsoleOutput))
#24 E:/12 RPL/yearbook-class/vendor/symfony/console/Application.php(356): Symfony/Component/Console/Application->doRunCommand(Object(Illuminate/Queue/Console/WorkCommand), Object(Symfony/Component/Console/Input/ArgvInput), Object(Symfony/Component/Console/Output/ConsoleOutput))
#25 E:/12 RPL/yearbook-class/vendor/symfony/console/Application.php(195): Symfony/Component/Console/Application->doRun(Object(Symfony/Component/Console/Input/ArgvInput), Object(Symfony/Component/Console/Output/ConsoleOutput))
#26 E:/12 RPL/yearbook-class/vendor/laravel/framework/src/Illuminate/Foundation/Console/Kernel.php(198): Symfony/Component/Console/Application->run(Object(Symfony/Component/Console/Input/ArgvInput), Object(Symfony/Component/Console/Output/ConsoleOutput))
#27 E:/12 RPL/yearbook-class/vendor/laravel/framework/src/Illuminate/Foundation/Application.php(1235): Illuminate/Foundation/Console/Kernel->handle(Object(Symfony/Component/Console/Input/ArgvInput), Object(Symfony/Component/Console/Output/ConsoleOutput))
#28 E:/12 RPL/yearbook-class/artisan(16): Illuminate/Foundation/Application->handleCommand(Object(Symfony/Component/Console/Input/ArgvInput))
#29 {main}

[previous exception] [object] (PDOException(code: 1049): SQLSTATE[HY000] [1049] Unknown database 'laravel' at E:/12 RPL/yearbook-class/vendor/laravel/framework/src/Illuminate/Database/Connectors/Connector.php:66)
[stacktrace]
#0 E:/12 RPL/yearbook-class/vendor/laravel/framework/src/Illuminate/Database/Connectors/Connector.php(66): PDO->__construct('mysql:host=127....', 'root', Object(SensitiveParameterValue), Array)
#1 E:/12 RPL/yearbook-class/vendor/laravel/framework/src/Illuminate/Database/Connectors/Connector.php(44): Illuminate/Database/Connectors/Connector->createPdoConnection('mysql:host=127....', 'root', Object(SensitiveParameterValue), Array)
#2 E:/12 RPL/yearbook-class/vendor/laravel/framework/src/Illuminate/Database/Connectors/MySqlConnector.php(24): Illuminate/Database/Connectors/Connector->createConnection('mysql:host=127....', Array, Array)
#3 E:/12 RPL/yearbook-class/vendor/laravel/framework/src/Illuminate/Database/Connectors/ConnectionFactory.php(186): Illuminate/Database/Connectors/MySqlConnector->connect(Array)
#4 [internal function]: Illuminate/Database/Connectors/ConnectionFactory->Illuminate/Database/Connectors/{closure}()
#5 E:/12 RPL/yearbook-class/vendor/laravel/framework/src/Illuminate/Database/Connection.php(1257): call_user_func(Object(Closure))
#6 E:/12 RPL/yearbook-class/vendor/laravel/framework/src/Illuminate/Database/Connection.php(1295): Illuminate/Database/Connection->getPdo()
#7 E:/12 RPL/yearbook-class/vendor/laravel/framework/src/Illuminate/Database/Connection.php(525): Illuminate/Database/Connection->getReadPdo()
#8 E:/12 RPL/yearbook-class/vendor/laravel/framework/src/Illuminate/Database/Connection.php(420): Illuminate/Database/Connection->getPdoForSelect(true)
#9 E:/12 RPL/yearbook-class/vendor/laravel/framework/src/Illuminate/Database/Connection.php(827): Illuminate/Database/Connection->Illuminate/Database/{closure}('select * from `...', Array)
#10 E:/12 RPL/yearbook-class/vendor/laravel/framework/src/Illuminate/Database/Connection.php(794): Illuminate/Database/Connection->runQueryCallback('select * from `...', Array, Object(Closure))
#11 E:/12 RPL/yearbook-class/vendor/laravel/framework/src/Illuminate/Database/Connection.php(411): Illuminate/Database/Connection->run('select * from `...', Array, Object(Closure))
#12 E:/12 RPL/yearbook-class/vendor/laravel/framework/src/Illuminate/Database/Query/Builder.php(3389): Illuminate/Database/Connection->select('select * from `...', Array, true)
#13 E:/12 RPL/yearbook-class/vendor/laravel/framework/src/Illuminate/Database/Query/Builder.php(3374): Illuminate/Database/Query/Builder->runSelect()
#14 E:/12 RPL/yearbook-class/vendor/laravel/framework/src/Illuminate/Database/Query/Builder.php(3964): Illuminate/Database/Query/Builder->Illuminate/Database/Query/{closure}()
#15 E:/12 RPL/yearbook-class/vendor/laravel/framework/src/Illuminate/Database/Query/Builder.php(3373): Illuminate/Database/Query/Builder->onceWithColumns(Array, Object(Closure))
#16 E:/12 RPL/yearbook-class/vendor/laravel/framework/src/Illuminate/Cache/DatabaseStore.php(130): Illuminate/Database/Query/Builder->get()
#17 E:/12 RPL/yearbook-class/vendor/laravel/framework/src/Illuminate/Cache/DatabaseStore.php(105): Illuminate/Cache/DatabaseStore->many(Array)
#18 E:/12 RPL/yearbook-class/vendor/laravel/framework/src/Illuminate/Cache/Repository.php(122): Illuminate/Cache/DatabaseStore->get('illuminate:queu...')
#19 E:/12 RPL/yearbook-class/vendor/laravel/framework/src/Illuminate/Queue/QueueManager.php(266): Illuminate/Cache/Repository->get('illuminate:queu...', false)
#20 E:/12 RPL/yearbook-class/vendor/laravel/framework/src/Illuminate/Queue/Worker.php(421): Illuminate/Queue/QueueManager->isPaused('database', 'default')
#21 E:/12 RPL/yearbook-class/vendor/laravel/framework/src/Illuminate/Queue/Worker.php(389): Illuminate/Queue/Worker->queuePaused('database', 'default')
#22 E:/12 RPL/yearbook-class/vendor/laravel/framework/src/Illuminate/Queue/Worker.php(350): Illuminate/Queue/Worker->getNextJob(Object(Illuminate/Queue/DatabaseQueue), 'default')
#23 E:/12 RPL/yearbook-class/vendor/laravel/framework/src/Illuminate/Queue/Console/WorkCommand.php(148): Illuminate/Queue/Worker->runNextJob('database', 'default', Object(Illuminate/Queue/WorkerOptions))
#24 E:/12 RPL/yearbook-class/vendor/laravel/framework/src/Illuminate/Queue/Console/WorkCommand.php(131): Illuminate/Queue/Console/WorkCommand->runWorker('database', 'default')
#25 E:/12 RPL/yearbook-class/vendor/laravel/framework/src/Illuminate/Container/BoundMethod.php(36): Illuminate/Queue/Console/WorkCommand->handle()
#26 E:/12 RPL/yearbook-class/vendor/laravel/framework/src/Illuminate/Container/Util.php(43): Illuminate/Container/BoundMethod::Illuminate/Container/{closure}()
#27 E:/12 RPL/yearbook-class/vendor/laravel/framework/src/Illuminate/Container/BoundMethod.php(96): Illuminate/Container/Util::unwrapIfClosure(Object(Closure))
#28 E:/12 RPL/yearbook-class/vendor/laravel/framework/src/Illuminate/Container/BoundMethod.php(35): Illuminate/Container/BoundMethod::callBoundMethod(Object(Illuminate/Foundation/Application), Array, Object(Closure))
#29 E:/12 RPL/yearbook-class/vendor/laravel/framework/src/Illuminate/Container/Container.php(799): Illuminate/Container/BoundMethod::call(Object(Illuminate/Foundation/Application), Array, Array, NULL)
#30 E:/12 RPL/yearbook-class/vendor/laravel/framework/src/Illuminate/Console/Command.php(211): Illuminate/Container/Container->call(Array)
#31 E:/12 RPL/yearbook-class/vendor/symfony/console/Command/Command.php(341): Illuminate/Console/Command->execute(Object(Symfony/Component/Console/Input/ArgvInput), Object(Illuminate/Console/OutputStyle))
#32 E:/12 RPL/yearbook-class/vendor/laravel/framework/src/Illuminate/Console/Command.php(180): Symfony/Component/Console/Command/Command->run(Object(Symfony/Component/Console/Input/ArgvInput), Object(Illuminate/Console/OutputStyle))
#33 E:/12 RPL/yearbook-class/vendor/symfony/console/Application.php(1102): Illuminate/Console/Command->run(Object(Symfony/Component/Console/Input/ArgvInput), Object(Symfony/Component/Console/Output/ConsoleOutput))
#34 E:/12 RPL/yearbook-class/vendor/symfony/console/Application.php(356): Symfony/Component/Console/Application->doRunCommand(Object(Illuminate/Queue/Console/WorkCommand), Object(Symfony/Component/Console/Input/ArgvInput), Object(Symfony/Component/Console/Output/ConsoleOutput))
#35 E:/12 RPL/yearbook-class/vendor/symfony/console/Application.php(195): Symfony/Component/Console/Application->doRun(Object(Symfony/Component/Console/Input/ArgvInput), Object(Symfony/Component/Console/Output/ConsoleOutput))
#36 E:/12 RPL/yearbook-class/vendor/laravel/framework/src/Illuminate/Foundation/Console/Kernel.php(198): Symfony/Component/Console/Application->run(Object(Symfony/Component/Console/Input/ArgvInput), Object(Symfony/Component/Console/Output/ConsoleOutput))
#37 E:/12 RPL/yearbook-class/vendor/laravel/framework/src/Illuminate/Foundation/Application.php(1235): Illuminate/Foundation/Console/Kernel->handle(Object(Symfony/Component/Console/Input/ArgvInput), Object(Symfony/Component/Console/Output/ConsoleOutput))
#38 E:/12 RPL/yearbook-class/artisan(16): Illuminate/Foundation/Application->handleCommand(Object(Symfony/Component/Console/Input/ArgvInput))
#39 {main}
"} 
[2026-01-29 12:16:30] local.ERROR: SQLSTATE[HY000] [1049] Unknown database 'laravel' (Connection: mysql, Host: 127.0.0.1, Port: 3306, Database: laravel, SQL: select * from `cache` where `key` in (laravel_cache_illuminate:queue:paused:database:default)) {"exception":"[object] (Illuminate\\Database\\QueryException(code: 1049): SQLSTATE[HY000] [1049] Unknown database 'laravel' (Connection: mysql, Host: 127.0.0.1, Port: 3306, Database: laravel, SQL: select * from `cache` where `key` in (laravel_cache_illuminate:queue:paused:database:default)) at E:/12 RPL/yearbook-class/vendor/laravel/framework/src/Illuminate/Database/Connection.php:838)
[stacktrace]
#0 E:/12 RPL/yearbook-class/vendor/laravel/framework/src/Illuminate/Database/Connection.php(794): Illuminate/Database/Connection->runQueryCallback('select * from `...', Array, Object(Closure))
#1 E:/12 RPL/yearbook-class/vendor/laravel/framework/src/Illuminate/Database/Connection.php(411): Illuminate/Database/Connection->run('select * from `...', Array, Object(Closure))
#2 E:/12 RPL/yearbook-class/vendor/laravel/framework/src/Illuminate/Database/Query/Builder.php(3389): Illuminate/Database/Connection->select('select * from `...', Array, true)
#3 E:/12 RPL/yearbook-class/vendor/laravel/framework/src/Illuminate/Database/Query/Builder.php(3374): Illuminate/Database/Query/Builder->runSelect()
#4 E:/12 RPL/yearbook-class/vendor/laravel/framework/src/Illuminate/Database/Query/Builder.php(3964): Illuminate/Database/Query/Builder->Illuminate/Database/Query/{closure}()
#5 E:/12 RPL/yearbook-class/vendor/laravel/framework/src/Illuminate/Database/Query/Builder.php(3373): Illuminate/Database/Query/Builder->onceWithColumns(Array, Object(Closure))
#6 E:/12 RPL/yearbook-class/vendor/laravel/framework/src/Illuminate/Cache/DatabaseStore.php(130): Illuminate/Database/Query/Builder->get()
#7 E:/12 RPL/yearbook-class/vendor/laravel/framework/src/Illuminate/Cache/DatabaseStore.php(105): Illuminate/Cache/DatabaseStore->many(Array)
#8 E:/12 RPL/yearbook-class/vendor/laravel/framework/src/Illuminate/Cache/Repository.php(122): Illuminate/Cache/DatabaseStore->get('illuminate:queu...')
#9 E:/12 RPL/yearbook-class/vendor/laravel/framework/src/Illuminate/Queue/QueueManager.php(266): Illuminate/Cache/Repository->get('illuminate:queu...', false)
#10 E:/12 RPL/yearbook-class/vendor/laravel/framework/src/Illuminate/Queue/Worker.php(421): Illuminate/Queue/QueueManager->isPaused('database', 'default')
#11 E:/12 RPL/yearbook-class/vendor/laravel/framework/src/Illuminate/Queue/Worker.php(389): Illuminate/Queue/Worker->queuePaused('database', 'default')
#12 E:/12 RPL/yearbook-class/vendor/laravel/framework/src/Illuminate/Queue/Worker.php(350): Illuminate/Queue/Worker->getNextJob(Object(Illuminate/Queue/DatabaseQueue), 'default')
#13 E:/12 RPL/yearbook-class/vendor/laravel/framework/src/Illuminate/Queue/Console/WorkCommand.php(148): Illuminate/Queue/Worker->runNextJob('database', 'default', Object(Illuminate/Queue/WorkerOptions))
#14 E:/12 RPL/yearbook-class/vendor/laravel/framework/src/Illuminate/Queue/Console/WorkCommand.php(131): Illuminate/Queue/Console/WorkCommand->runWorker('database', 'default')
#15 E:/12 RPL/yearbook-class/vendor/laravel/framework/src/Illuminate/Container/BoundMethod.php(36): Illuminate/Queue/Console/WorkCommand->handle()
#16 E:/12 RPL/yearbook-class/vendor/laravel/framework/src/Illuminate/Container/Util.php(43): Illuminate/Container/BoundMethod::Illuminate/Container/{closure}()
#17 E:/12 RPL/yearbook-class/vendor/laravel/framework/src/Illuminate/Container/BoundMethod.php(96): Illuminate/Container/Util::unwrapIfClosure(Object(Closure))
#18 E:/12 RPL/yearbook-class/vendor/laravel/framework/src/Illuminate/Container/BoundMethod.php(35): Illuminate/Container/BoundMethod::callBoundMethod(Object(Illuminate/Foundation/Application), Array, Object(Closure))
#19 E:/12 RPL/yearbook-class/vendor/laravel/framework/src/Illuminate/Container/Container.php(799): Illuminate/Container/BoundMethod::call(Object(Illuminate/Foundation/Application), Array, Array, NULL)
#20 E:/12 RPL/yearbook-class/vendor/laravel/framework/src/Illuminate/Console/Command.php(211): Illuminate/Container/Container->call(Array)
#21 E:/12 RPL/yearbook-class/vendor/symfony/console/Command/Command.php(341): Illuminate/Console/Command->execute(Object(Symfony/Component/Console/Input/ArgvInput), Object(Illuminate/Console/OutputStyle))
#22 E:/12 RPL/yearbook-class/vendor/laravel/framework/src/Illuminate/Console/Command.php(180): Symfony/Component/Console/Command/Command->run(Object(Symfony/Component/Console/Input/ArgvInput), Object(Illuminate/Console/OutputStyle))
#23 E:/12 RPL/yearbook-class/vendor/symfony/console/Application.php(1102): Illuminate/Console/Command->run(Object(Symfony/Component/Console/Input/ArgvInput), Object(Symfony/Component/Console/Output/ConsoleOutput))
#24 E:/12 RPL/yearbook-class/vendor/symfony/console/Application.php(356): Symfony/Component/Console/Application->doRunCommand(Object(Illuminate/Queue/Console/WorkCommand), Object(Symfony/Component/Console/Input/ArgvInput), Object(Symfony/Component/Console/Output/ConsoleOutput))
#25 E:/12 RPL/yearbook-class/vendor/symfony/console/Application.php(195): Symfony/Component/Console/Application->doRun(Object(Symfony/Component/Console/Input/ArgvInput), Object(Symfony/Component/Console/Output/ConsoleOutput))
#26 E:/12 RPL/yearbook-class/vendor/laravel/framework/src/Illuminate/Foundation/Console/Kernel.php(198): Symfony/Component/Console/Application->run(Object(Symfony/Component/Console/Input/ArgvInput), Object(Symfony/Component/Console/Output/ConsoleOutput))
#27 E:/12 RPL/yearbook-class/vendor/laravel/framework/src/Illuminate/Foundation/Application.php(1235): Illuminate/Foundation/Console/Kernel->handle(Object(Symfony/Component/Console/Input/ArgvInput), Object(Symfony/Component/Console/Output/ConsoleOutput))
#28 E:/12 RPL/yearbook-class/artisan(16): Illuminate/Foundation/Application->handleCommand(Object(Symfony/Component/Console/Input/ArgvInput))
#29 {main}

[previous exception] [object] (PDOException(code: 1049): SQLSTATE[HY000] [1049] Unknown database 'laravel' at E:/12 RPL/yearbook-class/vendor/laravel/framework/src/Illuminate/Database/Connectors/Connector.php:66)
[stacktrace]
#0 E:/12 RPL/yearbook-class/vendor/laravel/framework/src/Illuminate/Database/Connectors/Connector.php(66): PDO->__construct('mysql:host=127....', 'root', Object(SensitiveParameterValue), Array)
#1 E:/12 RPL/yearbook-class/vendor/laravel/framework/src/Illuminate/Database/Connectors/Connector.php(44): Illuminate/Database/Connectors/Connector->createPdoConnection('mysql:host=127....', 'root', Object(SensitiveParameterValue), Array)
#2 E:/12 RPL/yearbook-class/vendor/laravel/framework/src/Illuminate/Database/Connectors/MySqlConnector.php(24): Illuminate/Database/Connectors/Connector->createConnection('mysql:host=127....', Array, Array)
#3 E:/12 RPL/yearbook-class/vendor/laravel/framework/src/Illuminate/Database/Connectors/ConnectionFactory.php(186): Illuminate/Database/Connectors/MySqlConnector->connect(Array)
#4 [internal function]: Illuminate/Database/Connectors/ConnectionFactory->Illuminate/Database/Connectors/{closure}()
#5 E:/12 RPL/yearbook-class/vendor/laravel/framework/src/Illuminate/Database/Connection.php(1257): call_user_func(Object(Closure))
#6 E:/12 RPL/yearbook-class/vendor/laravel/framework/src/Illuminate/Database/Connection.php(1295): Illuminate/Database/Connection->getPdo()
#7 E:/12 RPL/yearbook-class/vendor/laravel/framework/src/Illuminate/Database/Connection.php(525): Illuminate/Database/Connection->getReadPdo()
#8 E:/12 RPL/yearbook-class/vendor/laravel/framework/src/Illuminate/Database/Connection.php(420): Illuminate/Database/Connection->getPdoForSelect(true)
#9 E:/12 RPL/yearbook-class/vendor/laravel/framework/src/Illuminate/Database/Connection.php(827): Illuminate/Database/Connection->Illuminate/Database/{closure}('select * from `...', Array)
#10 E:/12 RPL/yearbook-class/vendor/laravel/framework/src/Illuminate/Database/Connection.php(794): Illuminate/Database/Connection->runQueryCallback('select * from `...', Array, Object(Closure))
#11 E:/12 RPL/yearbook-class/vendor/laravel/framework/src/Illuminate/Database/Connection.php(411): Illuminate/Database/Connection->run('select * from `...', Array, Object(Closure))
#12 E:/12 RPL/yearbook-class/vendor/laravel/framework/src/Illuminate/Database/Query/Builder.php(3389): Illuminate/Database/Connection->select('select * from `...', Array, true)
#13 E:/12 RPL/yearbook-class/vendor/laravel/framework/src/Illuminate/Database/Query/Builder.php(3374): Illuminate/Database/Query/Builder->runSelect()
#14 E:/12 RPL/yearbook-class/vendor/laravel/framework/src/Illuminate/Database/Query/Builder.php(3964): Illuminate/Database/Query/Builder->Illuminate/Database/Query/{closure}()
#15 E:/12 RPL/yearbook-class/vendor/laravel/framework/src/Illuminate/Database/Query/Builder.php(3373): Illuminate/Database/Query/Builder->onceWithColumns(Array, Object(Closure))
#16 E:/12 RPL/yearbook-class/vendor/laravel/framework/src/Illuminate/Cache/DatabaseStore.php(130): Illuminate/Database/Query/Builder->get()
#17 E:/12 RPL/yearbook-class/vendor/laravel/framework/src/Illuminate/Cache/DatabaseStore.php(105): Illuminate/Cache/DatabaseStore->many(Array)
#18 E:/12 RPL/yearbook-class/vendor/laravel/framework/src/Illuminate/Cache/Repository.php(122): Illuminate/Cache/DatabaseStore->get('illuminate:queu...')
#19 E:/12 RPL/yearbook-class/vendor/laravel/framework/src/Illuminate/Queue/QueueManager.php(266): Illuminate/Cache/Repository->get('illuminate:queu...', false)
#20 E:/12 RPL/yearbook-class/vendor/laravel/framework/src/Illuminate/Queue/Worker.php(421): Illuminate/Queue/QueueManager->isPaused('database', 'default')
#21 E:/12 RPL/yearbook-class/vendor/laravel/framework/src/Illuminate/Queue/Worker.php(389): Illuminate/Queue/Worker->queuePaused('database', 'default')
#22 E:/12 RPL/yearbook-class/vendor/laravel/framework/src/Illuminate/Queue/Worker.php(350): Illuminate/Queue/Worker->getNextJob(Object(Illuminate/Queue/DatabaseQueue), 'default')
#23 E:/12 RPL/yearbook-class/vendor/laravel/framework/src/Illuminate/Queue/Console/WorkCommand.php(148): Illuminate/Queue/Worker->runNextJob('database', 'default', Object(Illuminate/Queue/WorkerOptions))
#24 E:/12 RPL/yearbook-class/vendor/laravel/framework/src/Illuminate/Queue/Console/WorkCommand.php(131): Illuminate/Queue/Console/WorkCommand->runWorker('database', 'default')
#25 E:/12 RPL/yearbook-class/vendor/laravel/framework/src/Illuminate/Container/BoundMethod.php(36): Illuminate/Queue/Console/WorkCommand->handle()
#26 E:/12 RPL/yearbook-class/vendor/laravel/framework/src/Illuminate/Container/Util.php(43): Illuminate/Container/BoundMethod::Illuminate/Container/{closure}()
#27 E:/12 RPL/yearbook-class/vendor/laravel/framework/src/Illuminate/Container/BoundMethod.php(96): Illuminate/Container/Util::unwrapIfClosure(Object(Closure))
#28 E:/12 RPL/yearbook-class/vendor/laravel/framework/src/Illuminate/Container/BoundMethod.php(35): Illuminate/Container/BoundMethod::callBoundMethod(Object(Illuminate/Foundation/Application), Array, Object(Closure))
#29 E:/12 RPL/yearbook-class/vendor/laravel/framework/src/Illuminate/Container/Container.php(799): Illuminate/Container/BoundMethod::call(Object(Illuminate/Foundation/Application), Array, Array, NULL)
#30 E:/12 RPL/yearbook-class/vendor/laravel/framework/src/Illuminate/Console/Command.php(211): Illuminate/Container/Container->call(Array)
#31 E:/12 RPL/yearbook-class/vendor/symfony/console/Command/Command.php(341): Illuminate/Console/Command->execute(Object(Symfony/Component/Console/Input/ArgvInput), Object(Illuminate/Console/OutputStyle))
#32 E:/12 RPL/yearbook-class/vendor/laravel/framework/src/Illuminate/Console/Command.php(180): Symfony/Component/Console/Command/Command->run(Object(Symfony/Component/Console/Input/ArgvInput), Object(Illuminate/Console/OutputStyle))
#33 E:/12 RPL/yearbook-class/vendor/symfony/console/Application.php(1102): Illuminate/Console/Command->run(Object(Symfony/Component/Console/Input/ArgvInput), Object(Symfony/Component/Console/Output/ConsoleOutput))
#34 E:/12 RPL/yearbook-class/vendor/symfony/console/Application.php(356): Symfony/Component/Console/Application->doRunCommand(Object(Illuminate/Queue/Console/WorkCommand), Object(Symfony/Component/Console/Input/ArgvInput), Object(Symfony/Component/Console/Output/ConsoleOutput))
#35 E:/12 RPL/yearbook-class/vendor/symfony/console/Application.php(195): Symfony/Component/Console/Application->doRun(Object(Symfony/Component/Console/Input/ArgvInput), Object(Symfony/Component/Console/Output/ConsoleOutput))
#36 E:/12 RPL/yearbook-class/vendor/laravel/framework/src/Illuminate/Foundation/Console/Kernel.php(198): Symfony/Component/Console/Application->run(Object(Symfony/Component/Console/Input/ArgvInput), Object(Symfony/Component/Console/Output/ConsoleOutput))
#37 E:/12 RPL/yearbook-class/vendor/laravel/framework/src/Illuminate/Foundation/Application.php(1235): Illuminate/Foundation/Console/Kernel->handle(Object(Symfony/Component/Console/Input/ArgvInput), Object(Symfony/Component/Console/Output/ConsoleOutput))
#38 E:/12 RPL/yearbook-class/artisan(16): Illuminate/Foundation/Application->handleCommand(Object(Symfony/Component/Console/Input/ArgvInput))
#39 {main}
"} 
[2026-01-29 12:16:35] local.ERROR: SQLSTATE[HY000] [1049] Unknown database 'laravel' (Connection: mysql, Host: 127.0.0.1, Port: 3306, Database: laravel, SQL: select * from `cache` where `key` in (laravel_cache_illuminate:queue:paused:database:default)) {"exception":"[object] (Illuminate\\Database\\QueryException(code: 1049): SQLSTATE[HY000] [1049] Unknown database 'laravel' (Connection: mysql, Host: 127.0.0.1, Port: 3306, Database: laravel, SQL: select * from `cache` where `key` in (laravel_cache_illuminate:queue:paused:database:default)) at E:/12 RPL/yearbook-class/vendor/laravel/framework/src/Illuminate/Database/Connection.php:838)
[stacktrace]
#0 E:/12 RPL/yearbook-class/vendor/laravel/framework/src/Illuminate/Database/Connection.php(794): Illuminate/Database/Connection->runQueryCallback('select * from `...', Array, Object(Closure))
#1 E:/12 RPL/yearbook-class/vendor/laravel/framework/src/Illuminate/Database/Connection.php(411): Illuminate/Database/Connection->run('select * from `...', Array, Object(Closure))
#2 E:/12 RPL/yearbook-class/vendor/laravel/framework/src/Illuminate/Database/Query/Builder.php(3389): Illuminate/Database/Connection->select('select * from `...', Array, true)
#3 E:/12 RPL/yearbook-class/vendor/laravel/framework/src/Illuminate/Database/Query/Builder.php(3374): Illuminate/Database/Query/Builder->runSelect()
#4 E:/12 RPL/yearbook-class/vendor/laravel/framework/src/Illuminate/Database/Query/Builder.php(3964): Illuminate/Database/Query/Builder->Illuminate/Database/Query/{closure}()
#5 E:/12 RPL/yearbook-class/vendor/laravel/framework/src/Illuminate/Database/Query/Builder.php(3373): Illuminate/Database/Query/Builder->onceWithColumns(Array, Object(Closure))
#6 E:/12 RPL/yearbook-class/vendor/laravel/framework/src/Illuminate/Cache/DatabaseStore.php(130): Illuminate/Database/Query/Builder->get()
#7 E:/12 RPL/yearbook-class/vendor/laravel/framework/src/Illuminate/Cache/DatabaseStore.php(105): Illuminate/Cache/DatabaseStore->many(Array)
#8 E:/12 RPL/yearbook-class/vendor/laravel/framework/src/Illuminate/Cache/Repository.php(122): Illuminate/Cache/DatabaseStore->get('illuminate:queu...')
#9 E:/12 RPL/yearbook-class/vendor/laravel/framework/src/Illuminate/Queue/QueueManager.php(266): Illuminate/Cache/Repository->get('illuminate:queu...', false)
#10 E:/12 RPL/yearbook-class/vendor/laravel/framework/src/Illuminate/Queue/Worker.php(421): Illuminate/Queue/QueueManager->isPaused('database', 'default')
#11 E:/12 RPL/yearbook-class/vendor/laravel/framework/src/Illuminate/Queue/Worker.php(389): Illuminate/Queue/Worker->queuePaused('database', 'default')
#12 E:/12 RPL/yearbook-class/vendor/laravel/framework/src/Illuminate/Queue/Worker.php(350): Illuminate/Queue/Worker->getNextJob(Object(Illuminate/Queue/DatabaseQueue), 'default')
#13 E:/12 RPL/yearbook-class/vendor/laravel/framework/src/Illuminate/Queue/Console/WorkCommand.php(148): Illuminate/Queue/Worker->runNextJob('database', 'default', Object(Illuminate/Queue/WorkerOptions))
#14 E:/12 RPL/yearbook-class/vendor/laravel/framework/src/Illuminate/Queue/Console/WorkCommand.php(131): Illuminate/Queue/Console/WorkCommand->runWorker('database', 'default')
#15 E:/12 RPL/yearbook-class/vendor/laravel/framework/src/Illuminate/Container/BoundMethod.php(36): Illuminate/Queue/Console/WorkCommand->handle()
#16 E:/12 RPL/yearbook-class/vendor/laravel/framework/src/Illuminate/Container/Util.php(43): Illuminate/Container/BoundMethod::Illuminate/Container/{closure}()
#17 E:/12 RPL/yearbook-class/vendor/laravel/framework/src/Illuminate/Container/BoundMethod.php(96): Illuminate/Container/Util::unwrapIfClosure(Object(Closure))
#18 E:/12 RPL/yearbook-class/vendor/laravel/framework/src/Illuminate/Container/BoundMethod.php(35): Illuminate/Container/BoundMethod::callBoundMethod(Object(Illuminate/Foundation/Application), Array, Object(Closure))
#19 E:/12 RPL/yearbook-class/vendor/laravel/framework/src/Illuminate/Container/Container.php(799): Illuminate/Container/BoundMethod::call(Object(Illuminate/Foundation/Application), Array, Array, NULL)
#20 E:/12 RPL/yearbook-class/vendor/laravel/framework/src/Illuminate/Console/Command.php(211): Illuminate/Container/Container->call(Array)
#21 E:/12 RPL/yearbook-class/vendor/symfony/console/Command/Command.php(341): Illuminate/Console/Command->execute(Object(Symfony/Component/Console/Input/ArgvInput), Object(Illuminate/Console/OutputStyle))
#22 E:/12 RPL/yearbook-class/vendor/laravel/framework/src/Illuminate/Console/Command.php(180): Symfony/Component/Console/Command/Command->run(Object(Symfony/Component/Console/Input/ArgvInput), Object(Illuminate/Console/OutputStyle))
#23 E:/12 RPL/yearbook-class/vendor/symfony/console/Application.php(1102): Illuminate/Console/Command->run(Object(Symfony/Component/Console/Input/ArgvInput), Object(Symfony/Component/Console/Output/ConsoleOutput))
#24 E:/12 RPL/yearbook-class/vendor/symfony/console/Application.php(356): Symfony/Component/Console/Application->doRunCommand(Object(Illuminate/Queue/Console/WorkCommand), Object(Symfony/Component/Console/Input/ArgvInput), Object(Symfony/Component/Console/Output/ConsoleOutput))
#25 E:/12 RPL/yearbook-class/vendor/symfony/console/Application.php(195): Symfony/Component/Console/Application->doRun(Object(Symfony/Component/Console/Input/ArgvInput), Object(Symfony/Component/Console/Output/ConsoleOutput))
#26 E:/12 RPL/yearbook-class/vendor/laravel/framework/src/Illuminate/Foundation/Console/Kernel.php(198): Symfony/Component/Console/Application->run(Object(Symfony/Component/Console/Input/ArgvInput), Object(Symfony/Component/Console/Output/ConsoleOutput))
#27 E:/12 RPL/yearbook-class/vendor/laravel/framework/src/Illuminate/Foundation/Application.php(1235): Illuminate/Foundation/Console/Kernel->handle(Object(Symfony/Component/Console/Input/ArgvInput), Object(Symfony/Component/Console/Output/ConsoleOutput))
#28 E:/12 RPL/yearbook-class/artisan(16): Illuminate/Foundation/Application->handleCommand(Object(Symfony/Component/Console/Input/ArgvInput))
#29 {main}

[previous exception] [object] (PDOException(code: 1049): SQLSTATE[HY000] [1049] Unknown database 'laravel' at E:/12 RPL/yearbook-class/vendor/laravel/framework/src/Illuminate/Database/Connectors/Connector.php:66)
[stacktrace]
#0 E:/12 RPL/yearbook-class/vendor/laravel/framework/src/Illuminate/Database/Connectors/Connector.php(66): PDO->__construct('mysql:host=127....', 'root', Object(SensitiveParameterValue), Array)
#1 E:/12 RPL/yearbook-class/vendor/laravel/framework/src/Illuminate/Database/Connectors/Connector.php(44): Illuminate/Database/Connectors/Connector->createPdoConnection('mysql:host=127....', 'root', Object(SensitiveParameterValue), Array)
#2 E:/12 RPL/yearbook-class/vendor/laravel/framework/src/Illuminate/Database/Connectors/MySqlConnector.php(24): Illuminate/Database/Connectors/Connector->createConnection('mysql:host=127....', Array, Array)
#3 E:/12 RPL/yearbook-class/vendor/laravel/framework/src/Illuminate/Database/Connectors/ConnectionFactory.php(186): Illuminate/Database/Connectors/MySqlConnector->connect(Array)
#4 [internal function]: Illuminate/Database/Connectors/ConnectionFactory->Illuminate/Database/Connectors/{closure}()
#5 E:/12 RPL/yearbook-class/vendor/laravel/framework/src/Illuminate/Database/Connection.php(1257): call_user_func(Object(Closure))
#6 E:/12 RPL/yearbook-class/vendor/laravel/framework/src/Illuminate/Database/Connection.php(1295): Illuminate/Database/Connection->getPdo()
#7 E:/12 RPL/yearbook-class/vendor/laravel/framework/src/Illuminate/Database/Connection.php(525): Illuminate/Database/Connection->getReadPdo()
#8 E:/12 RPL/yearbook-class/vendor/laravel/framework/src/Illuminate/Database/Connection.php(420): Illuminate/Database/Connection->getPdoForSelect(true)
#9 E:/12 RPL/yearbook-class/vendor/laravel/framework/src/Illuminate/Database/Connection.php(827): Illuminate/Database/Connection->Illuminate/Database/{closure}('select * from `...', Array)
#10 E:/12 RPL/yearbook-class/vendor/laravel/framework/src/Illuminate/Database/Connection.php(794): Illuminate/Database/Connection->runQueryCallback('select * from `...', Array, Object(Closure))
#11 E:/12 RPL/yearbook-class/vendor/laravel/framework/src/Illuminate/Database/Connection.php(411): Illuminate/Database/Connection->run('select * from `...', Array, Object(Closure))
#12 E:/12 RPL/yearbook-class/vendor/laravel/framework/src/Illuminate/Database/Query/Builder.php(3389): Illuminate/Database/Connection->select('select * from `...', Array, true)
#13 E:/12 RPL/yearbook-class/vendor/laravel/framework/src/Illuminate/Database/Query/Builder.php(3374): Illuminate/Database/Query/Builder->runSelect()
#14 E:/12 RPL/yearbook-class/vendor/laravel/framework/src/Illuminate/Database/Query/Builder.php(3964): Illuminate/Database/Query/Builder->Illuminate/Database/Query/{closure}()
#15 E:/12 RPL/yearbook-class/vendor/laravel/framework/src/Illuminate/Database/Query/Builder.php(3373): Illuminate/Database/Query/Builder->onceWithColumns(Array, Object(Closure))
#16 E:/12 RPL/yearbook-class/vendor/laravel/framework/src/Illuminate/Cache/DatabaseStore.php(130): Illuminate/Database/Query/Builder->get()
#17 E:/12 RPL/yearbook-class/vendor/laravel/framework/src/Illuminate/Cache/DatabaseStore.php(105): Illuminate/Cache/DatabaseStore->many(Array)
#18 E:/12 RPL/yearbook-class/vendor/laravel/framework/src/Illuminate/Cache/Repository.php(122): Illuminate/Cache/DatabaseStore->get('illuminate:queu...')
#19 E:/12 RPL/yearbook-class/vendor/laravel/framework/src/Illuminate/Queue/QueueManager.php(266): Illuminate/Cache/Repository->get('illuminate:queu...', false)
#20 E:/12 RPL/yearbook-class/vendor/laravel/framework/src/Illuminate/Queue/Worker.php(421): Illuminate/Queue/QueueManager->isPaused('database', 'default')
#21 E:/12 RPL/yearbook-class/vendor/laravel/framework/src/Illuminate/Queue/Worker.php(389): Illuminate/Queue/Worker->queuePaused('database', 'default')
#22 E:/12 RPL/yearbook-class/vendor/laravel/framework/src/Illuminate/Queue/Worker.php(350): Illuminate/Queue/Worker->getNextJob(Object(Illuminate/Queue/DatabaseQueue), 'default')
#23 E:/12 RPL/yearbook-class/vendor/laravel/framework/src/Illuminate/Queue/Console/WorkCommand.php(148): Illuminate/Queue/Worker->runNextJob('database', 'default', Object(Illuminate/Queue/WorkerOptions))
#24 E:/12 RPL/yearbook-class/vendor/laravel/framework/src/Illuminate/Queue/Console/WorkCommand.php(131): Illuminate/Queue/Console/WorkCommand->runWorker('database', 'default')
#25 E:/12 RPL/yearbook-class/vendor/laravel/framework/src/Illuminate/Container/BoundMethod.php(36): Illuminate/Queue/Console/WorkCommand->handle()
#26 E:/12 RPL/yearbook-class/vendor/laravel/framework/src/Illuminate/Container/Util.php(43): Illuminate/Container/BoundMethod::Illuminate/Container/{closure}()
#27 E:/12 RPL/yearbook-class/vendor/laravel/framework/src/Illuminate/Container/BoundMethod.php(96): Illuminate/Container/Util::unwrapIfClosure(Object(Closure))
#28 E:/12 RPL/yearbook-class/vendor/laravel/framework/src/Illuminate/Container/BoundMethod.php(35): Illuminate/Container/BoundMethod::callBoundMethod(Object(Illuminate/Foundation/Application), Array, Object(Closure))
#29 E:/12 RPL/yearbook-class/vendor/laravel/framework/src/Illuminate/Container/Container.php(799): Illuminate/Container/BoundMethod::call(Object(Illuminate/Foundation/Application), Array, Array, NULL)
#30 E:/12 RPL/yearbook-class/vendor/laravel/framework/src/Illuminate/Console/Command.php(211): Illuminate/Container/Container->call(Array)
#31 E:/12 RPL/yearbook-class/vendor/symfony/console/Command/Command.php(341): Illuminate/Console/Command->execute(Object(Symfony/Component/Console/Input/ArgvInput), Object(Illuminate/Console/OutputStyle))
#32 E:/12 RPL/yearbook-class/vendor/laravel/framework/src/Illuminate/Console/Command.php(180): Symfony/Component/Console/Command/Command->run(Object(Symfony/Component/Console/Input/ArgvInput), Object(Illuminate/Console/OutputStyle))
#33 E:/12 RPL/yearbook-class/vendor/symfony/console/Application.php(1102): Illuminate/Console/Command->run(Object(Symfony/Component/Console/Input/ArgvInput), Object(Symfony/Component/Console/Output/ConsoleOutput))
#34 E:/12 RPL/yearbook-class/vendor/symfony/console/Application.php(356): Symfony/Component/Console/Application->doRunCommand(Object(Illuminate/Queue/Console/WorkCommand), Object(Symfony/Component/Console/Input/ArgvInput), Object(Symfony/Component/Console/Output/ConsoleOutput))
#35 E:/12 RPL/yearbook-class/vendor/symfony/console/Application.php(195): Symfony/Component/Console/Application->doRun(Object(Symfony/Component/Console/Input/ArgvInput), Object(Symfony/Component/Console/Output/ConsoleOutput))
#36 E:/12 RPL/yearbook-class/vendor/laravel/framework/src/Illuminate/Foundation/Console/Kernel.php(198): Symfony/Component/Console/Application->run(Object(Symfony/Component/Console/Input/ArgvInput), Object(Symfony/Component/Console/Output/ConsoleOutput))
#37 E:/12 RPL/yearbook-class/vendor/laravel/framework/src/Illuminate/Foundation/Application.php(1235): Illuminate/Foundation/Console/Kernel->handle(Object(Symfony/Component/Console/Input/ArgvInput), Object(Symfony/Component/Console/Output/ConsoleOutput))
#38 E:/12 RPL/yearbook-class/artisan(16): Illuminate/Foundation/Application->handleCommand(Object(Symfony/Component/Console/Input/ArgvInput))
#39 {main}
"} 
[2026-01-29 12:16:40] local.ERROR: SQLSTATE[HY000] [1049] Unknown database 'laravel' (Connection: mysql, Host: 127.0.0.1, Port: 3306, Database: laravel, SQL: select * from `cache` where `key` in (laravel_cache_illuminate:queue:paused:database:default)) {"exception":"[object] (Illuminate\\Database\\QueryException(code: 1049): SQLSTATE[HY000] [1049] Unknown database 'laravel' (Connection: mysql, Host: 127.0.0.1, Port: 3306, Database: laravel, SQL: select * from `cache` where `key` in (laravel_cache_illuminate:queue:paused:database:default)) at E:/12 RPL/yearbook-class/vendor/laravel/framework/src/Illuminate/Database/Connection.php:838)
[stacktrace]
#0 E:/12 RPL/yearbook-class/vendor/laravel/framework/src/Illuminate/Database/Connection.php(794): Illuminate/Database/Connection->runQueryCallback('select * from `...', Array, Object(Closure))
#1 E:/12 RPL/yearbook-class/vendor/laravel/framework/src/Illuminate/Database/Connection.php(411): Illuminate/Database/Connection->run('select * from `...', Array, Object(Closure))
#2 E:/12 RPL/yearbook-class/vendor/laravel/framework/src/Illuminate/Database/Query/Builder.php(3389): Illuminate/Database/Connection->select('select * from `...', Array, true)
#3 E:/12 RPL/yearbook-class/vendor/laravel/framework/src/Illuminate/Database/Query/Builder.php(3374): Illuminate/Database/Query/Builder->runSelect()
#4 E:/12 RPL/yearbook-class/vendor/laravel/framework/src/Illuminate/Database/Query/Builder.php(3964): Illuminate/Database/Query/Builder->Illuminate/Database/Query/{closure}()
#5 E:/12 RPL/yearbook-class/vendor/laravel/framework/src/Illuminate/Database/Query/Builder.php(3373): Illuminate/Database/Query/Builder->onceWithColumns(Array, Object(Closure))
#6 E:/12 RPL/yearbook-class/vendor/laravel/framework/src/Illuminate/Cache/DatabaseStore.php(130): Illuminate/Database/Query/Builder->get()
#7 E:/12 RPL/yearbook-class/vendor/laravel/framework/src/Illuminate/Cache/DatabaseStore.php(105): Illuminate/Cache/DatabaseStore->many(Array)
#8 E:/12 RPL/yearbook-class/vendor/laravel/framework/src/Illuminate/Cache/Repository.php(122): Illuminate/Cache/DatabaseStore->get('illuminate:queu...')
#9 E:/12 RPL/yearbook-class/vendor/laravel/framework/src/Illuminate/Queue/QueueManager.php(266): Illuminate/Cache/Repository->get('illuminate:queu...', false)
#10 E:/12 RPL/yearbook-class/vendor/laravel/framework/src/Illuminate/Queue/Worker.php(421): Illuminate/Queue/QueueManager->isPaused('database', 'default')
#11 E:/12 RPL/yearbook-class/vendor/laravel/framework/src/Illuminate/Queue/Worker.php(389): Illuminate/Queue/Worker->queuePaused('database', 'default')
#12 E:/12 RPL/yearbook-class/vendor/laravel/framework/src/Illuminate/Queue/Worker.php(350): Illuminate/Queue/Worker->getNextJob(Object(Illuminate/Queue/DatabaseQueue), 'default')
#13 E:/12 RPL/yearbook-class/vendor/laravel/framework/src/Illuminate/Queue/Console/WorkCommand.php(148): Illuminate/Queue/Worker->runNextJob('database', 'default', Object(Illuminate/Queue/WorkerOptions))
#14 E:/12 RPL/yearbook-class/vendor/laravel/framework/src/Illuminate/Queue/Console/WorkCommand.php(131): Illuminate/Queue/Console/WorkCommand->runWorker('database', 'default')
#15 E:/12 RPL/yearbook-class/vendor/laravel/framework/src/Illuminate/Container/BoundMethod.php(36): Illuminate/Queue/Console/WorkCommand->handle()
#16 E:/12 RPL/yearbook-class/vendor/laravel/framework/src/Illuminate/Container/Util.php(43): Illuminate/Container/BoundMethod::Illuminate/Container/{closure}()
#17 E:/12 RPL/yearbook-class/vendor/laravel/framework/src/Illuminate/Container/BoundMethod.php(96): Illuminate/Container/Util::unwrapIfClosure(Object(Closure))
#18 E:/12 RPL/yearbook-class/vendor/laravel/framework/src/Illuminate/Container/BoundMethod.php(35): Illuminate/Container/BoundMethod::callBoundMethod(Object(Illuminate/Foundation/Application), Array, Object(Closure))
#19 E:/12 RPL/yearbook-class/vendor/laravel/framework/src/Illuminate/Container/Container.php(799): Illuminate/Container/BoundMethod::call(Object(Illuminate/Foundation/Application), Array, Array, NULL)
#20 E:/12 RPL/yearbook-class/vendor/laravel/framework/src/Illuminate/Console/Command.php(211): Illuminate/Container/Container->call(Array)
#21 E:/12 RPL/yearbook-class/vendor/symfony/console/Command/Command.php(341): Illuminate/Console/Command->execute(Object(Symfony/Component/Console/Input/ArgvInput), Object(Illuminate/Console/OutputStyle))
#22 E:/12 RPL/yearbook-class/vendor/laravel/framework/src/Illuminate/Console/Command.php(180): Symfony/Component/Console/Command/Command->run(Object(Symfony/Component/Console/Input/ArgvInput), Object(Illuminate/Console/OutputStyle))
#23 E:/12 RPL/yearbook-class/vendor/symfony/console/Application.php(1102): Illuminate/Console/Command->run(Object(Symfony/Component/Console/Input/ArgvInput), Object(Symfony/Component/Console/Output/ConsoleOutput))
#24 E:/12 RPL/yearbook-class/vendor/symfony/console/Application.php(356): Symfony/Component/Console/Application->doRunCommand(Object(Illuminate/Queue/Console/WorkCommand), Object(Symfony/Component/Console/Input/ArgvInput), Object(Symfony/Component/Console/Output/ConsoleOutput))
#25 E:/12 RPL/yearbook-class/vendor/symfony/console/Application.php(195): Symfony/Component/Console/Application->doRun(Object(Symfony/Component/Console/Input/ArgvInput), Object(Symfony/Component/Console/Output/ConsoleOutput))
#26 E:/12 RPL/yearbook-class/vendor/laravel/framework/src/Illuminate/Foundation/Console/Kernel.php(198): Symfony/Component/Console/Application->run(Object(Symfony/Component/Console/Input/ArgvInput), Object(Symfony/Component/Console/Output/ConsoleOutput))
#27 E:/12 RPL/yearbook-class/vendor/laravel/framework/src/Illuminate/Foundation/Application.php(1235): Illuminate/Foundation/Console/Kernel->handle(Object(Symfony/Component/Console/Input/ArgvInput), Object(Symfony/Component/Console/Output/ConsoleOutput))
#28 E:/12 RPL/yearbook-class/artisan(16): Illuminate/Foundation/Application->handleCommand(Object(Symfony/Component/Console/Input/ArgvInput))
#29 {main}

[previous exception] [object] (PDOException(code: 1049): SQLSTATE[HY000] [1049] Unknown database 'laravel' at E:/12 RPL/yearbook-class/vendor/laravel/framework/src/Illuminate/Database/Connectors/Connector.php:66)
[stacktrace]
#0 E:/12 RPL/yearbook-class/vendor/laravel/framework/src/Illuminate/Database/Connectors/Connector.php(66): PDO->__construct('mysql:host=127....', 'root', Object(SensitiveParameterValue), Array)
#1 E:/12 RPL/yearbook-class/vendor/laravel/framework/src/Illuminate/Database/Connectors/Connector.php(44): Illuminate/Database/Connectors/Connector->createPdoConnection('mysql:host=127....', 'root', Object(SensitiveParameterValue), Array)
#2 E:/12 RPL/yearbook-class/vendor/laravel/framework/src/Illuminate/Database/Connectors/MySqlConnector.php(24): Illuminate/Database/Connectors/Connector->createConnection('mysql:host=127....', Array, Array)
#3 E:/12 RPL/yearbook-class/vendor/laravel/framework/src/Illuminate/Database/Connectors/ConnectionFactory.php(186): Illuminate/Database/Connectors/MySqlConnector->connect(Array)
#4 [internal function]: Illuminate/Database/Connectors/ConnectionFactory->Illuminate/Database/Connectors/{closure}()
#5 E:/12 RPL/yearbook-class/vendor/laravel/framework/src/Illuminate/Database/Connection.php(1257): call_user_func(Object(Closure))
#6 E:/12 RPL/yearbook-class/vendor/laravel/framework/src/Illuminate/Database/Connection.php(1295): Illuminate/Database/Connection->getPdo()
#7 E:/12 RPL/yearbook-class/vendor/laravel/framework/src/Illuminate/Database/Connection.php(525): Illuminate/Database/Connection->getReadPdo()
#8 E:/12 RPL/yearbook-class/vendor/laravel/framework/src/Illuminate/Database/Connection.php(420): Illuminate/Database/Connection->getPdoForSelect(true)
#9 E:/12 RPL/yearbook-class/vendor/laravel/framework/src/Illuminate/Database/Connection.php(827): Illuminate/Database/Connection->Illuminate/Database/{closure}('select * from `...', Array)
#10 E:/12 RPL/yearbook-class/vendor/laravel/framework/src/Illuminate/Database/Connection.php(794): Illuminate/Database/Connection->runQueryCallback('select * from `...', Array, Object(Closure))
#11 E:/12 RPL/yearbook-class/vendor/laravel/framework/src/Illuminate/Database/Connection.php(411): Illuminate/Database/Connection->run('select * from `...', Array, Object(Closure))
#12 E:/12 RPL/yearbook-class/vendor/laravel/framework/src/Illuminate/Database/Query/Builder.php(3389): Illuminate/Database/Connection->select('select * from `...', Array, true)
#13 E:/12 RPL/yearbook-class/vendor/laravel/framework/src/Illuminate/Database/Query/Builder.php(3374): Illuminate/Database/Query/Builder->runSelect()
#14 E:/12 RPL/yearbook-class/vendor/laravel/framework/src/Illuminate/Database/Query/Builder.php(3964): Illuminate/Database/Query/Builder->Illuminate/Database/Query/{closure}()
#15 E:/12 RPL/yearbook-class/vendor/laravel/framework/src/Illuminate/Database/Query/Builder.php(3373): Illuminate/Database/Query/Builder->onceWithColumns(Array, Object(Closure))
#16 E:/12 RPL/yearbook-class/vendor/laravel/framework/src/Illuminate/Cache/DatabaseStore.php(130): Illuminate/Database/Query/Builder->get()
#17 E:/12 RPL/yearbook-class/vendor/laravel/framework/src/Illuminate/Cache/DatabaseStore.php(105): Illuminate/Cache/DatabaseStore->many(Array)
#18 E:/12 RPL/yearbook-class/vendor/laravel/framework/src/Illuminate/Cache/Repository.php(122): Illuminate/Cache/DatabaseStore->get('illuminate:queu...')
#19 E:/12 RPL/yearbook-class/vendor/laravel/framework/src/Illuminate/Queue/QueueManager.php(266): Illuminate/Cache/Repository->get('illuminate:queu...', false)
#20 E:/12 RPL/yearbook-class/vendor/laravel/framework/src/Illuminate/Queue/Worker.php(421): Illuminate/Queue/QueueManager->isPaused('database', 'default')
#21 E:/12 RPL/yearbook-class/vendor/laravel/framework/src/Illuminate/Queue/Worker.php(389): Illuminate/Queue/Worker->queuePaused('database', 'default')
#22 E:/12 RPL/yearbook-class/vendor/laravel/framework/src/Illuminate/Queue/Worker.php(350): Illuminate/Queue/Worker->getNextJob(Object(Illuminate/Queue/DatabaseQueue), 'default')
#23 E:/12 RPL/yearbook-class/vendor/laravel/framework/src/Illuminate/Queue/Console/WorkCommand.php(148): Illuminate/Queue/Worker->runNextJob('database', 'default', Object(Illuminate/Queue/WorkerOptions))
#24 E:/12 RPL/yearbook-class/vendor/laravel/framework/src/Illuminate/Queue/Console/WorkCommand.php(131): Illuminate/Queue/Console/WorkCommand->runWorker('database', 'default')
#25 E:/12 RPL/yearbook-class/vendor/laravel/framework/src/Illuminate/Container/BoundMethod.php(36): Illuminate/Queue/Console/WorkCommand->handle()
#26 E:/12 RPL/yearbook-class/vendor/laravel/framework/src/Illuminate/Container/Util.php(43): Illuminate/Container/BoundMethod::Illuminate/Container/{closure}()
#27 E:/12 RPL/yearbook-class/vendor/laravel/framework/src/Illuminate/Container/BoundMethod.php(96): Illuminate/Container/Util::unwrapIfClosure(Object(Closure))
#28 E:/12 RPL/yearbook-class/vendor/laravel/framework/src/Illuminate/Container/BoundMethod.php(35): Illuminate/Container/BoundMethod::callBoundMethod(Object(Illuminate/Foundation/Application), Array, Object(Closure))
#29 E:/12 RPL/yearbook-class/vendor/laravel/framework/src/Illuminate/Container/Container.php(799): Illuminate/Container/BoundMethod::call(Object(Illuminate/Foundation/Application), Array, Array, NULL)
#30 E:/12 RPL/yearbook-class/vendor/laravel/framework/src/Illuminate/Console/Command.php(211): Illuminate/Container/Container->call(Array)
#31 E:/12 RPL/yearbook-class/vendor/symfony/console/Command/Command.php(341): Illuminate/Console/Command->execute(Object(Symfony/Component/Console/Input/ArgvInput), Object(Illuminate/Console/OutputStyle))
#32 E:/12 RPL/yearbook-class/vendor/laravel/framework/src/Illuminate/Console/Command.php(180): Symfony/Component/Console/Command/Command->run(Object(Symfony/Component/Console/Input/ArgvInput), Object(Illuminate/Console/OutputStyle))
#33 E:/12 RPL/yearbook-class/vendor/symfony/console/Application.php(1102): Illuminate/Console/Command->run(Object(Symfony/Component/Console/Input/ArgvInput), Object(Symfony/Component/Console/Output/ConsoleOutput))
#34 E:/12 RPL/yearbook-class/vendor/symfony/console/Application.php(356): Symfony/Component/Console/Application->doRunCommand(Object(Illuminate/Queue/Console/WorkCommand), Object(Symfony/Component/Console/Input/ArgvInput), Object(Symfony/Component/Console/Output/ConsoleOutput))
#35 E:/12 RPL/yearbook-class/vendor/symfony/console/Application.php(195): Symfony/Component/Console/Application->doRun(Object(Symfony/Component/Console/Input/ArgvInput), Object(Symfony/Component/Console/Output/ConsoleOutput))
#36 E:/12 RPL/yearbook-class/vendor/laravel/framework/src/Illuminate/Foundation/Console/Kernel.php(198): Symfony/Component/Console/Application->run(Object(Symfony/Component/Console/Input/ArgvInput), Object(Symfony/Component/Console/Output/ConsoleOutput))
#37 E:/12 RPL/yearbook-class/vendor/laravel/framework/src/Illuminate/Foundation/Application.php(1235): Illuminate/Foundation/Console/Kernel->handle(Object(Symfony/Component/Console/Input/ArgvInput), Object(Symfony/Component/Console/Output/ConsoleOutput))
#38 E:/12 RPL/yearbook-class/artisan(16): Illuminate/Foundation/Application->handleCommand(Object(Symfony/Component/Console/Input/ArgvInput))
#39 {main}
"} 
[2026-01-29 12:16:45] local.ERROR: SQLSTATE[HY000] [1049] Unknown database 'laravel' (Connection: mysql, Host: 127.0.0.1, Port: 3306, Database: laravel, SQL: select * from `cache` where `key` in (laravel_cache_illuminate:queue:paused:database:default)) {"exception":"[object] (Illuminate\\Database\\QueryException(code: 1049): SQLSTATE[HY000] [1049] Unknown database 'laravel' (Connection: mysql, Host: 127.0.0.1, Port: 3306, Database: laravel, SQL: select * from `cache` where `key` in (laravel_cache_illuminate:queue:paused:database:default)) at E:/12 RPL/yearbook-class/vendor/laravel/framework/src/Illuminate/Database/Connection.php:838)
[stacktrace]
#0 E:/12 RPL/yearbook-class/vendor/laravel/framework/src/Illuminate/Database/Connection.php(794): Illuminate/Database/Connection->runQueryCallback('select * from `...', Array, Object(Closure))
#1 E:/12 RPL/yearbook-class/vendor/laravel/framework/src/Illuminate/Database/Connection.php(411): Illuminate/Database/Connection->run('select * from `...', Array, Object(Closure))
#2 E:/12 RPL/yearbook-class/vendor/laravel/framework/src/Illuminate/Database/Query/Builder.php(3389): Illuminate/Database/Connection->select('select * from `...', Array, true)
#3 E:/12 RPL/yearbook-class/vendor/laravel/framework/src/Illuminate/Database/Query/Builder.php(3374): Illuminate/Database/Query/Builder->runSelect()
#4 E:/12 RPL/yearbook-class/vendor/laravel/framework/src/Illuminate/Database/Query/Builder.php(3964): Illuminate/Database/Query/Builder->Illuminate/Database/Query/{closure}()
#5 E:/12 RPL/yearbook-class/vendor/laravel/framework/src/Illuminate/Database/Query/Builder.php(3373): Illuminate/Database/Query/Builder->onceWithColumns(Array, Object(Closure))
#6 E:/12 RPL/yearbook-class/vendor/laravel/framework/src/Illuminate/Cache/DatabaseStore.php(130): Illuminate/Database/Query/Builder->get()
#7 E:/12 RPL/yearbook-class/vendor/laravel/framework/src/Illuminate/Cache/DatabaseStore.php(105): Illuminate/Cache/DatabaseStore->many(Array)
#8 E:/12 RPL/yearbook-class/vendor/laravel/framework/src/Illuminate/Cache/Repository.php(122): Illuminate/Cache/DatabaseStore->get('illuminate:queu...')
#9 E:/12 RPL/yearbook-class/vendor/laravel/framework/src/Illuminate/Queue/QueueManager.php(266): Illuminate/Cache/Repository->get('illuminate:queu...', false)
#10 E:/12 RPL/yearbook-class/vendor/laravel/framework/src/Illuminate/Queue/Worker.php(421): Illuminate/Queue/QueueManager->isPaused('database', 'default')
#11 E:/12 RPL/yearbook-class/vendor/laravel/framework/src/Illuminate/Queue/Worker.php(389): Illuminate/Queue/Worker->queuePaused('database', 'default')
#12 E:/12 RPL/yearbook-class/vendor/laravel/framework/src/Illuminate/Queue/Worker.php(350): Illuminate/Queue/Worker->getNextJob(Object(Illuminate/Queue/DatabaseQueue), 'default')
#13 E:/12 RPL/yearbook-class/vendor/laravel/framework/src/Illuminate/Queue/Console/WorkCommand.php(148): Illuminate/Queue/Worker->runNextJob('database', 'default', Object(Illuminate/Queue/WorkerOptions))
#14 E:/12 RPL/yearbook-class/vendor/laravel/framework/src/Illuminate/Queue/Console/WorkCommand.php(131): Illuminate/Queue/Console/WorkCommand->runWorker('database', 'default')
#15 E:/12 RPL/yearbook-class/vendor/laravel/framework/src/Illuminate/Container/BoundMethod.php(36): Illuminate/Queue/Console/WorkCommand->handle()
#16 E:/12 RPL/yearbook-class/vendor/laravel/framework/src/Illuminate/Container/Util.php(43): Illuminate/Container/BoundMethod::Illuminate/Container/{closure}()
#17 E:/12 RPL/yearbook-class/vendor/laravel/framework/src/Illuminate/Container/BoundMethod.php(96): Illuminate/Container/Util::unwrapIfClosure(Object(Closure))
#18 E:/12 RPL/yearbook-class/vendor/laravel/framework/src/Illuminate/Container/BoundMethod.php(35): Illuminate/Container/BoundMethod::callBoundMethod(Object(Illuminate/Foundation/Application), Array, Object(Closure))
#19 E:/12 RPL/yearbook-class/vendor/laravel/framework/src/Illuminate/Container/Container.php(799): Illuminate/Container/BoundMethod::call(Object(Illuminate/Foundation/Application), Array, Array, NULL)
#20 E:/12 RPL/yearbook-class/vendor/laravel/framework/src/Illuminate/Console/Command.php(211): Illuminate/Container/Container->call(Array)
#21 E:/12 RPL/yearbook-class/vendor/symfony/console/Command/Command.php(341): Illuminate/Console/Command->execute(Object(Symfony/Component/Console/Input/ArgvInput), Object(Illuminate/Console/OutputStyle))
#22 E:/12 RPL/yearbook-class/vendor/laravel/framework/src/Illuminate/Console/Command.php(180): Symfony/Component/Console/Command/Command->run(Object(Symfony/Component/Console/Input/ArgvInput), Object(Illuminate/Console/OutputStyle))
#23 E:/12 RPL/yearbook-class/vendor/symfony/console/Application.php(1102): Illuminate/Console/Command->run(Object(Symfony/Component/Console/Input/ArgvInput), Object(Symfony/Component/Console/Output/ConsoleOutput))
#24 E:/12 RPL/yearbook-class/vendor/symfony/console/Application.php(356): Symfony/Component/Console/Application->doRunCommand(Object(Illuminate/Queue/Console/WorkCommand), Object(Symfony/Component/Console/Input/ArgvInput), Object(Symfony/Component/Console/Output/ConsoleOutput))
#25 E:/12 RPL/yearbook-class/vendor/symfony/console/Application.php(195): Symfony/Component/Console/Application->doRun(Object(Symfony/Component/Console/Input/ArgvInput), Object(Symfony/Component/Console/Output/ConsoleOutput))
#26 E:/12 RPL/yearbook-class/vendor/laravel/framework/src/Illuminate/Foundation/Console/Kernel.php(198): Symfony/Component/Console/Application->run(Object(Symfony/Component/Console/Input/ArgvInput), Object(Symfony/Component/Console/Output/ConsoleOutput))
#27 E:/12 RPL/yearbook-class/vendor/laravel/framework/src/Illuminate/Foundation/Application.php(1235): Illuminate/Foundation/Console/Kernel->handle(Object(Symfony/Component/Console/Input/ArgvInput), Object(Symfony/Component/Console/Output/ConsoleOutput))
#28 E:/12 RPL/yearbook-class/artisan(16): Illuminate/Foundation/Application->handleCommand(Object(Symfony/Component/Console/Input/ArgvInput))
#29 {main}

[previous exception] [object] (PDOException(code: 1049): SQLSTATE[HY000] [1049] Unknown database 'laravel' at E:/12 RPL/yearbook-class/vendor/laravel/framework/src/Illuminate/Database/Connectors/Connector.php:66)
[stacktrace]
#0 E:/12 RPL/yearbook-class/vendor/laravel/framework/src/Illuminate/Database/Connectors/Connector.php(66): PDO->__construct('mysql:host=127....', 'root', Object(SensitiveParameterValue), Array)
#1 E:/12 RPL/yearbook-class/vendor/laravel/framework/src/Illuminate/Database/Connectors/Connector.php(44): Illuminate/Database/Connectors/Connector->createPdoConnection('mysql:host=127....', 'root', Object(SensitiveParameterValue), Array)
#2 E:/12 RPL/yearbook-class/vendor/laravel/framework/src/Illuminate/Database/Connectors/MySqlConnector.php(24): Illuminate/Database/Connectors/Connector->createConnection('mysql:host=127....', Array, Array)
#3 E:/12 RPL/yearbook-class/vendor/laravel/framework/src/Illuminate/Database/Connectors/ConnectionFactory.php(186): Illuminate/Database/Connectors/MySqlConnector->connect(Array)
#4 [internal function]: Illuminate/Database/Connectors/ConnectionFactory->Illuminate/Database/Connectors/{closure}()
#5 E:/12 RPL/yearbook-class/vendor/laravel/framework/src/Illuminate/Database/Connection.php(1257): call_user_func(Object(Closure))
#6 E:/12 RPL/yearbook-class/vendor/laravel/framework/src/Illuminate/Database/Connection.php(1295): Illuminate/Database/Connection->getPdo()
#7 E:/12 RPL/yearbook-class/vendor/laravel/framework/src/Illuminate/Database/Connection.php(525): Illuminate/Database/Connection->getReadPdo()
#8 E:/12 RPL/yearbook-class/vendor/laravel/framework/src/Illuminate/Database/Connection.php(420): Illuminate/Database/Connection->getPdoForSelect(true)
#9 E:/12 RPL/yearbook-class/vendor/laravel/framework/src/Illuminate/Database/Connection.php(827): Illuminate/Database/Connection->Illuminate/Database/{closure}('select * from `...', Array)
#10 E:/12 RPL/yearbook-class/vendor/laravel/framework/src/Illuminate/Database/Connection.php(794): Illuminate/Database/Connection->runQueryCallback('select * from `...', Array, Object(Closure))
#11 E:/12 RPL/yearbook-class/vendor/laravel/framework/src/Illuminate/Database/Connection.php(411): Illuminate/Database/Connection->run('select * from `...', Array, Object(Closure))
#12 E:/12 RPL/yearbook-class/vendor/laravel/framework/src/Illuminate/Database/Query/Builder.php(3389): Illuminate/Database/Connection->select('select * from `...', Array, true)
#13 E:/12 RPL/yearbook-class/vendor/laravel/framework/src/Illuminate/Database/Query/Builder.php(3374): Illuminate/Database/Query/Builder->runSelect()
#14 E:/12 RPL/yearbook-class/vendor/laravel/framework/src/Illuminate/Database/Query/Builder.php(3964): Illuminate/Database/Query/Builder->Illuminate/Database/Query/{closure}()
#15 E:/12 RPL/yearbook-class/vendor/laravel/framework/src/Illuminate/Database/Query/Builder.php(3373): Illuminate/Database/Query/Builder->onceWithColumns(Array, Object(Closure))
#16 E:/12 RPL/yearbook-class/vendor/laravel/framework/src/Illuminate/Cache/DatabaseStore.php(130): Illuminate/Database/Query/Builder->get()
#17 E:/12 RPL/yearbook-class/vendor/laravel/framework/src/Illuminate/Cache/DatabaseStore.php(105): Illuminate/Cache/DatabaseStore->many(Array)
#18 E:/12 RPL/yearbook-class/vendor/laravel/framework/src/Illuminate/Cache/Repository.php(122): Illuminate/Cache/DatabaseStore->get('illuminate:queu...')
#19 E:/12 RPL/yearbook-class/vendor/laravel/framework/src/Illuminate/Queue/QueueManager.php(266): Illuminate/Cache/Repository->get('illuminate:queu...', false)
#20 E:/12 RPL/yearbook-class/vendor/laravel/framework/src/Illuminate/Queue/Worker.php(421): Illuminate/Queue/QueueManager->isPaused('database', 'default')
#21 E:/12 RPL/yearbook-class/vendor/laravel/framework/src/Illuminate/Queue/Worker.php(389): Illuminate/Queue/Worker->queuePaused('database', 'default')
#22 E:/12 RPL/yearbook-class/vendor/laravel/framework/src/Illuminate/Queue/Worker.php(350): Illuminate/Queue/Worker->getNextJob(Object(Illuminate/Queue/DatabaseQueue), 'default')
#23 E:/12 RPL/yearbook-class/vendor/laravel/framework/src/Illuminate/Queue/Console/WorkCommand.php(148): Illuminate/Queue/Worker->runNextJob('database', 'default', Object(Illuminate/Queue/WorkerOptions))
#24 E:/12 RPL/yearbook-class/vendor/laravel/framework/src/Illuminate/Queue/Console/WorkCommand.php(131): Illuminate/Queue/Console/WorkCommand->runWorker('database', 'default')
#25 E:/12 RPL/yearbook-class/vendor/laravel/framework/src/Illuminate/Container/BoundMethod.php(36): Illuminate/Queue/Console/WorkCommand->handle()
#26 E:/12 RPL/yearbook-class/vendor/laravel/framework/src/Illuminate/Container/Util.php(43): Illuminate/Container/BoundMethod::Illuminate/Container/{closure}()
#27 E:/12 RPL/yearbook-class/vendor/laravel/framework/src/Illuminate/Container/BoundMethod.php(96): Illuminate/Container/Util::unwrapIfClosure(Object(Closure))
#28 E:/12 RPL/yearbook-class/vendor/laravel/framework/src/Illuminate/Container/BoundMethod.php(35): Illuminate/Container/BoundMethod::callBoundMethod(Object(Illuminate/Foundation/Application), Array, Object(Closure))
#29 E:/12 RPL/yearbook-class/vendor/laravel/framework/src/Illuminate/Container/Container.php(799): Illuminate/Container/BoundMethod::call(Object(Illuminate/Foundation/Application), Array, Array, NULL)
#30 E:/12 RPL/yearbook-class/vendor/laravel/framework/src/Illuminate/Console/Command.php(211): Illuminate/Container/Container->call(Array)
#31 E:/12 RPL/yearbook-class/vendor/symfony/console/Command/Command.php(341): Illuminate/Console/Command->execute(Object(Symfony/Component/Console/Input/ArgvInput), Object(Illuminate/Console/OutputStyle))
#32 E:/12 RPL/yearbook-class/vendor/laravel/framework/src/Illuminate/Console/Command.php(180): Symfony/Component/Console/Command/Command->run(Object(Symfony/Component/Console/Input/ArgvInput), Object(Illuminate/Console/OutputStyle))
#33 E:/12 RPL/yearbook-class/vendor/symfony/console/Application.php(1102): Illuminate/Console/Command->run(Object(Symfony/Component/Console/Input/ArgvInput), Object(Symfony/Component/Console/Output/ConsoleOutput))
#34 E:/12 RPL/yearbook-class/vendor/symfony/console/Application.php(356): Symfony/Component/Console/Application->doRunCommand(Object(Illuminate/Queue/Console/WorkCommand), Object(Symfony/Component/Console/Input/ArgvInput), Object(Symfony/Component/Console/Output/ConsoleOutput))
#35 E:/12 RPL/yearbook-class/vendor/symfony/console/Application.php(195): Symfony/Component/Console/Application->doRun(Object(Symfony/Component/Console/Input/ArgvInput), Object(Symfony/Component/Console/Output/ConsoleOutput))
#36 E:/12 RPL/yearbook-class/vendor/laravel/framework/src/Illuminate/Foundation/Console/Kernel.php(198): Symfony/Component/Console/Application->run(Object(Symfony/Component/Console/Input/ArgvInput), Object(Symfony/Component/Console/Output/ConsoleOutput))
#37 E:/12 RPL/yearbook-class/vendor/laravel/framework/src/Illuminate/Foundation/Application.php(1235): Illuminate/Foundation/Console/Kernel->handle(Object(Symfony/Component/Console/Input/ArgvInput), Object(Symfony/Component/Console/Output/ConsoleOutput))
#38 E:/12 RPL/yearbook-class/artisan(16): Illuminate/Foundation/Application->handleCommand(Object(Symfony/Component/Console/Input/ArgvInput))
#39 {main}
"} 
[2026-01-29 12:16:50] local.ERROR: SQLSTATE[HY000] [1049] Unknown database 'laravel' (Connection: mysql, Host: 127.0.0.1, Port: 3306, Database: laravel, SQL: select * from `cache` where `key` in (laravel_cache_illuminate:queue:paused:database:default)) {"exception":"[object] (Illuminate\\Database\\QueryException(code: 1049): SQLSTATE[HY000] [1049] Unknown database 'laravel' (Connection: mysql, Host: 127.0.0.1, Port: 3306, Database: laravel, SQL: select * from `cache` where `key` in (laravel_cache_illuminate:queue:paused:database:default)) at E:/12 RPL/yearbook-class/vendor/laravel/framework/src/Illuminate/Database/Connection.php:838)
[stacktrace]
#0 E:/12 RPL/yearbook-class/vendor/laravel/framework/src/Illuminate/Database/Connection.php(794): Illuminate/Database/Connection->runQueryCallback('select * from `...', Array, Object(Closure))
#1 E:/12 RPL/yearbook-class/vendor/laravel/framework/src/Illuminate/Database/Connection.php(411): Illuminate/Database/Connection->run('select * from `...', Array, Object(Closure))
#2 E:/12 RPL/yearbook-class/vendor/laravel/framework/src/Illuminate/Database/Query/Builder.php(3389): Illuminate/Database/Connection->select('select * from `...', Array, true)
#3 E:/12 RPL/yearbook-class/vendor/laravel/framework/src/Illuminate/Database/Query/Builder.php(3374): Illuminate/Database/Query/Builder->runSelect()
#4 E:/12 RPL/yearbook-class/vendor/laravel/framework/src/Illuminate/Database/Query/Builder.php(3964): Illuminate/Database/Query/Builder->Illuminate/Database/Query/{closure}()
#5 E:/12 RPL/yearbook-class/vendor/laravel/framework/src/Illuminate/Database/Query/Builder.php(3373): Illuminate/Database/Query/Builder->onceWithColumns(Array, Object(Closure))
#6 E:/12 RPL/yearbook-class/vendor/laravel/framework/src/Illuminate/Cache/DatabaseStore.php(130): Illuminate/Database/Query/Builder->get()
#7 E:/12 RPL/yearbook-class/vendor/laravel/framework/src/Illuminate/Cache/DatabaseStore.php(105): Illuminate/Cache/DatabaseStore->many(Array)
#8 E:/12 RPL/yearbook-class/vendor/laravel/framework/src/Illuminate/Cache/Repository.php(122): Illuminate/Cache/DatabaseStore->get('illuminate:queu...')
#9 E:/12 RPL/yearbook-class/vendor/laravel/framework/src/Illuminate/Queue/QueueManager.php(266): Illuminate/Cache/Repository->get('illuminate:queu...', false)
#10 E:/12 RPL/yearbook-class/vendor/laravel/framework/src/Illuminate/Queue/Worker.php(421): Illuminate/Queue/QueueManager->isPaused('database', 'default')
#11 E:/12 RPL/yearbook-class/vendor/laravel/framework/src/Illuminate/Queue/Worker.php(389): Illuminate/Queue/Worker->queuePaused('database', 'default')
#12 E:/12 RPL/yearbook-class/vendor/laravel/framework/src/Illuminate/Queue/Worker.php(350): Illuminate/Queue/Worker->getNextJob(Object(Illuminate/Queue/DatabaseQueue), 'default')
#13 E:/12 RPL/yearbook-class/vendor/laravel/framework/src/Illuminate/Queue/Console/WorkCommand.php(148): Illuminate/Queue/Worker->runNextJob('database', 'default', Object(Illuminate/Queue/WorkerOptions))
#14 E:/12 RPL/yearbook-class/vendor/laravel/framework/src/Illuminate/Queue/Console/WorkCommand.php(131): Illuminate/Queue/Console/WorkCommand->runWorker('database', 'default')
#15 E:/12 RPL/yearbook-class/vendor/laravel/framework/src/Illuminate/Container/BoundMethod.php(36): Illuminate/Queue/Console/WorkCommand->handle()
#16 E:/12 RPL/yearbook-class/vendor/laravel/framework/src/Illuminate/Container/Util.php(43): Illuminate/Container/BoundMethod::Illuminate/Container/{closure}()
#17 E:/12 RPL/yearbook-class/vendor/laravel/framework/src/Illuminate/Container/BoundMethod.php(96): Illuminate/Container/Util::unwrapIfClosure(Object(Closure))
#18 E:/12 RPL/yearbook-class/vendor/laravel/framework/src/Illuminate/Container/BoundMethod.php(35): Illuminate/Container/BoundMethod::callBoundMethod(Object(Illuminate/Foundation/Application), Array, Object(Closure))
#19 E:/12 RPL/yearbook-class/vendor/laravel/framework/src/Illuminate/Container/Container.php(799): Illuminate/Container/BoundMethod::call(Object(Illuminate/Foundation/Application), Array, Array, NULL)
#20 E:/12 RPL/yearbook-class/vendor/laravel/framework/src/Illuminate/Console/Command.php(211): Illuminate/Container/Container->call(Array)
#21 E:/12 RPL/yearbook-class/vendor/symfony/console/Command/Command.php(341): Illuminate/Console/Command->execute(Object(Symfony/Component/Console/Input/ArgvInput), Object(Illuminate/Console/OutputStyle))
#22 E:/12 RPL/yearbook-class/vendor/laravel/framework/src/Illuminate/Console/Command.php(180): Symfony/Component/Console/Command/Command->run(Object(Symfony/Component/Console/Input/ArgvInput), Object(Illuminate/Console/OutputStyle))
#23 E:/12 RPL/yearbook-class/vendor/symfony/console/Application.php(1102): Illuminate/Console/Command->run(Object(Symfony/Component/Console/Input/ArgvInput), Object(Symfony/Component/Console/Output/ConsoleOutput))
#24 E:/12 RPL/yearbook-class/vendor/symfony/console/Application.php(356): Symfony/Component/Console/Application->doRunCommand(Object(Illuminate/Queue/Console/WorkCommand), Object(Symfony/Component/Console/Input/ArgvInput), Object(Symfony/Component/Console/Output/ConsoleOutput))
#25 E:/12 RPL/yearbook-class/vendor/symfony/console/Application.php(195): Symfony/Component/Console/Application->doRun(Object(Symfony/Component/Console/Input/ArgvInput), Object(Symfony/Component/Console/Output/ConsoleOutput))
#26 E:/12 RPL/yearbook-class/vendor/laravel/framework/src/Illuminate/Foundation/Console/Kernel.php(198): Symfony/Component/Console/Application->run(Object(Symfony/Component/Console/Input/ArgvInput), Object(Symfony/Component/Console/Output/ConsoleOutput))
#27 E:/12 RPL/yearbook-class/vendor/laravel/framework/src/Illuminate/Foundation/Application.php(1235): Illuminate/Foundation/Console/Kernel->handle(Object(Symfony/Component/Console/Input/ArgvInput), Object(Symfony/Component/Console/Output/ConsoleOutput))
#28 E:/12 RPL/yearbook-class/artisan(16): Illuminate/Foundation/Application->handleCommand(Object(Symfony/Component/Console/Input/ArgvInput))
#29 {main}

[previous exception] [object] (PDOException(code: 1049): SQLSTATE[HY000] [1049] Unknown database 'laravel' at E:/12 RPL/yearbook-class/vendor/laravel/framework/src/Illuminate/Database/Connectors/Connector.php:66)
[stacktrace]
#0 E:/12 RPL/yearbook-class/vendor/laravel/framework/src/Illuminate/Database/Connectors/Connector.php(66): PDO->__construct('mysql:host=127....', 'root', Object(SensitiveParameterValue), Array)
#1 E:/12 RPL/yearbook-class/vendor/laravel/framework/src/Illuminate/Database/Connectors/Connector.php(44): Illuminate/Database/Connectors/Connector->createPdoConnection('mysql:host=127....', 'root', Object(SensitiveParameterValue), Array)
#2 E:/12 RPL/yearbook-class/vendor/laravel/framework/src/Illuminate/Database/Connectors/MySqlConnector.php(24): Illuminate/Database/Connectors/Connector->createConnection('mysql:host=127....', Array, Array)
#3 E:/12 RPL/yearbook-class/vendor/laravel/framework/src/Illuminate/Database/Connectors/ConnectionFactory.php(186): Illuminate/Database/Connectors/MySqlConnector->connect(Array)
#4 [internal function]: Illuminate/Database/Connectors/ConnectionFactory->Illuminate/Database/Connectors/{closure}()
#5 E:/12 RPL/yearbook-class/vendor/laravel/framework/src/Illuminate/Database/Connection.php(1257): call_user_func(Object(Closure))
#6 E:/12 RPL/yearbook-class/vendor/laravel/framework/src/Illuminate/Database/Connection.php(1295): Illuminate/Database/Connection->getPdo()
#7 E:/12 RPL/yearbook-class/vendor/laravel/framework/src/Illuminate/Database/Connection.php(525): Illuminate/Database/Connection->getReadPdo()
#8 E:/12 RPL/yearbook-class/vendor/laravel/framework/src/Illuminate/Database/Connection.php(420): Illuminate/Database/Connection->getPdoForSelect(true)
#9 E:/12 RPL/yearbook-class/vendor/laravel/framework/src/Illuminate/Database/Connection.php(827): Illuminate/Database/Connection->Illuminate/Database/{closure}('select * from `...', Array)
#10 E:/12 RPL/yearbook-class/vendor/laravel/framework/src/Illuminate/Database/Connection.php(794): Illuminate/Database/Connection->runQueryCallback('select * from `...', Array, Object(Closure))
#11 E:/12 RPL/yearbook-class/vendor/laravel/framework/src/Illuminate/Database/Connection.php(411): Illuminate/Database/Connection->run('select * from `...', Array, Object(Closure))
#12 E:/12 RPL/yearbook-class/vendor/laravel/framework/src/Illuminate/Database/Query/Builder.php(3389): Illuminate/Database/Connection->select('select * from `...', Array, true)
#13 E:/12 RPL/yearbook-class/vendor/laravel/framework/src/Illuminate/Database/Query/Builder.php(3374): Illuminate/Database/Query/Builder->runSelect()
#14 E:/12 RPL/yearbook-class/vendor/laravel/framework/src/Illuminate/Database/Query/Builder.php(3964): Illuminate/Database/Query/Builder->Illuminate/Database/Query/{closure}()
#15 E:/12 RPL/yearbook-class/vendor/laravel/framework/src/Illuminate/Database/Query/Builder.php(3373): Illuminate/Database/Query/Builder->onceWithColumns(Array, Object(Closure))
#16 E:/12 RPL/yearbook-class/vendor/laravel/framework/src/Illuminate/Cache/DatabaseStore.php(130): Illuminate/Database/Query/Builder->get()
#17 E:/12 RPL/yearbook-class/vendor/laravel/framework/src/Illuminate/Cache/DatabaseStore.php(105): Illuminate/Cache/DatabaseStore->many(Array)
#18 E:/12 RPL/yearbook-class/vendor/laravel/framework/src/Illuminate/Cache/Repository.php(122): Illuminate/Cache/DatabaseStore->get('illuminate:queu...')
#19 E:/12 RPL/yearbook-class/vendor/laravel/framework/src/Illuminate/Queue/QueueManager.php(266): Illuminate/Cache/Repository->get('illuminate:queu...', false)
#20 E:/12 RPL/yearbook-class/vendor/laravel/framework/src/Illuminate/Queue/Worker.php(421): Illuminate/Queue/QueueManager->isPaused('database', 'default')
#21 E:/12 RPL/yearbook-class/vendor/laravel/framework/src/Illuminate/Queue/Worker.php(389): Illuminate/Queue/Worker->queuePaused('database', 'default')
#22 E:/12 RPL/yearbook-class/vendor/laravel/framework/src/Illuminate/Queue/Worker.php(350): Illuminate/Queue/Worker->getNextJob(Object(Illuminate/Queue/DatabaseQueue), 'default')
#23 E:/12 RPL/yearbook-class/vendor/laravel/framework/src/Illuminate/Queue/Console/WorkCommand.php(148): Illuminate/Queue/Worker->runNextJob('database', 'default', Object(Illuminate/Queue/WorkerOptions))
#24 E:/12 RPL/yearbook-class/vendor/laravel/framework/src/Illuminate/Queue/Console/WorkCommand.php(131): Illuminate/Queue/Console/WorkCommand->runWorker('database', 'default')
#25 E:/12 RPL/yearbook-class/vendor/laravel/framework/src/Illuminate/Container/BoundMethod.php(36): Illuminate/Queue/Console/WorkCommand->handle()
#26 E:/12 RPL/yearbook-class/vendor/laravel/framework/src/Illuminate/Container/Util.php(43): Illuminate/Container/BoundMethod::Illuminate/Container/{closure}()
#27 E:/12 RPL/yearbook-class/vendor/laravel/framework/src/Illuminate/Container/BoundMethod.php(96): Illuminate/Container/Util::unwrapIfClosure(Object(Closure))
#28 E:/12 RPL/yearbook-class/vendor/laravel/framework/src/Illuminate/Container/BoundMethod.php(35): Illuminate/Container/BoundMethod::callBoundMethod(Object(Illuminate/Foundation/Application), Array, Object(Closure))
#29 E:/12 RPL/yearbook-class/vendor/laravel/framework/src/Illuminate/Container/Container.php(799): Illuminate/Container/BoundMethod::call(Object(Illuminate/Foundation/Application), Array, Array, NULL)
#30 E:/12 RPL/yearbook-class/vendor/laravel/framework/src/Illuminate/Console/Command.php(211): Illuminate/Container/Container->call(Array)
#31 E:/12 RPL/yearbook-class/vendor/symfony/console/Command/Command.php(341): Illuminate/Console/Command->execute(Object(Symfony/Component/Console/Input/ArgvInput), Object(Illuminate/Console/OutputStyle))
#32 E:/12 RPL/yearbook-class/vendor/laravel/framework/src/Illuminate/Console/Command.php(180): Symfony/Component/Console/Command/Command->run(Object(Symfony/Component/Console/Input/ArgvInput), Object(Illuminate/Console/OutputStyle))
#33 E:/12 RPL/yearbook-class/vendor/symfony/console/Application.php(1102): Illuminate/Console/Command->run(Object(Symfony/Component/Console/Input/ArgvInput), Object(Symfony/Component/Console/Output/ConsoleOutput))
#34 E:/12 RPL/yearbook-class/vendor/symfony/console/Application.php(356): Symfony/Component/Console/Application->doRunCommand(Object(Illuminate/Queue/Console/WorkCommand), Object(Symfony/Component/Console/Input/ArgvInput), Object(Symfony/Component/Console/Output/ConsoleOutput))
#35 E:/12 RPL/yearbook-class/vendor/symfony/console/Application.php(195): Symfony/Component/Console/Application->doRun(Object(Symfony/Component/Console/Input/ArgvInput), Object(Symfony/Component/Console/Output/ConsoleOutput))
#36 E:/12 RPL/yearbook-class/vendor/laravel/framework/src/Illuminate/Foundation/Console/Kernel.php(198): Symfony/Component/Console/Application->run(Object(Symfony/Component/Console/Input/ArgvInput), Object(Symfony/Component/Console/Output/ConsoleOutput))
#37 E:/12 RPL/yearbook-class/vendor/laravel/framework/src/Illuminate/Foundation/Application.php(1235): Illuminate/Foundation/Console/Kernel->handle(Object(Symfony/Component/Console/Input/ArgvInput), Object(Symfony/Component/Console/Output/ConsoleOutput))
#38 E:/12 RPL/yearbook-class/artisan(16): Illuminate/Foundation/Application->handleCommand(Object(Symfony/Component/Console/Input/ArgvInput))
#39 {main}
"} 
[2026-01-29 12:16:55] local.ERROR: SQLSTATE[HY000] [1049] Unknown database 'laravel' (Connection: mysql, Host: 127.0.0.1, Port: 3306, Database: laravel, SQL: select * from `cache` where `key` in (laravel_cache_illuminate:queue:paused:database:default)) {"exception":"[object] (Illuminate\\Database\\QueryException(code: 1049): SQLSTATE[HY000] [1049] Unknown database 'laravel' (Connection: mysql, Host: 127.0.0.1, Port: 3306, Database: laravel, SQL: select * from `cache` where `key` in (laravel_cache_illuminate:queue:paused:database:default)) at E:/12 RPL/yearbook-class/vendor/laravel/framework/src/Illuminate/Database/Connection.php:838)
[stacktrace]
#0 E:/12 RPL/yearbook-class/vendor/laravel/framework/src/Illuminate/Database/Connection.php(794): Illuminate/Database/Connection->runQueryCallback('select * from `...', Array, Object(Closure))
#1 E:/12 RPL/yearbook-class/vendor/laravel/framework/src/Illuminate/Database/Connection.php(411): Illuminate/Database/Connection->run('select * from `...', Array, Object(Closure))
#2 E:/12 RPL/yearbook-class/vendor/laravel/framework/src/Illuminate/Database/Query/Builder.php(3389): Illuminate/Database/Connection->select('select * from `...', Array, true)
#3 E:/12 RPL/yearbook-class/vendor/laravel/framework/src/Illuminate/Database/Query/Builder.php(3374): Illuminate/Database/Query/Builder->runSelect()
#4 E:/12 RPL/yearbook-class/vendor/laravel/framework/src/Illuminate/Database/Query/Builder.php(3964): Illuminate/Database/Query/Builder->Illuminate/Database/Query/{closure}()
#5 E:/12 RPL/yearbook-class/vendor/laravel/framework/src/Illuminate/Database/Query/Builder.php(3373): Illuminate/Database/Query/Builder->onceWithColumns(Array, Object(Closure))
#6 E:/12 RPL/yearbook-class/vendor/laravel/framework/src/Illuminate/Cache/DatabaseStore.php(130): Illuminate/Database/Query/Builder->get()
#7 E:/12 RPL/yearbook-class/vendor/laravel/framework/src/Illuminate/Cache/DatabaseStore.php(105): Illuminate/Cache/DatabaseStore->many(Array)
#8 E:/12 RPL/yearbook-class/vendor/laravel/framework/src/Illuminate/Cache/Repository.php(122): Illuminate/Cache/DatabaseStore->get('illuminate:queu...')
#9 E:/12 RPL/yearbook-class/vendor/laravel/framework/src/Illuminate/Queue/QueueManager.php(266): Illuminate/Cache/Repository->get('illuminate:queu...', false)
#10 E:/12 RPL/yearbook-class/vendor/laravel/framework/src/Illuminate/Queue/Worker.php(421): Illuminate/Queue/QueueManager->isPaused('database', 'default')
#11 E:/12 RPL/yearbook-class/vendor/laravel/framework/src/Illuminate/Queue/Worker.php(389): Illuminate/Queue/Worker->queuePaused('database', 'default')
#12 E:/12 RPL/yearbook-class/vendor/laravel/framework/src/Illuminate/Queue/Worker.php(350): Illuminate/Queue/Worker->getNextJob(Object(Illuminate/Queue/DatabaseQueue), 'default')
#13 E:/12 RPL/yearbook-class/vendor/laravel/framework/src/Illuminate/Queue/Console/WorkCommand.php(148): Illuminate/Queue/Worker->runNextJob('database', 'default', Object(Illuminate/Queue/WorkerOptions))
#14 E:/12 RPL/yearbook-class/vendor/laravel/framework/src/Illuminate/Queue/Console/WorkCommand.php(131): Illuminate/Queue/Console/WorkCommand->runWorker('database', 'default')
#15 E:/12 RPL/yearbook-class/vendor/laravel/framework/src/Illuminate/Container/BoundMethod.php(36): Illuminate/Queue/Console/WorkCommand->handle()
#16 E:/12 RPL/yearbook-class/vendor/laravel/framework/src/Illuminate/Container/Util.php(43): Illuminate/Container/BoundMethod::Illuminate/Container/{closure}()
#17 E:/12 RPL/yearbook-class/vendor/laravel/framework/src/Illuminate/Container/BoundMethod.php(96): Illuminate/Container/Util::unwrapIfClosure(Object(Closure))
#18 E:/12 RPL/yearbook-class/vendor/laravel/framework/src/Illuminate/Container/BoundMethod.php(35): Illuminate/Container/BoundMethod::callBoundMethod(Object(Illuminate/Foundation/Application), Array, Object(Closure))
#19 E:/12 RPL/yearbook-class/vendor/laravel/framework/src/Illuminate/Container/Container.php(799): Illuminate/Container/BoundMethod::call(Object(Illuminate/Foundation/Application), Array, Array, NULL)
#20 E:/12 RPL/yearbook-class/vendor/laravel/framework/src/Illuminate/Console/Command.php(211): Illuminate/Container/Container->call(Array)
#21 E:/12 RPL/yearbook-class/vendor/symfony/console/Command/Command.php(341): Illuminate/Console/Command->execute(Object(Symfony/Component/Console/Input/ArgvInput), Object(Illuminate/Console/OutputStyle))
#22 E:/12 RPL/yearbook-class/vendor/laravel/framework/src/Illuminate/Console/Command.php(180): Symfony/Component/Console/Command/Command->run(Object(Symfony/Component/Console/Input/ArgvInput), Object(Illuminate/Console/OutputStyle))
#23 E:/12 RPL/yearbook-class/vendor/symfony/console/Application.php(1102): Illuminate/Console/Command->run(Object(Symfony/Component/Console/Input/ArgvInput), Object(Symfony/Component/Console/Output/ConsoleOutput))
#24 E:/12 RPL/yearbook-class/vendor/symfony/console/Application.php(356): Symfony/Component/Console/Application->doRunCommand(Object(Illuminate/Queue/Console/WorkCommand), Object(Symfony/Component/Console/Input/ArgvInput), Object(Symfony/Component/Console/Output/ConsoleOutput))
#25 E:/12 RPL/yearbook-class/vendor/symfony/console/Application.php(195): Symfony/Component/Console/Application->doRun(Object(Symfony/Component/Console/Input/ArgvInput), Object(Symfony/Component/Console/Output/ConsoleOutput))
#26 E:/12 RPL/yearbook-class/vendor/laravel/framework/src/Illuminate/Foundation/Console/Kernel.php(198): Symfony/Component/Console/Application->run(Object(Symfony/Component/Console/Input/ArgvInput), Object(Symfony/Component/Console/Output/ConsoleOutput))
#27 E:/12 RPL/yearbook-class/vendor/laravel/framework/src/Illuminate/Foundation/Application.php(1235): Illuminate/Foundation/Console/Kernel->handle(Object(Symfony/Component/Console/Input/ArgvInput), Object(Symfony/Component/Console/Output/ConsoleOutput))
#28 E:/12 RPL/yearbook-class/artisan(16): Illuminate/Foundation/Application->handleCommand(Object(Symfony/Component/Console/Input/ArgvInput))
#29 {main}

[previous exception] [object] (PDOException(code: 1049): SQLSTATE[HY000] [1049] Unknown database 'laravel' at E:/12 RPL/yearbook-class/vendor/laravel/framework/src/Illuminate/Database/Connectors/Connector.php:66)
[stacktrace]
#0 E:/12 RPL/yearbook-class/vendor/laravel/framework/src/Illuminate/Database/Connectors/Connector.php(66): PDO->__construct('mysql:host=127....', 'root', Object(SensitiveParameterValue), Array)
#1 E:/12 RPL/yearbook-class/vendor/laravel/framework/src/Illuminate/Database/Connectors/Connector.php(44): Illuminate/Database/Connectors/Connector->createPdoConnection('mysql:host=127....', 'root', Object(SensitiveParameterValue), Array)
#2 E:/12 RPL/yearbook-class/vendor/laravel/framework/src/Illuminate/Database/Connectors/MySqlConnector.php(24): Illuminate/Database/Connectors/Connector->createConnection('mysql:host=127....', Array, Array)
#3 E:/12 RPL/yearbook-class/vendor/laravel/framework/src/Illuminate/Database/Connectors/ConnectionFactory.php(186): Illuminate/Database/Connectors/MySqlConnector->connect(Array)
#4 [internal function]: Illuminate/Database/Connectors/ConnectionFactory->Illuminate/Database/Connectors/{closure}()
#5 E:/12 RPL/yearbook-class/vendor/laravel/framework/src/Illuminate/Database/Connection.php(1257): call_user_func(Object(Closure))
#6 E:/12 RPL/yearbook-class/vendor/laravel/framework/src/Illuminate/Database/Connection.php(1295): Illuminate/Database/Connection->getPdo()
#7 E:/12 RPL/yearbook-class/vendor/laravel/framework/src/Illuminate/Database/Connection.php(525): Illuminate/Database/Connection->getReadPdo()
#8 E:/12 RPL/yearbook-class/vendor/laravel/framework/src/Illuminate/Database/Connection.php(420): Illuminate/Database/Connection->getPdoForSelect(true)
#9 E:/12 RPL/yearbook-class/vendor/laravel/framework/src/Illuminate/Database/Connection.php(827): Illuminate/Database/Connection->Illuminate/Database/{closure}('select * from `...', Array)
#10 E:/12 RPL/yearbook-class/vendor/laravel/framework/src/Illuminate/Database/Connection.php(794): Illuminate/Database/Connection->runQueryCallback('select * from `...', Array, Object(Closure))
#11 E:/12 RPL/yearbook-class/vendor/laravel/framework/src/Illuminate/Database/Connection.php(411): Illuminate/Database/Connection->run('select * from `...', Array, Object(Closure))
#12 E:/12 RPL/yearbook-class/vendor/laravel/framework/src/Illuminate/Database/Query/Builder.php(3389): Illuminate/Database/Connection->select('select * from `...', Array, true)
#13 E:/12 RPL/yearbook-class/vendor/laravel/framework/src/Illuminate/Database/Query/Builder.php(3374): Illuminate/Database/Query/Builder->runSelect()
#14 E:/12 RPL/yearbook-class/vendor/laravel/framework/src/Illuminate/Database/Query/Builder.php(3964): Illuminate/Database/Query/Builder->Illuminate/Database/Query/{closure}()
#15 E:/12 RPL/yearbook-class/vendor/laravel/framework/src/Illuminate/Database/Query/Builder.php(3373): Illuminate/Database/Query/Builder->onceWithColumns(Array, Object(Closure))
#16 E:/12 RPL/yearbook-class/vendor/laravel/framework/src/Illuminate/Cache/DatabaseStore.php(130): Illuminate/Database/Query/Builder->get()
#17 E:/12 RPL/yearbook-class/vendor/laravel/framework/src/Illuminate/Cache/DatabaseStore.php(105): Illuminate/Cache/DatabaseStore->many(Array)
#18 E:/12 RPL/yearbook-class/vendor/laravel/framework/src/Illuminate/Cache/Repository.php(122): Illuminate/Cache/DatabaseStore->get('illuminate:queu...')
#19 E:/12 RPL/yearbook-class/vendor/laravel/framework/src/Illuminate/Queue/QueueManager.php(266): Illuminate/Cache/Repository->get('illuminate:queu...', false)
#20 E:/12 RPL/yearbook-class/vendor/laravel/framework/src/Illuminate/Queue/Worker.php(421): Illuminate/Queue/QueueManager->isPaused('database', 'default')
#21 E:/12 RPL/yearbook-class/vendor/laravel/framework/src/Illuminate/Queue/Worker.php(389): Illuminate/Queue/Worker->queuePaused('database', 'default')
#22 E:/12 RPL/yearbook-class/vendor/laravel/framework/src/Illuminate/Queue/Worker.php(350): Illuminate/Queue/Worker->getNextJob(Object(Illuminate/Queue/DatabaseQueue), 'default')
#23 E:/12 RPL/yearbook-class/vendor/laravel/framework/src/Illuminate/Queue/Console/WorkCommand.php(148): Illuminate/Queue/Worker->runNextJob('database', 'default', Object(Illuminate/Queue/WorkerOptions))
#24 E:/12 RPL/yearbook-class/vendor/laravel/framework/src/Illuminate/Queue/Console/WorkCommand.php(131): Illuminate/Queue/Console/WorkCommand->runWorker('database', 'default')
#25 E:/12 RPL/yearbook-class/vendor/laravel/framework/src/Illuminate/Container/BoundMethod.php(36): Illuminate/Queue/Console/WorkCommand->handle()
#26 E:/12 RPL/yearbook-class/vendor/laravel/framework/src/Illuminate/Container/Util.php(43): Illuminate/Container/BoundMethod::Illuminate/Container/{closure}()
#27 E:/12 RPL/yearbook-class/vendor/laravel/framework/src/Illuminate/Container/BoundMethod.php(96): Illuminate/Container/Util::unwrapIfClosure(Object(Closure))
#28 E:/12 RPL/yearbook-class/vendor/laravel/framework/src/Illuminate/Container/BoundMethod.php(35): Illuminate/Container/BoundMethod::callBoundMethod(Object(Illuminate/Foundation/Application), Array, Object(Closure))
#29 E:/12 RPL/yearbook-class/vendor/laravel/framework/src/Illuminate/Container/Container.php(799): Illuminate/Container/BoundMethod::call(Object(Illuminate/Foundation/Application), Array, Array, NULL)
#30 E:/12 RPL/yearbook-class/vendor/laravel/framework/src/Illuminate/Console/Command.php(211): Illuminate/Container/Container->call(Array)
#31 E:/12 RPL/yearbook-class/vendor/symfony/console/Command/Command.php(341): Illuminate/Console/Command->execute(Object(Symfony/Component/Console/Input/ArgvInput), Object(Illuminate/Console/OutputStyle))
#32 E:/12 RPL/yearbook-class/vendor/laravel/framework/src/Illuminate/Console/Command.php(180): Symfony/Component/Console/Command/Command->run(Object(Symfony/Component/Console/Input/ArgvInput), Object(Illuminate/Console/OutputStyle))
#33 E:/12 RPL/yearbook-class/vendor/symfony/console/Application.php(1102): Illuminate/Console/Command->run(Object(Symfony/Component/Console/Input/ArgvInput), Object(Symfony/Component/Console/Output/ConsoleOutput))
#34 E:/12 RPL/yearbook-class/vendor/symfony/console/Application.php(356): Symfony/Component/Console/Application->doRunCommand(Object(Illuminate/Queue/Console/WorkCommand), Object(Symfony/Component/Console/Input/ArgvInput), Object(Symfony/Component/Console/Output/ConsoleOutput))
#35 E:/12 RPL/yearbook-class/vendor/symfony/console/Application.php(195): Symfony/Component/Console/Application->doRun(Object(Symfony/Component/Console/Input/ArgvInput), Object(Symfony/Component/Console/Output/ConsoleOutput))
#36 E:/12 RPL/yearbook-class/vendor/laravel/framework/src/Illuminate/Foundation/Console/Kernel.php(198): Symfony/Component/Console/Application->run(Object(Symfony/Component/Console/Input/ArgvInput), Object(Symfony/Component/Console/Output/ConsoleOutput))
#37 E:/12 RPL/yearbook-class/vendor/laravel/framework/src/Illuminate/Foundation/Application.php(1235): Illuminate/Foundation/Console/Kernel->handle(Object(Symfony/Component/Console/Input/ArgvInput), Object(Symfony/Component/Console/Output/ConsoleOutput))
#38 E:/12 RPL/yearbook-class/artisan(16): Illuminate/Foundation/Application->handleCommand(Object(Symfony/Component/Console/Input/ArgvInput))
#39 {main}
"} 
[2026-01-29 12:17:00] local.ERROR: SQLSTATE[HY000] [1049] Unknown database 'laravel' (Connection: mysql, Host: 127.0.0.1, Port: 3306, Database: laravel, SQL: select * from `cache` where `key` in (laravel_cache_illuminate:queue:paused:database:default)) {"exception":"[object] (Illuminate\\Database\\QueryException(code: 1049): SQLSTATE[HY000] [1049] Unknown database 'laravel' (Connection: mysql, Host: 127.0.0.1, Port: 3306, Database: laravel, SQL: select * from `cache` where `key` in (laravel_cache_illuminate:queue:paused:database:default)) at E:/12 RPL/yearbook-class/vendor/laravel/framework/src/Illuminate/Database/Connection.php:838)
[stacktrace]
#0 E:/12 RPL/yearbook-class/vendor/laravel/framework/src/Illuminate/Database/Connection.php(794): Illuminate/Database/Connection->runQueryCallback('select * from `...', Array, Object(Closure))
#1 E:/12 RPL/yearbook-class/vendor/laravel/framework/src/Illuminate/Database/Connection.php(411): Illuminate/Database/Connection->run('select * from `...', Array, Object(Closure))
#2 E:/12 RPL/yearbook-class/vendor/laravel/framework/src/Illuminate/Database/Query/Builder.php(3389): Illuminate/Database/Connection->select('select * from `...', Array, true)
#3 E:/12 RPL/yearbook-class/vendor/laravel/framework/src/Illuminate/Database/Query/Builder.php(3374): Illuminate/Database/Query/Builder->runSelect()
#4 E:/12 RPL/yearbook-class/vendor/laravel/framework/src/Illuminate/Database/Query/Builder.php(3964): Illuminate/Database/Query/Builder->Illuminate/Database/Query/{closure}()
#5 E:/12 RPL/yearbook-class/vendor/laravel/framework/src/Illuminate/Database/Query/Builder.php(3373): Illuminate/Database/Query/Builder->onceWithColumns(Array, Object(Closure))
#6 E:/12 RPL/yearbook-class/vendor/laravel/framework/src/Illuminate/Cache/DatabaseStore.php(130): Illuminate/Database/Query/Builder->get()
#7 E:/12 RPL/yearbook-class/vendor/laravel/framework/src/Illuminate/Cache/DatabaseStore.php(105): Illuminate/Cache/DatabaseStore->many(Array)
#8 E:/12 RPL/yearbook-class/vendor/laravel/framework/src/Illuminate/Cache/Repository.php(122): Illuminate/Cache/DatabaseStore->get('illuminate:queu...')
#9 E:/12 RPL/yearbook-class/vendor/laravel/framework/src/Illuminate/Queue/QueueManager.php(266): Illuminate/Cache/Repository->get('illuminate:queu...', false)
#10 E:/12 RPL/yearbook-class/vendor/laravel/framework/src/Illuminate/Queue/Worker.php(421): Illuminate/Queue/QueueManager->isPaused('database', 'default')
#11 E:/12 RPL/yearbook-class/vendor/laravel/framework/src/Illuminate/Queue/Worker.php(389): Illuminate/Queue/Worker->queuePaused('database', 'default')
#12 E:/12 RPL/yearbook-class/vendor/laravel/framework/src/Illuminate/Queue/Worker.php(350): Illuminate/Queue/Worker->getNextJob(Object(Illuminate/Queue/DatabaseQueue), 'default')
#13 E:/12 RPL/yearbook-class/vendor/laravel/framework/src/Illuminate/Queue/Console/WorkCommand.php(148): Illuminate/Queue/Worker->runNextJob('database', 'default', Object(Illuminate/Queue/WorkerOptions))
#14 E:/12 RPL/yearbook-class/vendor/laravel/framework/src/Illuminate/Queue/Console/WorkCommand.php(131): Illuminate/Queue/Console/WorkCommand->runWorker('database', 'default')
#15 E:/12 RPL/yearbook-class/vendor/laravel/framework/src/Illuminate/Container/BoundMethod.php(36): Illuminate/Queue/Console/WorkCommand->handle()
#16 E:/12 RPL/yearbook-class/vendor/laravel/framework/src/Illuminate/Container/Util.php(43): Illuminate/Container/BoundMethod::Illuminate/Container/{closure}()
#17 E:/12 RPL/yearbook-class/vendor/laravel/framework/src/Illuminate/Container/BoundMethod.php(96): Illuminate/Container/Util::unwrapIfClosure(Object(Closure))
#18 E:/12 RPL/yearbook-class/vendor/laravel/framework/src/Illuminate/Container/BoundMethod.php(35): Illuminate/Container/BoundMethod::callBoundMethod(Object(Illuminate/Foundation/Application), Array, Object(Closure))
#19 E:/12 RPL/yearbook-class/vendor/laravel/framework/src/Illuminate/Container/Container.php(799): Illuminate/Container/BoundMethod::call(Object(Illuminate/Foundation/Application), Array, Array, NULL)
#20 E:/12 RPL/yearbook-class/vendor/laravel/framework/src/Illuminate/Console/Command.php(211): Illuminate/Container/Container->call(Array)
#21 E:/12 RPL/yearbook-class/vendor/symfony/console/Command/Command.php(341): Illuminate/Console/Command->execute(Object(Symfony/Component/Console/Input/ArgvInput), Object(Illuminate/Console/OutputStyle))
#22 E:/12 RPL/yearbook-class/vendor/laravel/framework/src/Illuminate/Console/Command.php(180): Symfony/Component/Console/Command/Command->run(Object(Symfony/Component/Console/Input/ArgvInput), Object(Illuminate/Console/OutputStyle))
#23 E:/12 RPL/yearbook-class/vendor/symfony/console/Application.php(1102): Illuminate/Console/Command->run(Object(Symfony/Component/Console/Input/ArgvInput), Object(Symfony/Component/Console/Output/ConsoleOutput))
#24 E:/12 RPL/yearbook-class/vendor/symfony/console/Application.php(356): Symfony/Component/Console/Application->doRunCommand(Object(Illuminate/Queue/Console/WorkCommand), Object(Symfony/Component/Console/Input/ArgvInput), Object(Symfony/Component/Console/Output/ConsoleOutput))
#25 E:/12 RPL/yearbook-class/vendor/symfony/console/Application.php(195): Symfony/Component/Console/Application->doRun(Object(Symfony/Component/Console/Input/ArgvInput), Object(Symfony/Component/Console/Output/ConsoleOutput))
#26 E:/12 RPL/yearbook-class/vendor/laravel/framework/src/Illuminate/Foundation/Console/Kernel.php(198): Symfony/Component/Console/Application->run(Object(Symfony/Component/Console/Input/ArgvInput), Object(Symfony/Component/Console/Output/ConsoleOutput))
#27 E:/12 RPL/yearbook-class/vendor/laravel/framework/src/Illuminate/Foundation/Application.php(1235): Illuminate/Foundation/Console/Kernel->handle(Object(Symfony/Component/Console/Input/ArgvInput), Object(Symfony/Component/Console/Output/ConsoleOutput))
#28 E:/12 RPL/yearbook-class/artisan(16): Illuminate/Foundation/Application->handleCommand(Object(Symfony/Component/Console/Input/ArgvInput))
#29 {main}

[previous exception] [object] (PDOException(code: 1049): SQLSTATE[HY000] [1049] Unknown database 'laravel' at E:/12 RPL/yearbook-class/vendor/laravel/framework/src/Illuminate/Database/Connectors/Connector.php:66)
[stacktrace]
#0 E:/12 RPL/yearbook-class/vendor/laravel/framework/src/Illuminate/Database/Connectors/Connector.php(66): PDO->__construct('mysql:host=127....', 'root', Object(SensitiveParameterValue), Array)
#1 E:/12 RPL/yearbook-class/vendor/laravel/framework/src/Illuminate/Database/Connectors/Connector.php(44): Illuminate/Database/Connectors/Connector->createPdoConnection('mysql:host=127....', 'root', Object(SensitiveParameterValue), Array)
#2 E:/12 RPL/yearbook-class/vendor/laravel/framework/src/Illuminate/Database/Connectors/MySqlConnector.php(24): Illuminate/Database/Connectors/Connector->createConnection('mysql:host=127....', Array, Array)
#3 E:/12 RPL/yearbook-class/vendor/laravel/framework/src/Illuminate/Database/Connectors/ConnectionFactory.php(186): Illuminate/Database/Connectors/MySqlConnector->connect(Array)
#4 [internal function]: Illuminate/Database/Connectors/ConnectionFactory->Illuminate/Database/Connectors/{closure}()
#5 E:/12 RPL/yearbook-class/vendor/laravel/framework/src/Illuminate/Database/Connection.php(1257): call_user_func(Object(Closure))
#6 E:/12 RPL/yearbook-class/vendor/laravel/framework/src/Illuminate/Database/Connection.php(1295): Illuminate/Database/Connection->getPdo()
#7 E:/12 RPL/yearbook-class/vendor/laravel/framework/src/Illuminate/Database/Connection.php(525): Illuminate/Database/Connection->getReadPdo()
#8 E:/12 RPL/yearbook-class/vendor/laravel/framework/src/Illuminate/Database/Connection.php(420): Illuminate/Database/Connection->getPdoForSelect(true)
#9 E:/12 RPL/yearbook-class/vendor/laravel/framework/src/Illuminate/Database/Connection.php(827): Illuminate/Database/Connection->Illuminate/Database/{closure}('select * from `...', Array)
#10 E:/12 RPL/yearbook-class/vendor/laravel/framework/src/Illuminate/Database/Connection.php(794): Illuminate/Database/Connection->runQueryCallback('select * from `...', Array, Object(Closure))
#11 E:/12 RPL/yearbook-class/vendor/laravel/framework/src/Illuminate/Database/Connection.php(411): Illuminate/Database/Connection->run('select * from `...', Array, Object(Closure))
#12 E:/12 RPL/yearbook-class/vendor/laravel/framework/src/Illuminate/Database/Query/Builder.php(3389): Illuminate/Database/Connection->select('select * from `...', Array, true)
#13 E:/12 RPL/yearbook-class/vendor/laravel/framework/src/Illuminate/Database/Query/Builder.php(3374): Illuminate/Database/Query/Builder->runSelect()
#14 E:/12 RPL/yearbook-class/vendor/laravel/framework/src/Illuminate/Database/Query/Builder.php(3964): Illuminate/Database/Query/Builder->Illuminate/Database/Query/{closure}()
#15 E:/12 RPL/yearbook-class/vendor/laravel/framework/src/Illuminate/Database/Query/Builder.php(3373): Illuminate/Database/Query/Builder->onceWithColumns(Array, Object(Closure))
#16 E:/12 RPL/yearbook-class/vendor/laravel/framework/src/Illuminate/Cache/DatabaseStore.php(130): Illuminate/Database/Query/Builder->get()
#17 E:/12 RPL/yearbook-class/vendor/laravel/framework/src/Illuminate/Cache/DatabaseStore.php(105): Illuminate/Cache/DatabaseStore->many(Array)
#18 E:/12 RPL/yearbook-class/vendor/laravel/framework/src/Illuminate/Cache/Repository.php(122): Illuminate/Cache/DatabaseStore->get('illuminate:queu...')
#19 E:/12 RPL/yearbook-class/vendor/laravel/framework/src/Illuminate/Queue/QueueManager.php(266): Illuminate/Cache/Repository->get('illuminate:queu...', false)
#20 E:/12 RPL/yearbook-class/vendor/laravel/framework/src/Illuminate/Queue/Worker.php(421): Illuminate/Queue/QueueManager->isPaused('database', 'default')
#21 E:/12 RPL/yearbook-class/vendor/laravel/framework/src/Illuminate/Queue/Worker.php(389): Illuminate/Queue/Worker->queuePaused('database', 'default')
#22 E:/12 RPL/yearbook-class/vendor/laravel/framework/src/Illuminate/Queue/Worker.php(350): Illuminate/Queue/Worker->getNextJob(Object(Illuminate/Queue/DatabaseQueue), 'default')
#23 E:/12 RPL/yearbook-class/vendor/laravel/framework/src/Illuminate/Queue/Console/WorkCommand.php(148): Illuminate/Queue/Worker->runNextJob('database', 'default', Object(Illuminate/Queue/WorkerOptions))
#24 E:/12 RPL/yearbook-class/vendor/laravel/framework/src/Illuminate/Queue/Console/WorkCommand.php(131): Illuminate/Queue/Console/WorkCommand->runWorker('database', 'default')
#25 E:/12 RPL/yearbook-class/vendor/laravel/framework/src/Illuminate/Container/BoundMethod.php(36): Illuminate/Queue/Console/WorkCommand->handle()
#26 E:/12 RPL/yearbook-class/vendor/laravel/framework/src/Illuminate/Container/Util.php(43): Illuminate/Container/BoundMethod::Illuminate/Container/{closure}()
#27 E:/12 RPL/yearbook-class/vendor/laravel/framework/src/Illuminate/Container/BoundMethod.php(96): Illuminate/Container/Util::unwrapIfClosure(Object(Closure))
#28 E:/12 RPL/yearbook-class/vendor/laravel/framework/src/Illuminate/Container/BoundMethod.php(35): Illuminate/Container/BoundMethod::callBoundMethod(Object(Illuminate/Foundation/Application), Array, Object(Closure))
#29 E:/12 RPL/yearbook-class/vendor/laravel/framework/src/Illuminate/Container/Container.php(799): Illuminate/Container/BoundMethod::call(Object(Illuminate/Foundation/Application), Array, Array, NULL)
#30 E:/12 RPL/yearbook-class/vendor/laravel/framework/src/Illuminate/Console/Command.php(211): Illuminate/Container/Container->call(Array)
#31 E:/12 RPL/yearbook-class/vendor/symfony/console/Command/Command.php(341): Illuminate/Console/Command->execute(Object(Symfony/Component/Console/Input/ArgvInput), Object(Illuminate/Console/OutputStyle))
#32 E:/12 RPL/yearbook-class/vendor/laravel/framework/src/Illuminate/Console/Command.php(180): Symfony/Component/Console/Command/Command->run(Object(Symfony/Component/Console/Input/ArgvInput), Object(Illuminate/Console/OutputStyle))
#33 E:/12 RPL/yearbook-class/vendor/symfony/console/Application.php(1102): Illuminate/Console/Command->run(Object(Symfony/Component/Console/Input/ArgvInput), Object(Symfony/Component/Console/Output/ConsoleOutput))
#34 E:/12 RPL/yearbook-class/vendor/symfony/console/Application.php(356): Symfony/Component/Console/Application->doRunCommand(Object(Illuminate/Queue/Console/WorkCommand), Object(Symfony/Component/Console/Input/ArgvInput), Object(Symfony/Component/Console/Output/ConsoleOutput))
#35 E:/12 RPL/yearbook-class/vendor/symfony/console/Application.php(195): Symfony/Component/Console/Application->doRun(Object(Symfony/Component/Console/Input/ArgvInput), Object(Symfony/Component/Console/Output/ConsoleOutput))
#36 E:/12 RPL/yearbook-class/vendor/laravel/framework/src/Illuminate/Foundation/Console/Kernel.php(198): Symfony/Component/Console/Application->run(Object(Symfony/Component/Console/Input/ArgvInput), Object(Symfony/Component/Console/Output/ConsoleOutput))
#37 E:/12 RPL/yearbook-class/vendor/laravel/framework/src/Illuminate/Foundation/Application.php(1235): Illuminate/Foundation/Console/Kernel->handle(Object(Symfony/Component/Console/Input/ArgvInput), Object(Symfony/Component/Console/Output/ConsoleOutput))
#38 E:/12 RPL/yearbook-class/artisan(16): Illuminate/Foundation/Application->handleCommand(Object(Symfony/Component/Console/Input/ArgvInput))
#39 {main}
"} 
[2026-01-29 12:17:05] local.ERROR: SQLSTATE[HY000] [1049] Unknown database 'laravel' (Connection: mysql, Host: 127.0.0.1, Port: 3306, Database: laravel, SQL: select * from `cache` where `key` in (laravel_cache_illuminate:queue:paused:database:default)) {"exception":"[object] (Illuminate\\Database\\QueryException(code: 1049): SQLSTATE[HY000] [1049] Unknown database 'laravel' (Connection: mysql, Host: 127.0.0.1, Port: 3306, Database: laravel, SQL: select * from `cache` where `key` in (laravel_cache_illuminate:queue:paused:database:default)) at E:/12 RPL/yearbook-class/vendor/laravel/framework/src/Illuminate/Database/Connection.php:838)
[stacktrace]
#0 E:/12 RPL/yearbook-class/vendor/laravel/framework/src/Illuminate/Database/Connection.php(794): Illuminate/Database/Connection->runQueryCallback('select * from `...', Array, Object(Closure))
#1 E:/12 RPL/yearbook-class/vendor/laravel/framework/src/Illuminate/Database/Connection.php(411): Illuminate/Database/Connection->run('select * from `...', Array, Object(Closure))
#2 E:/12 RPL/yearbook-class/vendor/laravel/framework/src/Illuminate/Database/Query/Builder.php(3389): Illuminate/Database/Connection->select('select * from `...', Array, true)
#3 E:/12 RPL/yearbook-class/vendor/laravel/framework/src/Illuminate/Database/Query/Builder.php(3374): Illuminate/Database/Query/Builder->runSelect()
#4 E:/12 RPL/yearbook-class/vendor/laravel/framework/src/Illuminate/Database/Query/Builder.php(3964): Illuminate/Database/Query/Builder->Illuminate/Database/Query/{closure}()
#5 E:/12 RPL/yearbook-class/vendor/laravel/framework/src/Illuminate/Database/Query/Builder.php(3373): Illuminate/Database/Query/Builder->onceWithColumns(Array, Object(Closure))
#6 E:/12 RPL/yearbook-class/vendor/laravel/framework/src/Illuminate/Cache/DatabaseStore.php(130): Illuminate/Database/Query/Builder->get()
#7 E:/12 RPL/yearbook-class/vendor/laravel/framework/src/Illuminate/Cache/DatabaseStore.php(105): Illuminate/Cache/DatabaseStore->many(Array)
#8 E:/12 RPL/yearbook-class/vendor/laravel/framework/src/Illuminate/Cache/Repository.php(122): Illuminate/Cache/DatabaseStore->get('illuminate:queu...')
#9 E:/12 RPL/yearbook-class/vendor/laravel/framework/src/Illuminate/Queue/QueueManager.php(266): Illuminate/Cache/Repository->get('illuminate:queu...', false)
#10 E:/12 RPL/yearbook-class/vendor/laravel/framework/src/Illuminate/Queue/Worker.php(421): Illuminate/Queue/QueueManager->isPaused('database', 'default')
#11 E:/12 RPL/yearbook-class/vendor/laravel/framework/src/Illuminate/Queue/Worker.php(389): Illuminate/Queue/Worker->queuePaused('database', 'default')
#12 E:/12 RPL/yearbook-class/vendor/laravel/framework/src/Illuminate/Queue/Worker.php(350): Illuminate/Queue/Worker->getNextJob(Object(Illuminate/Queue/DatabaseQueue), 'default')
#13 E:/12 RPL/yearbook-class/vendor/laravel/framework/src/Illuminate/Queue/Console/WorkCommand.php(148): Illuminate/Queue/Worker->runNextJob('database', 'default', Object(Illuminate/Queue/WorkerOptions))
#14 E:/12 RPL/yearbook-class/vendor/laravel/framework/src/Illuminate/Queue/Console/WorkCommand.php(131): Illuminate/Queue/Console/WorkCommand->runWorker('database', 'default')
#15 E:/12 RPL/yearbook-class/vendor/laravel/framework/src/Illuminate/Container/BoundMethod.php(36): Illuminate/Queue/Console/WorkCommand->handle()
#16 E:/12 RPL/yearbook-class/vendor/laravel/framework/src/Illuminate/Container/Util.php(43): Illuminate/Container/BoundMethod::Illuminate/Container/{closure}()
#17 E:/12 RPL/yearbook-class/vendor/laravel/framework/src/Illuminate/Container/BoundMethod.php(96): Illuminate/Container/Util::unwrapIfClosure(Object(Closure))
#18 E:/12 RPL/yearbook-class/vendor/laravel/framework/src/Illuminate/Container/BoundMethod.php(35): Illuminate/Container/BoundMethod::callBoundMethod(Object(Illuminate/Foundation/Application), Array, Object(Closure))
#19 E:/12 RPL/yearbook-class/vendor/laravel/framework/src/Illuminate/Container/Container.php(799): Illuminate/Container/BoundMethod::call(Object(Illuminate/Foundation/Application), Array, Array, NULL)
#20 E:/12 RPL/yearbook-class/vendor/laravel/framework/src/Illuminate/Console/Command.php(211): Illuminate/Container/Container->call(Array)
#21 E:/12 RPL/yearbook-class/vendor/symfony/console/Command/Command.php(341): Illuminate/Console/Command->execute(Object(Symfony/Component/Console/Input/ArgvInput), Object(Illuminate/Console/OutputStyle))
#22 E:/12 RPL/yearbook-class/vendor/laravel/framework/src/Illuminate/Console/Command.php(180): Symfony/Component/Console/Command/Command->run(Object(Symfony/Component/Console/Input/ArgvInput), Object(Illuminate/Console/OutputStyle))
#23 E:/12 RPL/yearbook-class/vendor/symfony/console/Application.php(1102): Illuminate/Console/Command->run(Object(Symfony/Component/Console/Input/ArgvInput), Object(Symfony/Component/Console/Output/ConsoleOutput))
#24 E:/12 RPL/yearbook-class/vendor/symfony/console/Application.php(356): Symfony/Component/Console/Application->doRunCommand(Object(Illuminate/Queue/Console/WorkCommand), Object(Symfony/Component/Console/Input/ArgvInput), Object(Symfony/Component/Console/Output/ConsoleOutput))
#25 E:/12 RPL/yearbook-class/vendor/symfony/console/Application.php(195): Symfony/Component/Console/Application->doRun(Object(Symfony/Component/Console/Input/ArgvInput), Object(Symfony/Component/Console/Output/ConsoleOutput))
#26 E:/12 RPL/yearbook-class/vendor/laravel/framework/src/Illuminate/Foundation/Console/Kernel.php(198): Symfony/Component/Console/Application->run(Object(Symfony/Component/Console/Input/ArgvInput), Object(Symfony/Component/Console/Output/ConsoleOutput))
#27 E:/12 RPL/yearbook-class/vendor/laravel/framework/src/Illuminate/Foundation/Application.php(1235): Illuminate/Foundation/Console/Kernel->handle(Object(Symfony/Component/Console/Input/ArgvInput), Object(Symfony/Component/Console/Output/ConsoleOutput))
#28 E:/12 RPL/yearbook-class/artisan(16): Illuminate/Foundation/Application->handleCommand(Object(Symfony/Component/Console/Input/ArgvInput))
#29 {main}

[previous exception] [object] (PDOException(code: 1049): SQLSTATE[HY000] [1049] Unknown database 'laravel' at E:/12 RPL/yearbook-class/vendor/laravel/framework/src/Illuminate/Database/Connectors/Connector.php:66)
[stacktrace]
#0 E:/12 RPL/yearbook-class/vendor/laravel/framework/src/Illuminate/Database/Connectors/Connector.php(66): PDO->__construct('mysql:host=127....', 'root', Object(SensitiveParameterValue), Array)
#1 E:/12 RPL/yearbook-class/vendor/laravel/framework/src/Illuminate/Database/Connectors/Connector.php(44): Illuminate/Database/Connectors/Connector->createPdoConnection('mysql:host=127....', 'root', Object(SensitiveParameterValue), Array)
#2 E:/12 RPL/yearbook-class/vendor/laravel/framework/src/Illuminate/Database/Connectors/MySqlConnector.php(24): Illuminate/Database/Connectors/Connector->createConnection('mysql:host=127....', Array, Array)
#3 E:/12 RPL/yearbook-class/vendor/laravel/framework/src/Illuminate/Database/Connectors/ConnectionFactory.php(186): Illuminate/Database/Connectors/MySqlConnector->connect(Array)
#4 [internal function]: Illuminate/Database/Connectors/ConnectionFactory->Illuminate/Database/Connectors/{closure}()
#5 E:/12 RPL/yearbook-class/vendor/laravel/framework/src/Illuminate/Database/Connection.php(1257): call_user_func(Object(Closure))
#6 E:/12 RPL/yearbook-class/vendor/laravel/framework/src/Illuminate/Database/Connection.php(1295): Illuminate/Database/Connection->getPdo()
#7 E:/12 RPL/yearbook-class/vendor/laravel/framework/src/Illuminate/Database/Connection.php(525): Illuminate/Database/Connection->getReadPdo()
#8 E:/12 RPL/yearbook-class/vendor/laravel/framework/src/Illuminate/Database/Connection.php(420): Illuminate/Database/Connection->getPdoForSelect(true)
#9 E:/12 RPL/yearbook-class/vendor/laravel/framework/src/Illuminate/Database/Connection.php(827): Illuminate/Database/Connection->Illuminate/Database/{closure}('select * from `...', Array)
#10 E:/12 RPL/yearbook-class/vendor/laravel/framework/src/Illuminate/Database/Connection.php(794): Illuminate/Database/Connection->runQueryCallback('select * from `...', Array, Object(Closure))
#11 E:/12 RPL/yearbook-class/vendor/laravel/framework/src/Illuminate/Database/Connection.php(411): Illuminate/Database/Connection->run('select * from `...', Array, Object(Closure))
#12 E:/12 RPL/yearbook-class/vendor/laravel/framework/src/Illuminate/Database/Query/Builder.php(3389): Illuminate/Database/Connection->select('select * from `...', Array, true)
#13 E:/12 RPL/yearbook-class/vendor/laravel/framework/src/Illuminate/Database/Query/Builder.php(3374): Illuminate/Database/Query/Builder->runSelect()
#14 E:/12 RPL/yearbook-class/vendor/laravel/framework/src/Illuminate/Database/Query/Builder.php(3964): Illuminate/Database/Query/Builder->Illuminate/Database/Query/{closure}()
#15 E:/12 RPL/yearbook-class/vendor/laravel/framework/src/Illuminate/Database/Query/Builder.php(3373): Illuminate/Database/Query/Builder->onceWithColumns(Array, Object(Closure))
#16 E:/12 RPL/yearbook-class/vendor/laravel/framework/src/Illuminate/Cache/DatabaseStore.php(130): Illuminate/Database/Query/Builder->get()
#17 E:/12 RPL/yearbook-class/vendor/laravel/framework/src/Illuminate/Cache/DatabaseStore.php(105): Illuminate/Cache/DatabaseStore->many(Array)
#18 E:/12 RPL/yearbook-class/vendor/laravel/framework/src/Illuminate/Cache/Repository.php(122): Illuminate/Cache/DatabaseStore->get('illuminate:queu...')
#19 E:/12 RPL/yearbook-class/vendor/laravel/framework/src/Illuminate/Queue/QueueManager.php(266): Illuminate/Cache/Repository->get('illuminate:queu...', false)
#20 E:/12 RPL/yearbook-class/vendor/laravel/framework/src/Illuminate/Queue/Worker.php(421): Illuminate/Queue/QueueManager->isPaused('database', 'default')
#21 E:/12 RPL/yearbook-class/vendor/laravel/framework/src/Illuminate/Queue/Worker.php(389): Illuminate/Queue/Worker->queuePaused('database', 'default')
#22 E:/12 RPL/yearbook-class/vendor/laravel/framework/src/Illuminate/Queue/Worker.php(350): Illuminate/Queue/Worker->getNextJob(Object(Illuminate/Queue/DatabaseQueue), 'default')
#23 E:/12 RPL/yearbook-class/vendor/laravel/framework/src/Illuminate/Queue/Console/WorkCommand.php(148): Illuminate/Queue/Worker->runNextJob('database', 'default', Object(Illuminate/Queue/WorkerOptions))
#24 E:/12 RPL/yearbook-class/vendor/laravel/framework/src/Illuminate/Queue/Console/WorkCommand.php(131): Illuminate/Queue/Console/WorkCommand->runWorker('database', 'default')
#25 E:/12 RPL/yearbook-class/vendor/laravel/framework/src/Illuminate/Container/BoundMethod.php(36): Illuminate/Queue/Console/WorkCommand->handle()
#26 E:/12 RPL/yearbook-class/vendor/laravel/framework/src/Illuminate/Container/Util.php(43): Illuminate/Container/BoundMethod::Illuminate/Container/{closure}()
#27 E:/12 RPL/yearbook-class/vendor/laravel/framework/src/Illuminate/Container/BoundMethod.php(96): Illuminate/Container/Util::unwrapIfClosure(Object(Closure))
#28 E:/12 RPL/yearbook-class/vendor/laravel/framework/src/Illuminate/Container/BoundMethod.php(35): Illuminate/Container/BoundMethod::callBoundMethod(Object(Illuminate/Foundation/Application), Array, Object(Closure))
#29 E:/12 RPL/yearbook-class/vendor/laravel/framework/src/Illuminate/Container/Container.php(799): Illuminate/Container/BoundMethod::call(Object(Illuminate/Foundation/Application), Array, Array, NULL)
#30 E:/12 RPL/yearbook-class/vendor/laravel/framework/src/Illuminate/Console/Command.php(211): Illuminate/Container/Container->call(Array)
#31 E:/12 RPL/yearbook-class/vendor/symfony/console/Command/Command.php(341): Illuminate/Console/Command->execute(Object(Symfony/Component/Console/Input/ArgvInput), Object(Illuminate/Console/OutputStyle))
#32 E:/12 RPL/yearbook-class/vendor/laravel/framework/src/Illuminate/Console/Command.php(180): Symfony/Component/Console/Command/Command->run(Object(Symfony/Component/Console/Input/ArgvInput), Object(Illuminate/Console/OutputStyle))
#33 E:/12 RPL/yearbook-class/vendor/symfony/console/Application.php(1102): Illuminate/Console/Command->run(Object(Symfony/Component/Console/Input/ArgvInput), Object(Symfony/Component/Console/Output/ConsoleOutput))
#34 E:/12 RPL/yearbook-class/vendor/symfony/console/Application.php(356): Symfony/Component/Console/Application->doRunCommand(Object(Illuminate/Queue/Console/WorkCommand), Object(Symfony/Component/Console/Input/ArgvInput), Object(Symfony/Component/Console/Output/ConsoleOutput))
#35 E:/12 RPL/yearbook-class/vendor/symfony/console/Application.php(195): Symfony/Component/Console/Application->doRun(Object(Symfony/Component/Console/Input/ArgvInput), Object(Symfony/Component/Console/Output/ConsoleOutput))
#36 E:/12 RPL/yearbook-class/vendor/laravel/framework/src/Illuminate/Foundation/Console/Kernel.php(198): Symfony/Component/Console/Application->run(Object(Symfony/Component/Console/Input/ArgvInput), Object(Symfony/Component/Console/Output/ConsoleOutput))
#37 E:/12 RPL/yearbook-class/vendor/laravel/framework/src/Illuminate/Foundation/Application.php(1235): Illuminate/Foundation/Console/Kernel->handle(Object(Symfony/Component/Console/Input/ArgvInput), Object(Symfony/Component/Console/Output/ConsoleOutput))
#38 E:/12 RPL/yearbook-class/artisan(16): Illuminate/Foundation/Application->handleCommand(Object(Symfony/Component/Console/Input/ArgvInput))
#39 {main}
"} 
[2026-01-29 12:17:10] local.ERROR: SQLSTATE[HY000] [1049] Unknown database 'laravel' (Connection: mysql, Host: 127.0.0.1, Port: 3306, Database: laravel, SQL: select * from `cache` where `key` in (laravel_cache_illuminate:queue:paused:database:default)) {"exception":"[object] (Illuminate\\Database\\QueryException(code: 1049): SQLSTATE[HY000] [1049] Unknown database 'laravel' (Connection: mysql, Host: 127.0.0.1, Port: 3306, Database: laravel, SQL: select * from `cache` where `key` in (laravel_cache_illuminate:queue:paused:database:default)) at E:/12 RPL/yearbook-class/vendor/laravel/framework/src/Illuminate/Database/Connection.php:838)
[stacktrace]
#0 E:/12 RPL/yearbook-class/vendor/laravel/framework/src/Illuminate/Database/Connection.php(794): Illuminate/Database/Connection->runQueryCallback('select * from `...', Array, Object(Closure))
#1 E:/12 RPL/yearbook-class/vendor/laravel/framework/src/Illuminate/Database/Connection.php(411): Illuminate/Database/Connection->run('select * from `...', Array, Object(Closure))
#2 E:/12 RPL/yearbook-class/vendor/laravel/framework/src/Illuminate/Database/Query/Builder.php(3389): Illuminate/Database/Connection->select('select * from `...', Array, true)
#3 E:/12 RPL/yearbook-class/vendor/laravel/framework/src/Illuminate/Database/Query/Builder.php(3374): Illuminate/Database/Query/Builder->runSelect()
#4 E:/12 RPL/yearbook-class/vendor/laravel/framework/src/Illuminate/Database/Query/Builder.php(3964): Illuminate/Database/Query/Builder->Illuminate/Database/Query/{closure}()
#5 E:/12 RPL/yearbook-class/vendor/laravel/framework/src/Illuminate/Database/Query/Builder.php(3373): Illuminate/Database/Query/Builder->onceWithColumns(Array, Object(Closure))
#6 E:/12 RPL/yearbook-class/vendor/laravel/framework/src/Illuminate/Cache/DatabaseStore.php(130): Illuminate/Database/Query/Builder->get()
#7 E:/12 RPL/yearbook-class/vendor/laravel/framework/src/Illuminate/Cache/DatabaseStore.php(105): Illuminate/Cache/DatabaseStore->many(Array)
#8 E:/12 RPL/yearbook-class/vendor/laravel/framework/src/Illuminate/Cache/Repository.php(122): Illuminate/Cache/DatabaseStore->get('illuminate:queu...')
#9 E:/12 RPL/yearbook-class/vendor/laravel/framework/src/Illuminate/Queue/QueueManager.php(266): Illuminate/Cache/Repository->get('illuminate:queu...', false)
#10 E:/12 RPL/yearbook-class/vendor/laravel/framework/src/Illuminate/Queue/Worker.php(421): Illuminate/Queue/QueueManager->isPaused('database', 'default')
#11 E:/12 RPL/yearbook-class/vendor/laravel/framework/src/Illuminate/Queue/Worker.php(389): Illuminate/Queue/Worker->queuePaused('database', 'default')
#12 E:/12 RPL/yearbook-class/vendor/laravel/framework/src/Illuminate/Queue/Worker.php(350): Illuminate/Queue/Worker->getNextJob(Object(Illuminate/Queue/DatabaseQueue), 'default')
#13 E:/12 RPL/yearbook-class/vendor/laravel/framework/src/Illuminate/Queue/Console/WorkCommand.php(148): Illuminate/Queue/Worker->runNextJob('database', 'default', Object(Illuminate/Queue/WorkerOptions))
#14 E:/12 RPL/yearbook-class/vendor/laravel/framework/src/Illuminate/Queue/Console/WorkCommand.php(131): Illuminate/Queue/Console/WorkCommand->runWorker('database', 'default')
#15 E:/12 RPL/yearbook-class/vendor/laravel/framework/src/Illuminate/Container/BoundMethod.php(36): Illuminate/Queue/Console/WorkCommand->handle()
#16 E:/12 RPL/yearbook-class/vendor/laravel/framework/src/Illuminate/Container/Util.php(43): Illuminate/Container/BoundMethod::Illuminate/Container/{closure}()
#17 E:/12 RPL/yearbook-class/vendor/laravel/framework/src/Illuminate/Container/BoundMethod.php(96): Illuminate/Container/Util::unwrapIfClosure(Object(Closure))
#18 E:/12 RPL/yearbook-class/vendor/laravel/framework/src/Illuminate/Container/BoundMethod.php(35): Illuminate/Container/BoundMethod::callBoundMethod(Object(Illuminate/Foundation/Application), Array, Object(Closure))
#19 E:/12 RPL/yearbook-class/vendor/laravel/framework/src/Illuminate/Container/Container.php(799): Illuminate/Container/BoundMethod::call(Object(Illuminate/Foundation/Application), Array, Array, NULL)
#20 E:/12 RPL/yearbook-class/vendor/laravel/framework/src/Illuminate/Console/Command.php(211): Illuminate/Container/Container->call(Array)
#21 E:/12 RPL/yearbook-class/vendor/symfony/console/Command/Command.php(341): Illuminate/Console/Command->execute(Object(Symfony/Component/Console/Input/ArgvInput), Object(Illuminate/Console/OutputStyle))
#22 E:/12 RPL/yearbook-class/vendor/laravel/framework/src/Illuminate/Console/Command.php(180): Symfony/Component/Console/Command/Command->run(Object(Symfony/Component/Console/Input/ArgvInput), Object(Illuminate/Console/OutputStyle))
#23 E:/12 RPL/yearbook-class/vendor/symfony/console/Application.php(1102): Illuminate/Console/Command->run(Object(Symfony/Component/Console/Input/ArgvInput), Object(Symfony/Component/Console/Output/ConsoleOutput))
#24 E:/12 RPL/yearbook-class/vendor/symfony/console/Application.php(356): Symfony/Component/Console/Application->doRunCommand(Object(Illuminate/Queue/Console/WorkCommand), Object(Symfony/Component/Console/Input/ArgvInput), Object(Symfony/Component/Console/Output/ConsoleOutput))
#25 E:/12 RPL/yearbook-class/vendor/symfony/console/Application.php(195): Symfony/Component/Console/Application->doRun(Object(Symfony/Component/Console/Input/ArgvInput), Object(Symfony/Component/Console/Output/ConsoleOutput))
#26 E:/12 RPL/yearbook-class/vendor/laravel/framework/src/Illuminate/Foundation/Console/Kernel.php(198): Symfony/Component/Console/Application->run(Object(Symfony/Component/Console/Input/ArgvInput), Object(Symfony/Component/Console/Output/ConsoleOutput))
#27 E:/12 RPL/yearbook-class/vendor/laravel/framework/src/Illuminate/Foundation/Application.php(1235): Illuminate/Foundation/Console/Kernel->handle(Object(Symfony/Component/Console/Input/ArgvInput), Object(Symfony/Component/Console/Output/ConsoleOutput))
#28 E:/12 RPL/yearbook-class/artisan(16): Illuminate/Foundation/Application->handleCommand(Object(Symfony/Component/Console/Input/ArgvInput))
#29 {main}

[previous exception] [object] (PDOException(code: 1049): SQLSTATE[HY000] [1049] Unknown database 'laravel' at E:/12 RPL/yearbook-class/vendor/laravel/framework/src/Illuminate/Database/Connectors/Connector.php:66)
[stacktrace]
#0 E:/12 RPL/yearbook-class/vendor/laravel/framework/src/Illuminate/Database/Connectors/Connector.php(66): PDO->__construct('mysql:host=127....', 'root', Object(SensitiveParameterValue), Array)
#1 E:/12 RPL/yearbook-class/vendor/laravel/framework/src/Illuminate/Database/Connectors/Connector.php(44): Illuminate/Database/Connectors/Connector->createPdoConnection('mysql:host=127....', 'root', Object(SensitiveParameterValue), Array)
#2 E:/12 RPL/yearbook-class/vendor/laravel/framework/src/Illuminate/Database/Connectors/MySqlConnector.php(24): Illuminate/Database/Connectors/Connector->createConnection('mysql:host=127....', Array, Array)
#3 E:/12 RPL/yearbook-class/vendor/laravel/framework/src/Illuminate/Database/Connectors/ConnectionFactory.php(186): Illuminate/Database/Connectors/MySqlConnector->connect(Array)
#4 [internal function]: Illuminate/Database/Connectors/ConnectionFactory->Illuminate/Database/Connectors/{closure}()
#5 E:/12 RPL/yearbook-class/vendor/laravel/framework/src/Illuminate/Database/Connection.php(1257): call_user_func(Object(Closure))
#6 E:/12 RPL/yearbook-class/vendor/laravel/framework/src/Illuminate/Database/Connection.php(1295): Illuminate/Database/Connection->getPdo()
#7 E:/12 RPL/yearbook-class/vendor/laravel/framework/src/Illuminate/Database/Connection.php(525): Illuminate/Database/Connection->getReadPdo()
#8 E:/12 RPL/yearbook-class/vendor/laravel/framework/src/Illuminate/Database/Connection.php(420): Illuminate/Database/Connection->getPdoForSelect(true)
#9 E:/12 RPL/yearbook-class/vendor/laravel/framework/src/Illuminate/Database/Connection.php(827): Illuminate/Database/Connection->Illuminate/Database/{closure}('select * from `...', Array)
#10 E:/12 RPL/yearbook-class/vendor/laravel/framework/src/Illuminate/Database/Connection.php(794): Illuminate/Database/Connection->runQueryCallback('select * from `...', Array, Object(Closure))
#11 E:/12 RPL/yearbook-class/vendor/laravel/framework/src/Illuminate/Database/Connection.php(411): Illuminate/Database/Connection->run('select * from `...', Array, Object(Closure))
#12 E:/12 RPL/yearbook-class/vendor/laravel/framework/src/Illuminate/Database/Query/Builder.php(3389): Illuminate/Database/Connection->select('select * from `...', Array, true)
#13 E:/12 RPL/yearbook-class/vendor/laravel/framework/src/Illuminate/Database/Query/Builder.php(3374): Illuminate/Database/Query/Builder->runSelect()
#14 E:/12 RPL/yearbook-class/vendor/laravel/framework/src/Illuminate/Database/Query/Builder.php(3964): Illuminate/Database/Query/Builder->Illuminate/Database/Query/{closure}()
#15 E:/12 RPL/yearbook-class/vendor/laravel/framework/src/Illuminate/Database/Query/Builder.php(3373): Illuminate/Database/Query/Builder->onceWithColumns(Array, Object(Closure))
#16 E:/12 RPL/yearbook-class/vendor/laravel/framework/src/Illuminate/Cache/DatabaseStore.php(130): Illuminate/Database/Query/Builder->get()
#17 E:/12 RPL/yearbook-class/vendor/laravel/framework/src/Illuminate/Cache/DatabaseStore.php(105): Illuminate/Cache/DatabaseStore->many(Array)
#18 E:/12 RPL/yearbook-class/vendor/laravel/framework/src/Illuminate/Cache/Repository.php(122): Illuminate/Cache/DatabaseStore->get('illuminate:queu...')
#19 E:/12 RPL/yearbook-class/vendor/laravel/framework/src/Illuminate/Queue/QueueManager.php(266): Illuminate/Cache/Repository->get('illuminate:queu...', false)
#20 E:/12 RPL/yearbook-class/vendor/laravel/framework/src/Illuminate/Queue/Worker.php(421): Illuminate/Queue/QueueManager->isPaused('database', 'default')
#21 E:/12 RPL/yearbook-class/vendor/laravel/framework/src/Illuminate/Queue/Worker.php(389): Illuminate/Queue/Worker->queuePaused('database', 'default')
#22 E:/12 RPL/yearbook-class/vendor/laravel/framework/src/Illuminate/Queue/Worker.php(350): Illuminate/Queue/Worker->getNextJob(Object(Illuminate/Queue/DatabaseQueue), 'default')
#23 E:/12 RPL/yearbook-class/vendor/laravel/framework/src/Illuminate/Queue/Console/WorkCommand.php(148): Illuminate/Queue/Worker->runNextJob('database', 'default', Object(Illuminate/Queue/WorkerOptions))
#24 E:/12 RPL/yearbook-class/vendor/laravel/framework/src/Illuminate/Queue/Console/WorkCommand.php(131): Illuminate/Queue/Console/WorkCommand->runWorker('database', 'default')
#25 E:/12 RPL/yearbook-class/vendor/laravel/framework/src/Illuminate/Container/BoundMethod.php(36): Illuminate/Queue/Console/WorkCommand->handle()
#26 E:/12 RPL/yearbook-class/vendor/laravel/framework/src/Illuminate/Container/Util.php(43): Illuminate/Container/BoundMethod::Illuminate/Container/{closure}()
#27 E:/12 RPL/yearbook-class/vendor/laravel/framework/src/Illuminate/Container/BoundMethod.php(96): Illuminate/Container/Util::unwrapIfClosure(Object(Closure))
#28 E:/12 RPL/yearbook-class/vendor/laravel/framework/src/Illuminate/Container/BoundMethod.php(35): Illuminate/Container/BoundMethod::callBoundMethod(Object(Illuminate/Foundation/Application), Array, Object(Closure))
#29 E:/12 RPL/yearbook-class/vendor/laravel/framework/src/Illuminate/Container/Container.php(799): Illuminate/Container/BoundMethod::call(Object(Illuminate/Foundation/Application), Array, Array, NULL)
#30 E:/12 RPL/yearbook-class/vendor/laravel/framework/src/Illuminate/Console/Command.php(211): Illuminate/Container/Container->call(Array)
#31 E:/12 RPL/yearbook-class/vendor/symfony/console/Command/Command.php(341): Illuminate/Console/Command->execute(Object(Symfony/Component/Console/Input/ArgvInput), Object(Illuminate/Console/OutputStyle))
#32 E:/12 RPL/yearbook-class/vendor/laravel/framework/src/Illuminate/Console/Command.php(180): Symfony/Component/Console/Command/Command->run(Object(Symfony/Component/Console/Input/ArgvInput), Object(Illuminate/Console/OutputStyle))
#33 E:/12 RPL/yearbook-class/vendor/symfony/console/Application.php(1102): Illuminate/Console/Command->run(Object(Symfony/Component/Console/Input/ArgvInput), Object(Symfony/Component/Console/Output/ConsoleOutput))
#34 E:/12 RPL/yearbook-class/vendor/symfony/console/Application.php(356): Symfony/Component/Console/Application->doRunCommand(Object(Illuminate/Queue/Console/WorkCommand), Object(Symfony/Component/Console/Input/ArgvInput), Object(Symfony/Component/Console/Output/ConsoleOutput))
#35 E:/12 RPL/yearbook-class/vendor/symfony/console/Application.php(195): Symfony/Component/Console/Application->doRun(Object(Symfony/Component/Console/Input/ArgvInput), Object(Symfony/Component/Console/Output/ConsoleOutput))
#36 E:/12 RPL/yearbook-class/vendor/laravel/framework/src/Illuminate/Foundation/Console/Kernel.php(198): Symfony/Component/Console/Application->run(Object(Symfony/Component/Console/Input/ArgvInput), Object(Symfony/Component/Console/Output/ConsoleOutput))
#37 E:/12 RPL/yearbook-class/vendor/laravel/framework/src/Illuminate/Foundation/Application.php(1235): Illuminate/Foundation/Console/Kernel->handle(Object(Symfony/Component/Console/Input/ArgvInput), Object(Symfony/Component/Console/Output/ConsoleOutput))
#38 E:/12 RPL/yearbook-class/artisan(16): Illuminate/Foundation/Application->handleCommand(Object(Symfony/Component/Console/Input/ArgvInput))
#39 {main}
"} 
[2026-01-29 12:17:15] local.ERROR: SQLSTATE[HY000] [1049] Unknown database 'yearbook' (Connection: mysql, Host: 127.0.0.1, Port: 3306, Database: yearbook, SQL: select * from `cache` where `key` in (laravel_cache_illuminate:queue:paused:database:default)) {"exception":"[object] (Illuminate\\Database\\QueryException(code: 1049): SQLSTATE[HY000] [1049] Unknown database 'yearbook' (Connection: mysql, Host: 127.0.0.1, Port: 3306, Database: yearbook, SQL: select * from `cache` where `key` in (laravel_cache_illuminate:queue:paused:database:default)) at E:/12 RPL/yearbook-class/vendor/laravel/framework/src/Illuminate/Database/Connection.php:838)
[stacktrace]
#0 E:/12 RPL/yearbook-class/vendor/laravel/framework/src/Illuminate/Database/Connection.php(794): Illuminate/Database/Connection->runQueryCallback('select * from `...', Array, Object(Closure))
#1 E:/12 RPL/yearbook-class/vendor/laravel/framework/src/Illuminate/Database/Connection.php(411): Illuminate/Database/Connection->run('select * from `...', Array, Object(Closure))
#2 E:/12 RPL/yearbook-class/vendor/laravel/framework/src/Illuminate/Database/Query/Builder.php(3389): Illuminate/Database/Connection->select('select * from `...', Array, true)
#3 E:/12 RPL/yearbook-class/vendor/laravel/framework/src/Illuminate/Database/Query/Builder.php(3374): Illuminate/Database/Query/Builder->runSelect()
#4 E:/12 RPL/yearbook-class/vendor/laravel/framework/src/Illuminate/Database/Query/Builder.php(3964): Illuminate/Database/Query/Builder->Illuminate/Database/Query/{closure}()
#5 E:/12 RPL/yearbook-class/vendor/laravel/framework/src/Illuminate/Database/Query/Builder.php(3373): Illuminate/Database/Query/Builder->onceWithColumns(Array, Object(Closure))
#6 E:/12 RPL/yearbook-class/vendor/laravel/framework/src/Illuminate/Cache/DatabaseStore.php(130): Illuminate/Database/Query/Builder->get()
#7 E:/12 RPL/yearbook-class/vendor/laravel/framework/src/Illuminate/Cache/DatabaseStore.php(105): Illuminate/Cache/DatabaseStore->many(Array)
#8 E:/12 RPL/yearbook-class/vendor/laravel/framework/src/Illuminate/Cache/Repository.php(122): Illuminate/Cache/DatabaseStore->get('illuminate:queu...')
#9 E:/12 RPL/yearbook-class/vendor/laravel/framework/src/Illuminate/Queue/QueueManager.php(266): Illuminate/Cache/Repository->get('illuminate:queu...', false)
#10 E:/12 RPL/yearbook-class/vendor/laravel/framework/src/Illuminate/Queue/Worker.php(421): Illuminate/Queue/QueueManager->isPaused('database', 'default')
#11 E:/12 RPL/yearbook-class/vendor/laravel/framework/src/Illuminate/Queue/Worker.php(389): Illuminate/Queue/Worker->queuePaused('database', 'default')
#12 E:/12 RPL/yearbook-class/vendor/laravel/framework/src/Illuminate/Queue/Worker.php(350): Illuminate/Queue/Worker->getNextJob(Object(Illuminate/Queue/DatabaseQueue), 'default')
#13 E:/12 RPL/yearbook-class/vendor/laravel/framework/src/Illuminate/Queue/Console/WorkCommand.php(148): Illuminate/Queue/Worker->runNextJob('database', 'default', Object(Illuminate/Queue/WorkerOptions))
#14 E:/12 RPL/yearbook-class/vendor/laravel/framework/src/Illuminate/Queue/Console/WorkCommand.php(131): Illuminate/Queue/Console/WorkCommand->runWorker('database', 'default')
#15 E:/12 RPL/yearbook-class/vendor/laravel/framework/src/Illuminate/Container/BoundMethod.php(36): Illuminate/Queue/Console/WorkCommand->handle()
#16 E:/12 RPL/yearbook-class/vendor/laravel/framework/src/Illuminate/Container/Util.php(43): Illuminate/Container/BoundMethod::Illuminate/Container/{closure}()
#17 E:/12 RPL/yearbook-class/vendor/laravel/framework/src/Illuminate/Container/BoundMethod.php(96): Illuminate/Container/Util::unwrapIfClosure(Object(Closure))
#18 E:/12 RPL/yearbook-class/vendor/laravel/framework/src/Illuminate/Container/BoundMethod.php(35): Illuminate/Container/BoundMethod::callBoundMethod(Object(Illuminate/Foundation/Application), Array, Object(Closure))
#19 E:/12 RPL/yearbook-class/vendor/laravel/framework/src/Illuminate/Container/Container.php(799): Illuminate/Container/BoundMethod::call(Object(Illuminate/Foundation/Application), Array, Array, NULL)
#20 E:/12 RPL/yearbook-class/vendor/laravel/framework/src/Illuminate/Console/Command.php(211): Illuminate/Container/Container->call(Array)
#21 E:/12 RPL/yearbook-class/vendor/symfony/console/Command/Command.php(341): Illuminate/Console/Command->execute(Object(Symfony/Component/Console/Input/ArgvInput), Object(Illuminate/Console/OutputStyle))
#22 E:/12 RPL/yearbook-class/vendor/laravel/framework/src/Illuminate/Console/Command.php(180): Symfony/Component/Console/Command/Command->run(Object(Symfony/Component/Console/Input/ArgvInput), Object(Illuminate/Console/OutputStyle))
#23 E:/12 RPL/yearbook-class/vendor/symfony/console/Application.php(1102): Illuminate/Console/Command->run(Object(Symfony/Component/Console/Input/ArgvInput), Object(Symfony/Component/Console/Output/ConsoleOutput))
#24 E:/12 RPL/yearbook-class/vendor/symfony/console/Application.php(356): Symfony/Component/Console/Application->doRunCommand(Object(Illuminate/Queue/Console/WorkCommand), Object(Symfony/Component/Console/Input/ArgvInput), Object(Symfony/Component/Console/Output/ConsoleOutput))
#25 E:/12 RPL/yearbook-class/vendor/symfony/console/Application.php(195): Symfony/Component/Console/Application->doRun(Object(Symfony/Component/Console/Input/ArgvInput), Object(Symfony/Component/Console/Output/ConsoleOutput))
#26 E:/12 RPL/yearbook-class/vendor/laravel/framework/src/Illuminate/Foundation/Console/Kernel.php(198): Symfony/Component/Console/Application->run(Object(Symfony/Component/Console/Input/ArgvInput), Object(Symfony/Component/Console/Output/ConsoleOutput))
#27 E:/12 RPL/yearbook-class/vendor/laravel/framework/src/Illuminate/Foundation/Application.php(1235): Illuminate/Foundation/Console/Kernel->handle(Object(Symfony/Component/Console/Input/ArgvInput), Object(Symfony/Component/Console/Output/ConsoleOutput))
#28 E:/12 RPL/yearbook-class/artisan(16): Illuminate/Foundation/Application->handleCommand(Object(Symfony/Component/Console/Input/ArgvInput))
#29 {main}

[previous exception] [object] (PDOException(code: 1049): SQLSTATE[HY000] [1049] Unknown database 'yearbook' at E:/12 RPL/yearbook-class/vendor/laravel/framework/src/Illuminate/Database/Connectors/Connector.php:66)
[stacktrace]
#0 E:/12 RPL/yearbook-class/vendor/laravel/framework/src/Illuminate/Database/Connectors/Connector.php(66): PDO->__construct('mysql:host=127....', 'root', Object(SensitiveParameterValue), Array)
#1 E:/12 RPL/yearbook-class/vendor/laravel/framework/src/Illuminate/Database/Connectors/Connector.php(44): Illuminate/Database/Connectors/Connector->createPdoConnection('mysql:host=127....', 'root', Object(SensitiveParameterValue), Array)
#2 E:/12 RPL/yearbook-class/vendor/laravel/framework/src/Illuminate/Database/Connectors/MySqlConnector.php(24): Illuminate/Database/Connectors/Connector->createConnection('mysql:host=127....', Array, Array)
#3 E:/12 RPL/yearbook-class/vendor/laravel/framework/src/Illuminate/Database/Connectors/ConnectionFactory.php(186): Illuminate/Database/Connectors/MySqlConnector->connect(Array)
#4 [internal function]: Illuminate/Database/Connectors/ConnectionFactory->Illuminate/Database/Connectors/{closure}()
#5 E:/12 RPL/yearbook-class/vendor/laravel/framework/src/Illuminate/Database/Connection.php(1257): call_user_func(Object(Closure))
#6 E:/12 RPL/yearbook-class/vendor/laravel/framework/src/Illuminate/Database/Connection.php(1295): Illuminate/Database/Connection->getPdo()
#7 E:/12 RPL/yearbook-class/vendor/laravel/framework/src/Illuminate/Database/Connection.php(525): Illuminate/Database/Connection->getReadPdo()
#8 E:/12 RPL/yearbook-class/vendor/laravel/framework/src/Illuminate/Database/Connection.php(420): Illuminate/Database/Connection->getPdoForSelect(true)
#9 E:/12 RPL/yearbook-class/vendor/laravel/framework/src/Illuminate/Database/Connection.php(827): Illuminate/Database/Connection->Illuminate/Database/{closure}('select * from `...', Array)
#10 E:/12 RPL/yearbook-class/vendor/laravel/framework/src/Illuminate/Database/Connection.php(794): Illuminate/Database/Connection->runQueryCallback('select * from `...', Array, Object(Closure))
#11 E:/12 RPL/yearbook-class/vendor/laravel/framework/src/Illuminate/Database/Connection.php(411): Illuminate/Database/Connection->run('select * from `...', Array, Object(Closure))
#12 E:/12 RPL/yearbook-class/vendor/laravel/framework/src/Illuminate/Database/Query/Builder.php(3389): Illuminate/Database/Connection->select('select * from `...', Array, true)
#13 E:/12 RPL/yearbook-class/vendor/laravel/framework/src/Illuminate/Database/Query/Builder.php(3374): Illuminate/Database/Query/Builder->runSelect()
#14 E:/12 RPL/yearbook-class/vendor/laravel/framework/src/Illuminate/Database/Query/Builder.php(3964): Illuminate/Database/Query/Builder->Illuminate/Database/Query/{closure}()
#15 E:/12 RPL/yearbook-class/vendor/laravel/framework/src/Illuminate/Database/Query/Builder.php(3373): Illuminate/Database/Query/Builder->onceWithColumns(Array, Object(Closure))
#16 E:/12 RPL/yearbook-class/vendor/laravel/framework/src/Illuminate/Cache/DatabaseStore.php(130): Illuminate/Database/Query/Builder->get()
#17 E:/12 RPL/yearbook-class/vendor/laravel/framework/src/Illuminate/Cache/DatabaseStore.php(105): Illuminate/Cache/DatabaseStore->many(Array)
#18 E:/12 RPL/yearbook-class/vendor/laravel/framework/src/Illuminate/Cache/Repository.php(122): Illuminate/Cache/DatabaseStore->get('illuminate:queu...')
#19 E:/12 RPL/yearbook-class/vendor/laravel/framework/src/Illuminate/Queue/QueueManager.php(266): Illuminate/Cache/Repository->get('illuminate:queu...', false)
#20 E:/12 RPL/yearbook-class/vendor/laravel/framework/src/Illuminate/Queue/Worker.php(421): Illuminate/Queue/QueueManager->isPaused('database', 'default')
#21 E:/12 RPL/yearbook-class/vendor/laravel/framework/src/Illuminate/Queue/Worker.php(389): Illuminate/Queue/Worker->queuePaused('database', 'default')
#22 E:/12 RPL/yearbook-class/vendor/laravel/framework/src/Illuminate/Queue/Worker.php(350): Illuminate/Queue/Worker->getNextJob(Object(Illuminate/Queue/DatabaseQueue), 'default')
#23 E:/12 RPL/yearbook-class/vendor/laravel/framework/src/Illuminate/Queue/Console/WorkCommand.php(148): Illuminate/Queue/Worker->runNextJob('database', 'default', Object(Illuminate/Queue/WorkerOptions))
#24 E:/12 RPL/yearbook-class/vendor/laravel/framework/src/Illuminate/Queue/Console/WorkCommand.php(131): Illuminate/Queue/Console/WorkCommand->runWorker('database', 'default')
#25 E:/12 RPL/yearbook-class/vendor/laravel/framework/src/Illuminate/Container/BoundMethod.php(36): Illuminate/Queue/Console/WorkCommand->handle()
#26 E:/12 RPL/yearbook-class/vendor/laravel/framework/src/Illuminate/Container/Util.php(43): Illuminate/Container/BoundMethod::Illuminate/Container/{closure}()
#27 E:/12 RPL/yearbook-class/vendor/laravel/framework/src/Illuminate/Container/BoundMethod.php(96): Illuminate/Container/Util::unwrapIfClosure(Object(Closure))
#28 E:/12 RPL/yearbook-class/vendor/laravel/framework/src/Illuminate/Container/BoundMethod.php(35): Illuminate/Container/BoundMethod::callBoundMethod(Object(Illuminate/Foundation/Application), Array, Object(Closure))
#29 E:/12 RPL/yearbook-class/vendor/laravel/framework/src/Illuminate/Container/Container.php(799): Illuminate/Container/BoundMethod::call(Object(Illuminate/Foundation/Application), Array, Array, NULL)
#30 E:/12 RPL/yearbook-class/vendor/laravel/framework/src/Illuminate/Console/Command.php(211): Illuminate/Container/Container->call(Array)
#31 E:/12 RPL/yearbook-class/vendor/symfony/console/Command/Command.php(341): Illuminate/Console/Command->execute(Object(Symfony/Component/Console/Input/ArgvInput), Object(Illuminate/Console/OutputStyle))
#32 E:/12 RPL/yearbook-class/vendor/laravel/framework/src/Illuminate/Console/Command.php(180): Symfony/Component/Console/Command/Command->run(Object(Symfony/Component/Console/Input/ArgvInput), Object(Illuminate/Console/OutputStyle))
#33 E:/12 RPL/yearbook-class/vendor/symfony/console/Application.php(1102): Illuminate/Console/Command->run(Object(Symfony/Component/Console/Input/ArgvInput), Object(Symfony/Component/Console/Output/ConsoleOutput))
#34 E:/12 RPL/yearbook-class/vendor/symfony/console/Application.php(356): Symfony/Component/Console/Application->doRunCommand(Object(Illuminate/Queue/Console/WorkCommand), Object(Symfony/Component/Console/Input/ArgvInput), Object(Symfony/Component/Console/Output/ConsoleOutput))
#35 E:/12 RPL/yearbook-class/vendor/symfony/console/Application.php(195): Symfony/Component/Console/Application->doRun(Object(Symfony/Component/Console/Input/ArgvInput), Object(Symfony/Component/Console/Output/ConsoleOutput))
#36 E:/12 RPL/yearbook-class/vendor/laravel/framework/src/Illuminate/Foundation/Console/Kernel.php(198): Symfony/Component/Console/Application->run(Object(Symfony/Component/Console/Input/ArgvInput), Object(Symfony/Component/Console/Output/ConsoleOutput))
#37 E:/12 RPL/yearbook-class/vendor/laravel/framework/src/Illuminate/Foundation/Application.php(1235): Illuminate/Foundation/Console/Kernel->handle(Object(Symfony/Component/Console/Input/ArgvInput), Object(Symfony/Component/Console/Output/ConsoleOutput))
#38 E:/12 RPL/yearbook-class/artisan(16): Illuminate/Foundation/Application->handleCommand(Object(Symfony/Component/Console/Input/ArgvInput))
#39 {main}
"} 
[2026-01-29 12:17:20] local.ERROR: SQLSTATE[HY000] [1049] Unknown database 'yearbook-app' (Connection: mysql, Host: 127.0.0.1, Port: 3306, Database: yearbook-app, SQL: select * from `cache` where `key` in (laravel_cache_illuminate:queue:paused:database:default)) {"exception":"[object] (Illuminate\\Database\\QueryException(code: 1049): SQLSTATE[HY000] [1049] Unknown database 'yearbook-app' (Connection: mysql, Host: 127.0.0.1, Port: 3306, Database: yearbook-app, SQL: select * from `cache` where `key` in (laravel_cache_illuminate:queue:paused:database:default)) at E:/12 RPL/yearbook-class/vendor/laravel/framework/src/Illuminate/Database/Connection.php:838)
[stacktrace]
#0 E:/12 RPL/yearbook-class/vendor/laravel/framework/src/Illuminate/Database/Connection.php(794): Illuminate/Database/Connection->runQueryCallback('select * from `...', Array, Object(Closure))
#1 E:/12 RPL/yearbook-class/vendor/laravel/framework/src/Illuminate/Database/Connection.php(411): Illuminate/Database/Connection->run('select * from `...', Array, Object(Closure))
#2 E:/12 RPL/yearbook-class/vendor/laravel/framework/src/Illuminate/Database/Query/Builder.php(3389): Illuminate/Database/Connection->select('select * from `...', Array, true)
#3 E:/12 RPL/yearbook-class/vendor/laravel/framework/src/Illuminate/Database/Query/Builder.php(3374): Illuminate/Database/Query/Builder->runSelect()
#4 E:/12 RPL/yearbook-class/vendor/laravel/framework/src/Illuminate/Database/Query/Builder.php(3964): Illuminate/Database/Query/Builder->Illuminate/Database/Query/{closure}()
#5 E:/12 RPL/yearbook-class/vendor/laravel/framework/src/Illuminate/Database/Query/Builder.php(3373): Illuminate/Database/Query/Builder->onceWithColumns(Array, Object(Closure))
#6 E:/12 RPL/yearbook-class/vendor/laravel/framework/src/Illuminate/Cache/DatabaseStore.php(130): Illuminate/Database/Query/Builder->get()
#7 E:/12 RPL/yearbook-class/vendor/laravel/framework/src/Illuminate/Cache/DatabaseStore.php(105): Illuminate/Cache/DatabaseStore->many(Array)
#8 E:/12 RPL/yearbook-class/vendor/laravel/framework/src/Illuminate/Cache/Repository.php(122): Illuminate/Cache/DatabaseStore->get('illuminate:queu...')
#9 E:/12 RPL/yearbook-class/vendor/laravel/framework/src/Illuminate/Queue/QueueManager.php(266): Illuminate/Cache/Repository->get('illuminate:queu...', false)
#10 E:/12 RPL/yearbook-class/vendor/laravel/framework/src/Illuminate/Queue/Worker.php(421): Illuminate/Queue/QueueManager->isPaused('database', 'default')
#11 E:/12 RPL/yearbook-class/vendor/laravel/framework/src/Illuminate/Queue/Worker.php(389): Illuminate/Queue/Worker->queuePaused('database', 'default')
#12 E:/12 RPL/yearbook-class/vendor/laravel/framework/src/Illuminate/Queue/Worker.php(350): Illuminate/Queue/Worker->getNextJob(Object(Illuminate/Queue/DatabaseQueue), 'default')
#13 E:/12 RPL/yearbook-class/vendor/laravel/framework/src/Illuminate/Queue/Console/WorkCommand.php(148): Illuminate/Queue/Worker->runNextJob('database', 'default', Object(Illuminate/Queue/WorkerOptions))
#14 E:/12 RPL/yearbook-class/vendor/laravel/framework/src/Illuminate/Queue/Console/WorkCommand.php(131): Illuminate/Queue/Console/WorkCommand->runWorker('database', 'default')
#15 E:/12 RPL/yearbook-class/vendor/laravel/framework/src/Illuminate/Container/BoundMethod.php(36): Illuminate/Queue/Console/WorkCommand->handle()
#16 E:/12 RPL/yearbook-class/vendor/laravel/framework/src/Illuminate/Container/Util.php(43): Illuminate/Container/BoundMethod::Illuminate/Container/{closure}()
#17 E:/12 RPL/yearbook-class/vendor/laravel/framework/src/Illuminate/Container/BoundMethod.php(96): Illuminate/Container/Util::unwrapIfClosure(Object(Closure))
#18 E:/12 RPL/yearbook-class/vendor/laravel/framework/src/Illuminate/Container/BoundMethod.php(35): Illuminate/Container/BoundMethod::callBoundMethod(Object(Illuminate/Foundation/Application), Array, Object(Closure))
#19 E:/12 RPL/yearbook-class/vendor/laravel/framework/src/Illuminate/Container/Container.php(799): Illuminate/Container/BoundMethod::call(Object(Illuminate/Foundation/Application), Array, Array, NULL)
#20 E:/12 RPL/yearbook-class/vendor/laravel/framework/src/Illuminate/Console/Command.php(211): Illuminate/Container/Container->call(Array)
#21 E:/12 RPL/yearbook-class/vendor/symfony/console/Command/Command.php(341): Illuminate/Console/Command->execute(Object(Symfony/Component/Console/Input/ArgvInput), Object(Illuminate/Console/OutputStyle))
#22 E:/12 RPL/yearbook-class/vendor/laravel/framework/src/Illuminate/Console/Command.php(180): Symfony/Component/Console/Command/Command->run(Object(Symfony/Component/Console/Input/ArgvInput), Object(Illuminate/Console/OutputStyle))
#23 E:/12 RPL/yearbook-class/vendor/symfony/console/Application.php(1102): Illuminate/Console/Command->run(Object(Symfony/Component/Console/Input/ArgvInput), Object(Symfony/Component/Console/Output/ConsoleOutput))
#24 E:/12 RPL/yearbook-class/vendor/symfony/console/Application.php(356): Symfony/Component/Console/Application->doRunCommand(Object(Illuminate/Queue/Console/WorkCommand), Object(Symfony/Component/Console/Input/ArgvInput), Object(Symfony/Component/Console/Output/ConsoleOutput))
#25 E:/12 RPL/yearbook-class/vendor/symfony/console/Application.php(195): Symfony/Component/Console/Application->doRun(Object(Symfony/Component/Console/Input/ArgvInput), Object(Symfony/Component/Console/Output/ConsoleOutput))
#26 E:/12 RPL/yearbook-class/vendor/laravel/framework/src/Illuminate/Foundation/Console/Kernel.php(198): Symfony/Component/Console/Application->run(Object(Symfony/Component/Console/Input/ArgvInput), Object(Symfony/Component/Console/Output/ConsoleOutput))
#27 E:/12 RPL/yearbook-class/vendor/laravel/framework/src/Illuminate/Foundation/Application.php(1235): Illuminate/Foundation/Console/Kernel->handle(Object(Symfony/Component/Console/Input/ArgvInput), Object(Symfony/Component/Console/Output/ConsoleOutput))
#28 E:/12 RPL/yearbook-class/artisan(16): Illuminate/Foundation/Application->handleCommand(Object(Symfony/Component/Console/Input/ArgvInput))
#29 {main}

[previous exception] [object] (PDOException(code: 1049): SQLSTATE[HY000] [1049] Unknown database 'yearbook-app' at E:/12 RPL/yearbook-class/vendor/laravel/framework/src/Illuminate/Database/Connectors/Connector.php:66)
[stacktrace]
#0 E:/12 RPL/yearbook-class/vendor/laravel/framework/src/Illuminate/Database/Connectors/Connector.php(66): PDO->__construct('mysql:host=127....', 'root', Object(SensitiveParameterValue), Array)
#1 E:/12 RPL/yearbook-class/vendor/laravel/framework/src/Illuminate/Database/Connectors/Connector.php(44): Illuminate/Database/Connectors/Connector->createPdoConnection('mysql:host=127....', 'root', Object(SensitiveParameterValue), Array)
#2 E:/12 RPL/yearbook-class/vendor/laravel/framework/src/Illuminate/Database/Connectors/MySqlConnector.php(24): Illuminate/Database/Connectors/Connector->createConnection('mysql:host=127....', Array, Array)
#3 E:/12 RPL/yearbook-class/vendor/laravel/framework/src/Illuminate/Database/Connectors/ConnectionFactory.php(186): Illuminate/Database/Connectors/MySqlConnector->connect(Array)
#4 [internal function]: Illuminate/Database/Connectors/ConnectionFactory->Illuminate/Database/Connectors/{closure}()
#5 E:/12 RPL/yearbook-class/vendor/laravel/framework/src/Illuminate/Database/Connection.php(1257): call_user_func(Object(Closure))
#6 E:/12 RPL/yearbook-class/vendor/laravel/framework/src/Illuminate/Database/Connection.php(1295): Illuminate/Database/Connection->getPdo()
#7 E:/12 RPL/yearbook-class/vendor/laravel/framework/src/Illuminate/Database/Connection.php(525): Illuminate/Database/Connection->getReadPdo()
#8 E:/12 RPL/yearbook-class/vendor/laravel/framework/src/Illuminate/Database/Connection.php(420): Illuminate/Database/Connection->getPdoForSelect(true)
#9 E:/12 RPL/yearbook-class/vendor/laravel/framework/src/Illuminate/Database/Connection.php(827): Illuminate/Database/Connection->Illuminate/Database/{closure}('select * from `...', Array)
#10 E:/12 RPL/yearbook-class/vendor/laravel/framework/src/Illuminate/Database/Connection.php(794): Illuminate/Database/Connection->runQueryCallback('select * from `...', Array, Object(Closure))
#11 E:/12 RPL/yearbook-class/vendor/laravel/framework/src/Illuminate/Database/Connection.php(411): Illuminate/Database/Connection->run('select * from `...', Array, Object(Closure))
#12 E:/12 RPL/yearbook-class/vendor/laravel/framework/src/Illuminate/Database/Query/Builder.php(3389): Illuminate/Database/Connection->select('select * from `...', Array, true)
#13 E:/12 RPL/yearbook-class/vendor/laravel/framework/src/Illuminate/Database/Query/Builder.php(3374): Illuminate/Database/Query/Builder->runSelect()
#14 E:/12 RPL/yearbook-class/vendor/laravel/framework/src/Illuminate/Database/Query/Builder.php(3964): Illuminate/Database/Query/Builder->Illuminate/Database/Query/{closure}()
#15 E:/12 RPL/yearbook-class/vendor/laravel/framework/src/Illuminate/Database/Query/Builder.php(3373): Illuminate/Database/Query/Builder->onceWithColumns(Array, Object(Closure))
#16 E:/12 RPL/yearbook-class/vendor/laravel/framework/src/Illuminate/Cache/DatabaseStore.php(130): Illuminate/Database/Query/Builder->get()
#17 E:/12 RPL/yearbook-class/vendor/laravel/framework/src/Illuminate/Cache/DatabaseStore.php(105): Illuminate/Cache/DatabaseStore->many(Array)
#18 E:/12 RPL/yearbook-class/vendor/laravel/framework/src/Illuminate/Cache/Repository.php(122): Illuminate/Cache/DatabaseStore->get('illuminate:queu...')
#19 E:/12 RPL/yearbook-class/vendor/laravel/framework/src/Illuminate/Queue/QueueManager.php(266): Illuminate/Cache/Repository->get('illuminate:queu...', false)
#20 E:/12 RPL/yearbook-class/vendor/laravel/framework/src/Illuminate/Queue/Worker.php(421): Illuminate/Queue/QueueManager->isPaused('database', 'default')
#21 E:/12 RPL/yearbook-class/vendor/laravel/framework/src/Illuminate/Queue/Worker.php(389): Illuminate/Queue/Worker->queuePaused('database', 'default')
#22 E:/12 RPL/yearbook-class/vendor/laravel/framework/src/Illuminate/Queue/Worker.php(350): Illuminate/Queue/Worker->getNextJob(Object(Illuminate/Queue/DatabaseQueue), 'default')
#23 E:/12 RPL/yearbook-class/vendor/laravel/framework/src/Illuminate/Queue/Console/WorkCommand.php(148): Illuminate/Queue/Worker->runNextJob('database', 'default', Object(Illuminate/Queue/WorkerOptions))
#24 E:/12 RPL/yearbook-class/vendor/laravel/framework/src/Illuminate/Queue/Console/WorkCommand.php(131): Illuminate/Queue/Console/WorkCommand->runWorker('database', 'default')
#25 E:/12 RPL/yearbook-class/vendor/laravel/framework/src/Illuminate/Container/BoundMethod.php(36): Illuminate/Queue/Console/WorkCommand->handle()
#26 E:/12 RPL/yearbook-class/vendor/laravel/framework/src/Illuminate/Container/Util.php(43): Illuminate/Container/BoundMethod::Illuminate/Container/{closure}()
#27 E:/12 RPL/yearbook-class/vendor/laravel/framework/src/Illuminate/Container/BoundMethod.php(96): Illuminate/Container/Util::unwrapIfClosure(Object(Closure))
#28 E:/12 RPL/yearbook-class/vendor/laravel/framework/src/Illuminate/Container/BoundMethod.php(35): Illuminate/Container/BoundMethod::callBoundMethod(Object(Illuminate/Foundation/Application), Array, Object(Closure))
#29 E:/12 RPL/yearbook-class/vendor/laravel/framework/src/Illuminate/Container/Container.php(799): Illuminate/Container/BoundMethod::call(Object(Illuminate/Foundation/Application), Array, Array, NULL)
#30 E:/12 RPL/yearbook-class/vendor/laravel/framework/src/Illuminate/Console/Command.php(211): Illuminate/Container/Container->call(Array)
#31 E:/12 RPL/yearbook-class/vendor/symfony/console/Command/Command.php(341): Illuminate/Console/Command->execute(Object(Symfony/Component/Console/Input/ArgvInput), Object(Illuminate/Console/OutputStyle))
#32 E:/12 RPL/yearbook-class/vendor/laravel/framework/src/Illuminate/Console/Command.php(180): Symfony/Component/Console/Command/Command->run(Object(Symfony/Component/Console/Input/ArgvInput), Object(Illuminate/Console/OutputStyle))
#33 E:/12 RPL/yearbook-class/vendor/symfony/console/Application.php(1102): Illuminate/Console/Command->run(Object(Symfony/Component/Console/Input/ArgvInput), Object(Symfony/Component/Console/Output/ConsoleOutput))
#34 E:/12 RPL/yearbook-class/vendor/symfony/console/Application.php(356): Symfony/Component/Console/Application->doRunCommand(Object(Illuminate/Queue/Console/WorkCommand), Object(Symfony/Component/Console/Input/ArgvInput), Object(Symfony/Component/Console/Output/ConsoleOutput))
#35 E:/12 RPL/yearbook-class/vendor/symfony/console/Application.php(195): Symfony/Component/Console/Application->doRun(Object(Symfony/Component/Console/Input/ArgvInput), Object(Symfony/Component/Console/Output/ConsoleOutput))
#36 E:/12 RPL/yearbook-class/vendor/laravel/framework/src/Illuminate/Foundation/Console/Kernel.php(198): Symfony/Component/Console/Application->run(Object(Symfony/Component/Console/Input/ArgvInput), Object(Symfony/Component/Console/Output/ConsoleOutput))
#37 E:/12 RPL/yearbook-class/vendor/laravel/framework/src/Illuminate/Foundation/Application.php(1235): Illuminate/Foundation/Console/Kernel->handle(Object(Symfony/Component/Console/Input/ArgvInput), Object(Symfony/Component/Console/Output/ConsoleOutput))
#38 E:/12 RPL/yearbook-class/artisan(16): Illuminate/Foundation/Application->handleCommand(Object(Symfony/Component/Console/Input/ArgvInput))
#39 {main}
"} 
[2026-01-29 12:17:25] local.ERROR: SQLSTATE[HY000] [1049] Unknown database 'yearbook-site' (Connection: mysql, Host: 127.0.0.1, Port: 3306, Database: yearbook-site, SQL: select * from `cache` where `key` in (laravel_cache_illuminate:queue:paused:database:default)) {"exception":"[object] (Illuminate\\Database\\QueryException(code: 1049): SQLSTATE[HY000] [1049] Unknown database 'yearbook-site' (Connection: mysql, Host: 127.0.0.1, Port: 3306, Database: yearbook-site, SQL: select * from `cache` where `key` in (laravel_cache_illuminate:queue:paused:database:default)) at E:/12 RPL/yearbook-class/vendor/laravel/framework/src/Illuminate/Database/Connection.php:838)
[stacktrace]
#0 E:/12 RPL/yearbook-class/vendor/laravel/framework/src/Illuminate/Database/Connection.php(794): Illuminate/Database/Connection->runQueryCallback('select * from `...', Array, Object(Closure))
#1 E:/12 RPL/yearbook-class/vendor/laravel/framework/src/Illuminate/Database/Connection.php(411): Illuminate/Database/Connection->run('select * from `...', Array, Object(Closure))
#2 E:/12 RPL/yearbook-class/vendor/laravel/framework/src/Illuminate/Database/Query/Builder.php(3389): Illuminate/Database/Connection->select('select * from `...', Array, true)
#3 E:/12 RPL/yearbook-class/vendor/laravel/framework/src/Illuminate/Database/Query/Builder.php(3374): Illuminate/Database/Query/Builder->runSelect()
#4 E:/12 RPL/yearbook-class/vendor/laravel/framework/src/Illuminate/Database/Query/Builder.php(3964): Illuminate/Database/Query/Builder->Illuminate/Database/Query/{closure}()
#5 E:/12 RPL/yearbook-class/vendor/laravel/framework/src/Illuminate/Database/Query/Builder.php(3373): Illuminate/Database/Query/Builder->onceWithColumns(Array, Object(Closure))
#6 E:/12 RPL/yearbook-class/vendor/laravel/framework/src/Illuminate/Cache/DatabaseStore.php(130): Illuminate/Database/Query/Builder->get()
#7 E:/12 RPL/yearbook-class/vendor/laravel/framework/src/Illuminate/Cache/DatabaseStore.php(105): Illuminate/Cache/DatabaseStore->many(Array)
#8 E:/12 RPL/yearbook-class/vendor/laravel/framework/src/Illuminate/Cache/Repository.php(122): Illuminate/Cache/DatabaseStore->get('illuminate:queu...')
#9 E:/12 RPL/yearbook-class/vendor/laravel/framework/src/Illuminate/Queue/QueueManager.php(266): Illuminate/Cache/Repository->get('illuminate:queu...', false)
#10 E:/12 RPL/yearbook-class/vendor/laravel/framework/src/Illuminate/Queue/Worker.php(421): Illuminate/Queue/QueueManager->isPaused('database', 'default')
#11 E:/12 RPL/yearbook-class/vendor/laravel/framework/src/Illuminate/Queue/Worker.php(389): Illuminate/Queue/Worker->queuePaused('database', 'default')
#12 E:/12 RPL/yearbook-class/vendor/laravel/framework/src/Illuminate/Queue/Worker.php(350): Illuminate/Queue/Worker->getNextJob(Object(Illuminate/Queue/DatabaseQueue), 'default')
#13 E:/12 RPL/yearbook-class/vendor/laravel/framework/src/Illuminate/Queue/Console/WorkCommand.php(148): Illuminate/Queue/Worker->runNextJob('database', 'default', Object(Illuminate/Queue/WorkerOptions))
#14 E:/12 RPL/yearbook-class/vendor/laravel/framework/src/Illuminate/Queue/Console/WorkCommand.php(131): Illuminate/Queue/Console/WorkCommand->runWorker('database', 'default')
#15 E:/12 RPL/yearbook-class/vendor/laravel/framework/src/Illuminate/Container/BoundMethod.php(36): Illuminate/Queue/Console/WorkCommand->handle()
#16 E:/12 RPL/yearbook-class/vendor/laravel/framework/src/Illuminate/Container/Util.php(43): Illuminate/Container/BoundMethod::Illuminate/Container/{closure}()
#17 E:/12 RPL/yearbook-class/vendor/laravel/framework/src/Illuminate/Container/BoundMethod.php(96): Illuminate/Container/Util::unwrapIfClosure(Object(Closure))
#18 E:/12 RPL/yearbook-class/vendor/laravel/framework/src/Illuminate/Container/BoundMethod.php(35): Illuminate/Container/BoundMethod::callBoundMethod(Object(Illuminate/Foundation/Application), Array, Object(Closure))
#19 E:/12 RPL/yearbook-class/vendor/laravel/framework/src/Illuminate/Container/Container.php(799): Illuminate/Container/BoundMethod::call(Object(Illuminate/Foundation/Application), Array, Array, NULL)
#20 E:/12 RPL/yearbook-class/vendor/laravel/framework/src/Illuminate/Console/Command.php(211): Illuminate/Container/Container->call(Array)
#21 E:/12 RPL/yearbook-class/vendor/symfony/console/Command/Command.php(341): Illuminate/Console/Command->execute(Object(Symfony/Component/Console/Input/ArgvInput), Object(Illuminate/Console/OutputStyle))
#22 E:/12 RPL/yearbook-class/vendor/laravel/framework/src/Illuminate/Console/Command.php(180): Symfony/Component/Console/Command/Command->run(Object(Symfony/Component/Console/Input/ArgvInput), Object(Illuminate/Console/OutputStyle))
#23 E:/12 RPL/yearbook-class/vendor/symfony/console/Application.php(1102): Illuminate/Console/Command->run(Object(Symfony/Component/Console/Input/ArgvInput), Object(Symfony/Component/Console/Output/ConsoleOutput))
#24 E:/12 RPL/yearbook-class/vendor/symfony/console/Application.php(356): Symfony/Component/Console/Application->doRunCommand(Object(Illuminate/Queue/Console/WorkCommand), Object(Symfony/Component/Console/Input/ArgvInput), Object(Symfony/Component/Console/Output/ConsoleOutput))
#25 E:/12 RPL/yearbook-class/vendor/symfony/console/Application.php(195): Symfony/Component/Console/Application->doRun(Object(Symfony/Component/Console/Input/ArgvInput), Object(Symfony/Component/Console/Output/ConsoleOutput))
#26 E:/12 RPL/yearbook-class/vendor/laravel/framework/src/Illuminate/Foundation/Console/Kernel.php(198): Symfony/Component/Console/Application->run(Object(Symfony/Component/Console/Input/ArgvInput), Object(Symfony/Component/Console/Output/ConsoleOutput))
#27 E:/12 RPL/yearbook-class/vendor/laravel/framework/src/Illuminate/Foundation/Application.php(1235): Illuminate/Foundation/Console/Kernel->handle(Object(Symfony/Component/Console/Input/ArgvInput), Object(Symfony/Component/Console/Output/ConsoleOutput))
#28 E:/12 RPL/yearbook-class/artisan(16): Illuminate/Foundation/Application->handleCommand(Object(Symfony/Component/Console/Input/ArgvInput))
#29 {main}

[previous exception] [object] (PDOException(code: 1049): SQLSTATE[HY000] [1049] Unknown database 'yearbook-site' at E:/12 RPL/yearbook-class/vendor/laravel/framework/src/Illuminate/Database/Connectors/Connector.php:66)
[stacktrace]
#0 E:/12 RPL/yearbook-class/vendor/laravel/framework/src/Illuminate/Database/Connectors/Connector.php(66): PDO->__construct('mysql:host=127....', 'root', Object(SensitiveParameterValue), Array)
#1 E:/12 RPL/yearbook-class/vendor/laravel/framework/src/Illuminate/Database/Connectors/Connector.php(44): Illuminate/Database/Connectors/Connector->createPdoConnection('mysql:host=127....', 'root', Object(SensitiveParameterValue), Array)
#2 E:/12 RPL/yearbook-class/vendor/laravel/framework/src/Illuminate/Database/Connectors/MySqlConnector.php(24): Illuminate/Database/Connectors/Connector->createConnection('mysql:host=127....', Array, Array)
#3 E:/12 RPL/yearbook-class/vendor/laravel/framework/src/Illuminate/Database/Connectors/ConnectionFactory.php(186): Illuminate/Database/Connectors/MySqlConnector->connect(Array)
#4 [internal function]: Illuminate/Database/Connectors/ConnectionFactory->Illuminate/Database/Connectors/{closure}()
#5 E:/12 RPL/yearbook-class/vendor/laravel/framework/src/Illuminate/Database/Connection.php(1257): call_user_func(Object(Closure))
#6 E:/12 RPL/yearbook-class/vendor/laravel/framework/src/Illuminate/Database/Connection.php(1295): Illuminate/Database/Connection->getPdo()
#7 E:/12 RPL/yearbook-class/vendor/laravel/framework/src/Illuminate/Database/Connection.php(525): Illuminate/Database/Connection->getReadPdo()
#8 E:/12 RPL/yearbook-class/vendor/laravel/framework/src/Illuminate/Database/Connection.php(420): Illuminate/Database/Connection->getPdoForSelect(true)
#9 E:/12 RPL/yearbook-class/vendor/laravel/framework/src/Illuminate/Database/Connection.php(827): Illuminate/Database/Connection->Illuminate/Database/{closure}('select * from `...', Array)
#10 E:/12 RPL/yearbook-class/vendor/laravel/framework/src/Illuminate/Database/Connection.php(794): Illuminate/Database/Connection->runQueryCallback('select * from `...', Array, Object(Closure))
#11 E:/12 RPL/yearbook-class/vendor/laravel/framework/src/Illuminate/Database/Connection.php(411): Illuminate/Database/Connection->run('select * from `...', Array, Object(Closure))
#12 E:/12 RPL/yearbook-class/vendor/laravel/framework/src/Illuminate/Database/Query/Builder.php(3389): Illuminate/Database/Connection->select('select * from `...', Array, true)
#13 E:/12 RPL/yearbook-class/vendor/laravel/framework/src/Illuminate/Database/Query/Builder.php(3374): Illuminate/Database/Query/Builder->runSelect()
#14 E:/12 RPL/yearbook-class/vendor/laravel/framework/src/Illuminate/Database/Query/Builder.php(3964): Illuminate/Database/Query/Builder->Illuminate/Database/Query/{closure}()
#15 E:/12 RPL/yearbook-class/vendor/laravel/framework/src/Illuminate/Database/Query/Builder.php(3373): Illuminate/Database/Query/Builder->onceWithColumns(Array, Object(Closure))
#16 E:/12 RPL/yearbook-class/vendor/laravel/framework/src/Illuminate/Cache/DatabaseStore.php(130): Illuminate/Database/Query/Builder->get()
#17 E:/12 RPL/yearbook-class/vendor/laravel/framework/src/Illuminate/Cache/DatabaseStore.php(105): Illuminate/Cache/DatabaseStore->many(Array)
#18 E:/12 RPL/yearbook-class/vendor/laravel/framework/src/Illuminate/Cache/Repository.php(122): Illuminate/Cache/DatabaseStore->get('illuminate:queu...')
#19 E:/12 RPL/yearbook-class/vendor/laravel/framework/src/Illuminate/Queue/QueueManager.php(266): Illuminate/Cache/Repository->get('illuminate:queu...', false)
#20 E:/12 RPL/yearbook-class/vendor/laravel/framework/src/Illuminate/Queue/Worker.php(421): Illuminate/Queue/QueueManager->isPaused('database', 'default')
#21 E:/12 RPL/yearbook-class/vendor/laravel/framework/src/Illuminate/Queue/Worker.php(389): Illuminate/Queue/Worker->queuePaused('database', 'default')
#22 E:/12 RPL/yearbook-class/vendor/laravel/framework/src/Illuminate/Queue/Worker.php(350): Illuminate/Queue/Worker->getNextJob(Object(Illuminate/Queue/DatabaseQueue), 'default')
#23 E:/12 RPL/yearbook-class/vendor/laravel/framework/src/Illuminate/Queue/Console/WorkCommand.php(148): Illuminate/Queue/Worker->runNextJob('database', 'default', Object(Illuminate/Queue/WorkerOptions))
#24 E:/12 RPL/yearbook-class/vendor/laravel/framework/src/Illuminate/Queue/Console/WorkCommand.php(131): Illuminate/Queue/Console/WorkCommand->runWorker('database', 'default')
#25 E:/12 RPL/yearbook-class/vendor/laravel/framework/src/Illuminate/Container/BoundMethod.php(36): Illuminate/Queue/Console/WorkCommand->handle()
#26 E:/12 RPL/yearbook-class/vendor/laravel/framework/src/Illuminate/Container/Util.php(43): Illuminate/Container/BoundMethod::Illuminate/Container/{closure}()
#27 E:/12 RPL/yearbook-class/vendor/laravel/framework/src/Illuminate/Container/BoundMethod.php(96): Illuminate/Container/Util::unwrapIfClosure(Object(Closure))
#28 E:/12 RPL/yearbook-class/vendor/laravel/framework/src/Illuminate/Container/BoundMethod.php(35): Illuminate/Container/BoundMethod::callBoundMethod(Object(Illuminate/Foundation/Application), Array, Object(Closure))
#29 E:/12 RPL/yearbook-class/vendor/laravel/framework/src/Illuminate/Container/Container.php(799): Illuminate/Container/BoundMethod::call(Object(Illuminate/Foundation/Application), Array, Array, NULL)
#30 E:/12 RPL/yearbook-class/vendor/laravel/framework/src/Illuminate/Console/Command.php(211): Illuminate/Container/Container->call(Array)
#31 E:/12 RPL/yearbook-class/vendor/symfony/console/Command/Command.php(341): Illuminate/Console/Command->execute(Object(Symfony/Component/Console/Input/ArgvInput), Object(Illuminate/Console/OutputStyle))
#32 E:/12 RPL/yearbook-class/vendor/laravel/framework/src/Illuminate/Console/Command.php(180): Symfony/Component/Console/Command/Command->run(Object(Symfony/Component/Console/Input/ArgvInput), Object(Illuminate/Console/OutputStyle))
#33 E:/12 RPL/yearbook-class/vendor/symfony/console/Application.php(1102): Illuminate/Console/Command->run(Object(Symfony/Component/Console/Input/ArgvInput), Object(Symfony/Component/Console/Output/ConsoleOutput))
#34 E:/12 RPL/yearbook-class/vendor/symfony/console/Application.php(356): Symfony/Component/Console/Application->doRunCommand(Object(Illuminate/Queue/Console/WorkCommand), Object(Symfony/Component/Console/Input/ArgvInput), Object(Symfony/Component/Console/Output/ConsoleOutput))
#35 E:/12 RPL/yearbook-class/vendor/symfony/console/Application.php(195): Symfony/Component/Console/Application->doRun(Object(Symfony/Component/Console/Input/ArgvInput), Object(Symfony/Component/Console/Output/ConsoleOutput))
#36 E:/12 RPL/yearbook-class/vendor/laravel/framework/src/Illuminate/Foundation/Console/Kernel.php(198): Symfony/Component/Console/Application->run(Object(Symfony/Component/Console/Input/ArgvInput), Object(Symfony/Component/Console/Output/ConsoleOutput))
#37 E:/12 RPL/yearbook-class/vendor/laravel/framework/src/Illuminate/Foundation/Application.php(1235): Illuminate/Foundation/Console/Kernel->handle(Object(Symfony/Component/Console/Input/ArgvInput), Object(Symfony/Component/Console/Output/ConsoleOutput))
#38 E:/12 RPL/yearbook-class/artisan(16): Illuminate/Foundation/Application->handleCommand(Object(Symfony/Component/Console/Input/ArgvInput))
#39 {main}
"} 
[2026-01-29 12:17:30] local.ERROR: SQLSTATE[HY000] [1049] Unknown database 'yearbook-site' (Connection: mysql, Host: 127.0.0.1, Port: 3306, Database: yearbook-site, SQL: select * from `cache` where `key` in (laravel_cache_illuminate:queue:paused:database:default)) {"exception":"[object] (Illuminate\\Database\\QueryException(code: 1049): SQLSTATE[HY000] [1049] Unknown database 'yearbook-site' (Connection: mysql, Host: 127.0.0.1, Port: 3306, Database: yearbook-site, SQL: select * from `cache` where `key` in (laravel_cache_illuminate:queue:paused:database:default)) at E:/12 RPL/yearbook-class/vendor/laravel/framework/src/Illuminate/Database/Connection.php:838)
[stacktrace]
#0 E:/12 RPL/yearbook-class/vendor/laravel/framework/src/Illuminate/Database/Connection.php(794): Illuminate/Database/Connection->runQueryCallback('select * from `...', Array, Object(Closure))
#1 E:/12 RPL/yearbook-class/vendor/laravel/framework/src/Illuminate/Database/Connection.php(411): Illuminate/Database/Connection->run('select * from `...', Array, Object(Closure))
#2 E:/12 RPL/yearbook-class/vendor/laravel/framework/src/Illuminate/Database/Query/Builder.php(3389): Illuminate/Database/Connection->select('select * from `...', Array, true)
#3 E:/12 RPL/yearbook-class/vendor/laravel/framework/src/Illuminate/Database/Query/Builder.php(3374): Illuminate/Database/Query/Builder->runSelect()
#4 E:/12 RPL/yearbook-class/vendor/laravel/framework/src/Illuminate/Database/Query/Builder.php(3964): Illuminate/Database/Query/Builder->Illuminate/Database/Query/{closure}()
#5 E:/12 RPL/yearbook-class/vendor/laravel/framework/src/Illuminate/Database/Query/Builder.php(3373): Illuminate/Database/Query/Builder->onceWithColumns(Array, Object(Closure))
#6 E:/12 RPL/yearbook-class/vendor/laravel/framework/src/Illuminate/Cache/DatabaseStore.php(130): Illuminate/Database/Query/Builder->get()
#7 E:/12 RPL/yearbook-class/vendor/laravel/framework/src/Illuminate/Cache/DatabaseStore.php(105): Illuminate/Cache/DatabaseStore->many(Array)
#8 E:/12 RPL/yearbook-class/vendor/laravel/framework/src/Illuminate/Cache/Repository.php(122): Illuminate/Cache/DatabaseStore->get('illuminate:queu...')
#9 E:/12 RPL/yearbook-class/vendor/laravel/framework/src/Illuminate/Queue/QueueManager.php(266): Illuminate/Cache/Repository->get('illuminate:queu...', false)
#10 E:/12 RPL/yearbook-class/vendor/laravel/framework/src/Illuminate/Queue/Worker.php(421): Illuminate/Queue/QueueManager->isPaused('database', 'default')
#11 E:/12 RPL/yearbook-class/vendor/laravel/framework/src/Illuminate/Queue/Worker.php(389): Illuminate/Queue/Worker->queuePaused('database', 'default')
#12 E:/12 RPL/yearbook-class/vendor/laravel/framework/src/Illuminate/Queue/Worker.php(350): Illuminate/Queue/Worker->getNextJob(Object(Illuminate/Queue/DatabaseQueue), 'default')
#13 E:/12 RPL/yearbook-class/vendor/laravel/framework/src/Illuminate/Queue/Console/WorkCommand.php(148): Illuminate/Queue/Worker->runNextJob('database', 'default', Object(Illuminate/Queue/WorkerOptions))
#14 E:/12 RPL/yearbook-class/vendor/laravel/framework/src/Illuminate/Queue/Console/WorkCommand.php(131): Illuminate/Queue/Console/WorkCommand->runWorker('database', 'default')
#15 E:/12 RPL/yearbook-class/vendor/laravel/framework/src/Illuminate/Container/BoundMethod.php(36): Illuminate/Queue/Console/WorkCommand->handle()
#16 E:/12 RPL/yearbook-class/vendor/laravel/framework/src/Illuminate/Container/Util.php(43): Illuminate/Container/BoundMethod::Illuminate/Container/{closure}()
#17 E:/12 RPL/yearbook-class/vendor/laravel/framework/src/Illuminate/Container/BoundMethod.php(96): Illuminate/Container/Util::unwrapIfClosure(Object(Closure))
#18 E:/12 RPL/yearbook-class/vendor/laravel/framework/src/Illuminate/Container/BoundMethod.php(35): Illuminate/Container/BoundMethod::callBoundMethod(Object(Illuminate/Foundation/Application), Array, Object(Closure))
#19 E:/12 RPL/yearbook-class/vendor/laravel/framework/src/Illuminate/Container/Container.php(799): Illuminate/Container/BoundMethod::call(Object(Illuminate/Foundation/Application), Array, Array, NULL)
#20 E:/12 RPL/yearbook-class/vendor/laravel/framework/src/Illuminate/Console/Command.php(211): Illuminate/Container/Container->call(Array)
#21 E:/12 RPL/yearbook-class/vendor/symfony/console/Command/Command.php(341): Illuminate/Console/Command->execute(Object(Symfony/Component/Console/Input/ArgvInput), Object(Illuminate/Console/OutputStyle))
#22 E:/12 RPL/yearbook-class/vendor/laravel/framework/src/Illuminate/Console/Command.php(180): Symfony/Component/Console/Command/Command->run(Object(Symfony/Component/Console/Input/ArgvInput), Object(Illuminate/Console/OutputStyle))
#23 E:/12 RPL/yearbook-class/vendor/symfony/console/Application.php(1102): Illuminate/Console/Command->run(Object(Symfony/Component/Console/Input/ArgvInput), Object(Symfony/Component/Console/Output/ConsoleOutput))
#24 E:/12 RPL/yearbook-class/vendor/symfony/console/Application.php(356): Symfony/Component/Console/Application->doRunCommand(Object(Illuminate/Queue/Console/WorkCommand), Object(Symfony/Component/Console/Input/ArgvInput), Object(Symfony/Component/Console/Output/ConsoleOutput))
#25 E:/12 RPL/yearbook-class/vendor/symfony/console/Application.php(195): Symfony/Component/Console/Application->doRun(Object(Symfony/Component/Console/Input/ArgvInput), Object(Symfony/Component/Console/Output/ConsoleOutput))
#26 E:/12 RPL/yearbook-class/vendor/laravel/framework/src/Illuminate/Foundation/Console/Kernel.php(198): Symfony/Component/Console/Application->run(Object(Symfony/Component/Console/Input/ArgvInput), Object(Symfony/Component/Console/Output/ConsoleOutput))
#27 E:/12 RPL/yearbook-class/vendor/laravel/framework/src/Illuminate/Foundation/Application.php(1235): Illuminate/Foundation/Console/Kernel->handle(Object(Symfony/Component/Console/Input/ArgvInput), Object(Symfony/Component/Console/Output/ConsoleOutput))
#28 E:/12 RPL/yearbook-class/artisan(16): Illuminate/Foundation/Application->handleCommand(Object(Symfony/Component/Console/Input/ArgvInput))
#29 {main}

[previous exception] [object] (PDOException(code: 1049): SQLSTATE[HY000] [1049] Unknown database 'yearbook-site' at E:/12 RPL/yearbook-class/vendor/laravel/framework/src/Illuminate/Database/Connectors/Connector.php:66)
[stacktrace]
#0 E:/12 RPL/yearbook-class/vendor/laravel/framework/src/Illuminate/Database/Connectors/Connector.php(66): PDO->__construct('mysql:host=127....', 'root', Object(SensitiveParameterValue), Array)
#1 E:/12 RPL/yearbook-class/vendor/laravel/framework/src/Illuminate/Database/Connectors/Connector.php(44): Illuminate/Database/Connectors/Connector->createPdoConnection('mysql:host=127....', 'root', Object(SensitiveParameterValue), Array)
#2 E:/12 RPL/yearbook-class/vendor/laravel/framework/src/Illuminate/Database/Connectors/MySqlConnector.php(24): Illuminate/Database/Connectors/Connector->createConnection('mysql:host=127....', Array, Array)
#3 E:/12 RPL/yearbook-class/vendor/laravel/framework/src/Illuminate/Database/Connectors/ConnectionFactory.php(186): Illuminate/Database/Connectors/MySqlConnector->connect(Array)
#4 [internal function]: Illuminate/Database/Connectors/ConnectionFactory->Illuminate/Database/Connectors/{closure}()
#5 E:/12 RPL/yearbook-class/vendor/laravel/framework/src/Illuminate/Database/Connection.php(1257): call_user_func(Object(Closure))
#6 E:/12 RPL/yearbook-class/vendor/laravel/framework/src/Illuminate/Database/Connection.php(1295): Illuminate/Database/Connection->getPdo()
#7 E:/12 RPL/yearbook-class/vendor/laravel/framework/src/Illuminate/Database/Connection.php(525): Illuminate/Database/Connection->getReadPdo()
#8 E:/12 RPL/yearbook-class/vendor/laravel/framework/src/Illuminate/Database/Connection.php(420): Illuminate/Database/Connection->getPdoForSelect(true)
#9 E:/12 RPL/yearbook-class/vendor/laravel/framework/src/Illuminate/Database/Connection.php(827): Illuminate/Database/Connection->Illuminate/Database/{closure}('select * from `...', Array)
#10 E:/12 RPL/yearbook-class/vendor/laravel/framework/src/Illuminate/Database/Connection.php(794): Illuminate/Database/Connection->runQueryCallback('select * from `...', Array, Object(Closure))
#11 E:/12 RPL/yearbook-class/vendor/laravel/framework/src/Illuminate/Database/Connection.php(411): Illuminate/Database/Connection->run('select * from `...', Array, Object(Closure))
#12 E:/12 RPL/yearbook-class/vendor/laravel/framework/src/Illuminate/Database/Query/Builder.php(3389): Illuminate/Database/Connection->select('select * from `...', Array, true)
#13 E:/12 RPL/yearbook-class/vendor/laravel/framework/src/Illuminate/Database/Query/Builder.php(3374): Illuminate/Database/Query/Builder->runSelect()
#14 E:/12 RPL/yearbook-class/vendor/laravel/framework/src/Illuminate/Database/Query/Builder.php(3964): Illuminate/Database/Query/Builder->Illuminate/Database/Query/{closure}()
#15 E:/12 RPL/yearbook-class/vendor/laravel/framework/src/Illuminate/Database/Query/Builder.php(3373): Illuminate/Database/Query/Builder->onceWithColumns(Array, Object(Closure))
#16 E:/12 RPL/yearbook-class/vendor/laravel/framework/src/Illuminate/Cache/DatabaseStore.php(130): Illuminate/Database/Query/Builder->get()
#17 E:/12 RPL/yearbook-class/vendor/laravel/framework/src/Illuminate/Cache/DatabaseStore.php(105): Illuminate/Cache/DatabaseStore->many(Array)
#18 E:/12 RPL/yearbook-class/vendor/laravel/framework/src/Illuminate/Cache/Repository.php(122): Illuminate/Cache/DatabaseStore->get('illuminate:queu...')
#19 E:/12 RPL/yearbook-class/vendor/laravel/framework/src/Illuminate/Queue/QueueManager.php(266): Illuminate/Cache/Repository->get('illuminate:queu...', false)
#20 E:/12 RPL/yearbook-class/vendor/laravel/framework/src/Illuminate/Queue/Worker.php(421): Illuminate/Queue/QueueManager->isPaused('database', 'default')
#21 E:/12 RPL/yearbook-class/vendor/laravel/framework/src/Illuminate/Queue/Worker.php(389): Illuminate/Queue/Worker->queuePaused('database', 'default')
#22 E:/12 RPL/yearbook-class/vendor/laravel/framework/src/Illuminate/Queue/Worker.php(350): Illuminate/Queue/Worker->getNextJob(Object(Illuminate/Queue/DatabaseQueue), 'default')
#23 E:/12 RPL/yearbook-class/vendor/laravel/framework/src/Illuminate/Queue/Console/WorkCommand.php(148): Illuminate/Queue/Worker->runNextJob('database', 'default', Object(Illuminate/Queue/WorkerOptions))
#24 E:/12 RPL/yearbook-class/vendor/laravel/framework/src/Illuminate/Queue/Console/WorkCommand.php(131): Illuminate/Queue/Console/WorkCommand->runWorker('database', 'default')
#25 E:/12 RPL/yearbook-class/vendor/laravel/framework/src/Illuminate/Container/BoundMethod.php(36): Illuminate/Queue/Console/WorkCommand->handle()
#26 E:/12 RPL/yearbook-class/vendor/laravel/framework/src/Illuminate/Container/Util.php(43): Illuminate/Container/BoundMethod::Illuminate/Container/{closure}()
#27 E:/12 RPL/yearbook-class/vendor/laravel/framework/src/Illuminate/Container/BoundMethod.php(96): Illuminate/Container/Util::unwrapIfClosure(Object(Closure))
#28 E:/12 RPL/yearbook-class/vendor/laravel/framework/src/Illuminate/Container/BoundMethod.php(35): Illuminate/Container/BoundMethod::callBoundMethod(Object(Illuminate/Foundation/Application), Array, Object(Closure))
#29 E:/12 RPL/yearbook-class/vendor/laravel/framework/src/Illuminate/Container/Container.php(799): Illuminate/Container/BoundMethod::call(Object(Illuminate/Foundation/Application), Array, Array, NULL)
#30 E:/12 RPL/yearbook-class/vendor/laravel/framework/src/Illuminate/Console/Command.php(211): Illuminate/Container/Container->call(Array)
#31 E:/12 RPL/yearbook-class/vendor/symfony/console/Command/Command.php(341): Illuminate/Console/Command->execute(Object(Symfony/Component/Console/Input/ArgvInput), Object(Illuminate/Console/OutputStyle))
#32 E:/12 RPL/yearbook-class/vendor/laravel/framework/src/Illuminate/Console/Command.php(180): Symfony/Component/Console/Command/Command->run(Object(Symfony/Component/Console/Input/ArgvInput), Object(Illuminate/Console/OutputStyle))
#33 E:/12 RPL/yearbook-class/vendor/symfony/console/Application.php(1102): Illuminate/Console/Command->run(Object(Symfony/Component/Console/Input/ArgvInput), Object(Symfony/Component/Console/Output/ConsoleOutput))
#34 E:/12 RPL/yearbook-class/vendor/symfony/console/Application.php(356): Symfony/Component/Console/Application->doRunCommand(Object(Illuminate/Queue/Console/WorkCommand), Object(Symfony/Component/Console/Input/ArgvInput), Object(Symfony/Component/Console/Output/ConsoleOutput))
#35 E:/12 RPL/yearbook-class/vendor/symfony/console/Application.php(195): Symfony/Component/Console/Application->doRun(Object(Symfony/Component/Console/Input/ArgvInput), Object(Symfony/Component/Console/Output/ConsoleOutput))
#36 E:/12 RPL/yearbook-class/vendor/laravel/framework/src/Illuminate/Foundation/Console/Kernel.php(198): Symfony/Component/Console/Application->run(Object(Symfony/Component/Console/Input/ArgvInput), Object(Symfony/Component/Console/Output/ConsoleOutput))
#37 E:/12 RPL/yearbook-class/vendor/laravel/framework/src/Illuminate/Foundation/Application.php(1235): Illuminate/Foundation/Console/Kernel->handle(Object(Symfony/Component/Console/Input/ArgvInput), Object(Symfony/Component/Console/Output/ConsoleOutput))
#38 E:/12 RPL/yearbook-class/artisan(16): Illuminate/Foundation/Application->handleCommand(Object(Symfony/Component/Console/Input/ArgvInput))
#39 {main}
"} 
[2026-01-29 12:17:30] local.ERROR: SQLSTATE[HY000] [1049] Unknown database 'yearbook-site' (Connection: mysql, Host: 127.0.0.1, Port: 3306, Database: yearbook-site, SQL: select * from `sessions` where `id` = RNEhJs2CQDJI6fFagmnlYRyLDTAzwzGCuDedRR6P limit 1) {"exception":"[object] (Illuminate\\Database\\QueryException(code: 1049): SQLSTATE[HY000] [1049] Unknown database 'yearbook-site' (Connection: mysql, Host: 127.0.0.1, Port: 3306, Database: yearbook-site, SQL: select * from `sessions` where `id` = RNEhJs2CQDJI6fFagmnlYRyLDTAzwzGCuDedRR6P limit 1) at E:/12 RPL/yearbook-class/vendor/laravel/framework/src/Illuminate/Database/Connection.php:838)
[stacktrace]
#0 E:/12 RPL/yearbook-class/vendor/laravel/framework/src/Illuminate/Database/Connection.php(794): Illuminate/Database/Connection->runQueryCallback('select * from `...', Array, Object(Closure))
#1 E:/12 RPL/yearbook-class/vendor/laravel/framework/src/Illuminate/Database/Connection.php(411): Illuminate/Database/Connection->run('select * from `...', Array, Object(Closure))
#2 E:/12 RPL/yearbook-class/vendor/laravel/framework/src/Illuminate/Database/Query/Builder.php(3389): Illuminate/Database/Connection->select('select * from `...', Array, false)
#3 E:/12 RPL/yearbook-class/vendor/laravel/framework/src/Illuminate/Database/Query/Builder.php(3374): Illuminate/Database/Query/Builder->runSelect()
#4 E:/12 RPL/yearbook-class/vendor/laravel/framework/src/Illuminate/Database/Query/Builder.php(3964): Illuminate/Database/Query/Builder->Illuminate/Database/Query/{closure}()
#5 E:/12 RPL/yearbook-class/vendor/laravel/framework/src/Illuminate/Database/Query/Builder.php(3373): Illuminate/Database/Query/Builder->onceWithColumns(Array, Object(Closure))
#6 E:/12 RPL/yearbook-class/vendor/laravel/framework/src/Illuminate/Database/Concerns/BuildsQueries.php(366): Illuminate/Database/Query/Builder->get(Array)
#7 E:/12 RPL/yearbook-class/vendor/laravel/framework/src/Illuminate/Database/Query/Builder.php(3296): Illuminate/Database/Query/Builder->first(Array)
#8 E:/12 RPL/yearbook-class/vendor/laravel/framework/src/Illuminate/Session/DatabaseSessionHandler.php(96): Illuminate/Database/Query/Builder->find('RNEhJs2CQDJI6fF...')
#9 E:/12 RPL/yearbook-class/vendor/laravel/framework/src/Illuminate/Session/Store.php(128): Illuminate/Session/DatabaseSessionHandler->read('RNEhJs2CQDJI6fF...')
#10 E:/12 RPL/yearbook-class/vendor/laravel/framework/src/Illuminate/Session/Store.php(116): Illuminate/Session/Store->readFromHandler()
#11 E:/12 RPL/yearbook-class/vendor/laravel/framework/src/Illuminate/Session/Store.php(100): Illuminate/Session/Store->loadSession()
#12 E:/12 RPL/yearbook-class/vendor/laravel/framework/src/Illuminate/Session/Middleware/StartSession.php(146): Illuminate/Session/Store->start()
#13 E:/12 RPL/yearbook-class/vendor/laravel/framework/src/Illuminate/Support/helpers.php(390): Illuminate/Session/Middleware/StartSession->Illuminate/Session/Middleware/{closure}(Object(Illuminate/Session/Store))
#14 E:/12 RPL/yearbook-class/vendor/laravel/framework/src/Illuminate/Session/Middleware/StartSession.php(143): tap(Object(Illuminate/Session/Store), Object(Closure))
#15 E:/12 RPL/yearbook-class/vendor/laravel/framework/src/Illuminate/Session/Middleware/StartSession.php(115): Illuminate/Session/Middleware/StartSession->startSession(Object(Illuminate/Http/Request), Object(Illuminate/Session/Store))
#16 E:/12 RPL/yearbook-class/vendor/laravel/framework/src/Illuminate/Session/Middleware/StartSession.php(63): Illuminate/Session/Middleware/StartSession->handleStatefulRequest(Object(Illuminate/Http/Request), Object(Illuminate/Session/Store), Object(Closure))
#17 E:/12 RPL/yearbook-class/vendor/laravel/framework/src/Illuminate/Pipeline/Pipeline.php(219): Illuminate/Session/Middleware/StartSession->handle(Object(Illuminate/Http/Request), Object(Closure))
#18 E:/12 RPL/yearbook-class/vendor/laravel/framework/src/Illuminate/Cookie/Middleware/AddQueuedCookiesToResponse.php(36): Illuminate/Pipeline/Pipeline->Illuminate/Pipeline/{closure}(Object(Illuminate/Http/Request))
#19 E:/12 RPL/yearbook-class/vendor/laravel/framework/src/Illuminate/Pipeline/Pipeline.php(219): Illuminate/Cookie/Middleware/AddQueuedCookiesToResponse->handle(Object(Illuminate/Http/Request), Object(Closure))
#20 E:/12 RPL/yearbook-class/vendor/laravel/framework/src/Illuminate/Cookie/Middleware/EncryptCookies.php(74): Illuminate/Pipeline/Pipeline->Illuminate/Pipeline/{closure}(Object(Illuminate/Http/Request))
#21 E:/12 RPL/yearbook-class/vendor/laravel/framework/src/Illuminate/Pipeline/Pipeline.php(219): Illuminate/Cookie/Middleware/EncryptCookies->handle(Object(Illuminate/Http/Request), Object(Closure))
#22 E:/12 RPL/yearbook-class/vendor/laravel/framework/src/Illuminate/Pipeline/Pipeline.php(137): Illuminate/Pipeline/Pipeline->Illuminate/Pipeline/{closure}(Object(Illuminate/Http/Request))
#23 E:/12 RPL/yearbook-class/vendor/laravel/framework/src/Illuminate/Routing/Router.php(821): Illuminate/Pipeline/Pipeline->then(Object(Closure))
#24 E:/12 RPL/yearbook-class/vendor/laravel/framework/src/Illuminate/Routing/Router.php(800): Illuminate/Routing/Router->runRouteWithinStack(Object(Illuminate/Routing/Route), Object(Illuminate/Http/Request))
#25 E:/12 RPL/yearbook-class/vendor/laravel/framework/src/Illuminate/Routing/Router.php(764): Illuminate/Routing/Router->runRoute(Object(Illuminate/Http/Request), Object(Illuminate/Routing/Route))
#26 E:/12 RPL/yearbook-class/vendor/laravel/framework/src/Illuminate/Routing/Router.php(753): Illuminate/Routing/Router->dispatchToRoute(Object(Illuminate/Http/Request))
#27 E:/12 RPL/yearbook-class/vendor/laravel/framework/src/Illuminate/Foundation/Http/Kernel.php(200): Illuminate/Routing/Router->dispatch(Object(Illuminate/Http/Request))
#28 E:/12 RPL/yearbook-class/vendor/laravel/framework/src/Illuminate/Pipeline/Pipeline.php(180): Illuminate/Foundation/Http/Kernel->Illuminate/Foundation/Http/{closure}(Object(Illuminate/Http/Request))
#29 E:/12 RPL/yearbook-class/vendor/laravel/framework/src/Illuminate/Foundation/Http/Middleware/TransformsRequest.php(21): Illuminate/Pipeline/Pipeline->Illuminate/Pipeline/{closure}(Object(Illuminate/Http/Request))
#30 E:/12 RPL/yearbook-class/vendor/laravel/framework/src/Illuminate/Foundation/Http/Middleware/ConvertEmptyStringsToNull.php(31): Illuminate/Foundation/Http/Middleware/TransformsRequest->handle(Object(Illuminate/Http/Request), Object(Closure))
#31 E:/12 RPL/yearbook-class/vendor/laravel/framework/src/Illuminate/Pipeline/Pipeline.php(219): Illuminate/Foundation/Http/Middleware/ConvertEmptyStringsToNull->handle(Object(Illuminate/Http/Request), Object(Closure))
#32 E:/12 RPL/yearbook-class/vendor/laravel/framework/src/Illuminate/Foundation/Http/Middleware/TransformsRequest.php(21): Illuminate/Pipeline/Pipeline->Illuminate/Pipeline/{closure}(Object(Illuminate/Http/Request))
#33 E:/12 RPL/yearbook-class/vendor/laravel/framework/src/Illuminate/Foundation/Http/Middleware/TrimStrings.php(51): Illuminate/Foundation/Http/Middleware/TransformsRequest->handle(Object(Illuminate/Http/Request), Object(Closure))
#34 E:/12 RPL/yearbook-class/vendor/laravel/framework/src/Illuminate/Pipeline/Pipeline.php(219): Illuminate/Foundation/Http/Middleware/TrimStrings->handle(Object(Illuminate/Http/Request), Object(Closure))
#35 E:/12 RPL/yearbook-class/vendor/laravel/framework/src/Illuminate/Http/Middleware/ValidatePostSize.php(27): Illuminate/Pipeline/Pipeline->Illuminate/Pipeline/{closure}(Object(Illuminate/Http/Request))
#36 E:/12 RPL/yearbook-class/vendor/laravel/framework/src/Illuminate/Pipeline/Pipeline.php(219): Illuminate/Http/Middleware/ValidatePostSize->handle(Object(Illuminate/Http/Request), Object(Closure))
#37 E:/12 RPL/yearbook-class/vendor/laravel/framework/src/Illuminate/Foundation/Http/Middleware/PreventRequestsDuringMaintenance.php(109): Illuminate/Pipeline/Pipeline->Illuminate/Pipeline/{closure}(Object(Illuminate/Http/Request))
#38 E:/12 RPL/yearbook-class/vendor/laravel/framework/src/Illuminate/Pipeline/Pipeline.php(219): Illuminate/Foundation/Http/Middleware/PreventRequestsDuringMaintenance->handle(Object(Illuminate/Http/Request), Object(Closure))
#39 E:/12 RPL/yearbook-class/vendor/laravel/framework/src/Illuminate/Http/Middleware/HandleCors.php(61): Illuminate/Pipeline/Pipeline->Illuminate/Pipeline/{closure}(Object(Illuminate/Http/Request))
#40 E:/12 RPL/yearbook-class/vendor/laravel/framework/src/Illuminate/Pipeline/Pipeline.php(219): Illuminate/Http/Middleware/HandleCors->handle(Object(Illuminate/Http/Request), Object(Closure))
#41 E:/12 RPL/yearbook-class/vendor/laravel/framework/src/Illuminate/Http/Middleware/TrustProxies.php(58): Illuminate/Pipeline/Pipeline->Illuminate/Pipeline/{closure}(Object(Illuminate/Http/Request))
#42 E:/12 RPL/yearbook-class/vendor/laravel/framework/src/Illuminate/Pipeline/Pipeline.php(219): Illuminate/Http/Middleware/TrustProxies->handle(Object(Illuminate/Http/Request), Object(Closure))
#43 E:/12 RPL/yearbook-class/vendor/laravel/framework/src/Illuminate/Foundation/Http/Middleware/InvokeDeferredCallbacks.php(22): Illuminate/Pipeline/Pipeline->Illuminate/Pipeline/{closure}(Object(Illuminate/Http/Request))
#44 E:/12 RPL/yearbook-class/vendor/laravel/framework/src/Illuminate/Pipeline/Pipeline.php(219): Illuminate/Foundation/Http/Middleware/InvokeDeferredCallbacks->handle(Object(Illuminate/Http/Request), Object(Closure))
#45 E:/12 RPL/yearbook-class/vendor/laravel/framework/src/Illuminate/Http/Middleware/ValidatePathEncoding.php(26): Illuminate/Pipeline/Pipeline->Illuminate/Pipeline/{closure}(Object(Illuminate/Http/Request))
#46 E:/12 RPL/yearbook-class/vendor/laravel/framework/src/Illuminate/Pipeline/Pipeline.php(219): Illuminate/Http/Middleware/ValidatePathEncoding->handle(Object(Illuminate/Http/Request), Object(Closure))
#47 E:/12 RPL/yearbook-class/vendor/laravel/framework/src/Illuminate/Pipeline/Pipeline.php(137): Illuminate/Pipeline/Pipeline->Illuminate/Pipeline/{closure}(Object(Illuminate/Http/Request))
#48 E:/12 RPL/yearbook-class/vendor/laravel/framework/src/Illuminate/Foundation/Http/Kernel.php(175): Illuminate/Pipeline/Pipeline->then(Object(Closure))
#49 E:/12 RPL/yearbook-class/vendor/laravel/framework/src/Illuminate/Foundation/Http/Kernel.php(144): Illuminate/Foundation/Http/Kernel->sendRequestThroughRouter(Object(Illuminate/Http/Request))
#50 E:/12 RPL/yearbook-class/vendor/laravel/framework/src/Illuminate/Foundation/Application.php(1220): Illuminate/Foundation/Http/Kernel->handle(Object(Illuminate/Http/Request))
#51 E:/12 RPL/yearbook-class/public/index.php(20): Illuminate/Foundation/Application->handleRequest(Object(Illuminate/Http/Request))
#52 E:/12 RPL/yearbook-class/vendor/laravel/framework/src/Illuminate/Foundation/resources/server.php(23): require_once('E://12 RPL//yearb...')
#53 {main}

[previous exception] [object] (PDOException(code: 1049): SQLSTATE[HY000] [1049] Unknown database 'yearbook-site' at E:/12 RPL/yearbook-class/vendor/laravel/framework/src/Illuminate/Database/Connectors/Connector.php:66)
[stacktrace]
#0 E:/12 RPL/yearbook-class/vendor/laravel/framework/src/Illuminate/Database/Connectors/Connector.php(66): PDO->__construct('mysql:host=127....', 'root', Object(SensitiveParameterValue), Array)
#1 E:/12 RPL/yearbook-class/vendor/laravel/framework/src/Illuminate/Database/Connectors/Connector.php(44): Illuminate/Database/Connectors/Connector->createPdoConnection('mysql:host=127....', 'root', Object(SensitiveParameterValue), Array)
#2 E:/12 RPL/yearbook-class/vendor/laravel/framework/src/Illuminate/Database/Connectors/MySqlConnector.php(24): Illuminate/Database/Connectors/Connector->createConnection('mysql:host=127....', Array, Array)
#3 E:/12 RPL/yearbook-class/vendor/laravel/framework/src/Illuminate/Database/Connectors/ConnectionFactory.php(186): Illuminate/Database/Connectors/MySqlConnector->connect(Array)
#4 [internal function]: Illuminate/Database/Connectors/ConnectionFactory->Illuminate/Database/Connectors/{closure}()
#5 E:/12 RPL/yearbook-class/vendor/laravel/framework/src/Illuminate/Database/Connection.php(1257): call_user_func(Object(Closure))
#6 E:/12 RPL/yearbook-class/vendor/laravel/framework/src/Illuminate/Database/Connection.php(525): Illuminate/Database/Connection->getPdo()
#7 E:/12 RPL/yearbook-class/vendor/laravel/framework/src/Illuminate/Database/Connection.php(420): Illuminate/Database/Connection->getPdoForSelect(false)
#8 E:/12 RPL/yearbook-class/vendor/laravel/framework/src/Illuminate/Database/Connection.php(827): Illuminate/Database/Connection->Illuminate/Database/{closure}('select * from `...', Array)
#9 E:/12 RPL/yearbook-class/vendor/laravel/framework/src/Illuminate/Database/Connection.php(794): Illuminate/Database/Connection->runQueryCallback('select * from `...', Array, Object(Closure))
#10 E:/12 RPL/yearbook-class/vendor/laravel/framework/src/Illuminate/Database/Connection.php(411): Illuminate/Database/Connection->run('select * from `...', Array, Object(Closure))
#11 E:/12 RPL/yearbook-class/vendor/laravel/framework/src/Illuminate/Database/Query/Builder.php(3389): Illuminate/Database/Connection->select('select * from `...', Array, false)
#12 E:/12 RPL/yearbook-class/vendor/laravel/framework/src/Illuminate/Database/Query/Builder.php(3374): Illuminate/Database/Query/Builder->runSelect()
#13 E:/12 RPL/yearbook-class/vendor/laravel/framework/src/Illuminate/Database/Query/Builder.php(3964): Illuminate/Database/Query/Builder->Illuminate/Database/Query/{closure}()
#14 E:/12 RPL/yearbook-class/vendor/laravel/framework/src/Illuminate/Database/Query/Builder.php(3373): Illuminate/Database/Query/Builder->onceWithColumns(Array, Object(Closure))
#15 E:/12 RPL/yearbook-class/vendor/laravel/framework/src/Illuminate/Database/Concerns/BuildsQueries.php(366): Illuminate/Database/Query/Builder->get(Array)
#16 E:/12 RPL/yearbook-class/vendor/laravel/framework/src/Illuminate/Database/Query/Builder.php(3296): Illuminate/Database/Query/Builder->first(Array)
#17 E:/12 RPL/yearbook-class/vendor/laravel/framework/src/Illuminate/Session/DatabaseSessionHandler.php(96): Illuminate/Database/Query/Builder->find('RNEhJs2CQDJI6fF...')
#18 E:/12 RPL/yearbook-class/vendor/laravel/framework/src/Illuminate/Session/Store.php(128): Illuminate/Session/DatabaseSessionHandler->read('RNEhJs2CQDJI6fF...')
#19 E:/12 RPL/yearbook-class/vendor/laravel/framework/src/Illuminate/Session/Store.php(116): Illuminate/Session/Store->readFromHandler()
#20 E:/12 RPL/yearbook-class/vendor/laravel/framework/src/Illuminate/Session/Store.php(100): Illuminate/Session/Store->loadSession()
#21 E:/12 RPL/yearbook-class/vendor/laravel/framework/src/Illuminate/Session/Middleware/StartSession.php(146): Illuminate/Session/Store->start()
#22 E:/12 RPL/yearbook-class/vendor/laravel/framework/src/Illuminate/Support/helpers.php(390): Illuminate/Session/Middleware/StartSession->Illuminate/Session/Middleware/{closure}(Object(Illuminate/Session/Store))
#23 E:/12 RPL/yearbook-class/vendor/laravel/framework/src/Illuminate/Session/Middleware/StartSession.php(143): tap(Object(Illuminate/Session/Store), Object(Closure))
#24 E:/12 RPL/yearbook-class/vendor/laravel/framework/src/Illuminate/Session/Middleware/StartSession.php(115): Illuminate/Session/Middleware/StartSession->startSession(Object(Illuminate/Http/Request), Object(Illuminate/Session/Store))
#25 E:/12 RPL/yearbook-class/vendor/laravel/framework/src/Illuminate/Session/Middleware/StartSession.php(63): Illuminate/Session/Middleware/StartSession->handleStatefulRequest(Object(Illuminate/Http/Request), Object(Illuminate/Session/Store), Object(Closure))
#26 E:/12 RPL/yearbook-class/vendor/laravel/framework/src/Illuminate/Pipeline/Pipeline.php(219): Illuminate/Session/Middleware/StartSession->handle(Object(Illuminate/Http/Request), Object(Closure))
#27 E:/12 RPL/yearbook-class/vendor/laravel/framework/src/Illuminate/Cookie/Middleware/AddQueuedCookiesToResponse.php(36): Illuminate/Pipeline/Pipeline->Illuminate/Pipeline/{closure}(Object(Illuminate/Http/Request))
#28 E:/12 RPL/yearbook-class/vendor/laravel/framework/src/Illuminate/Pipeline/Pipeline.php(219): Illuminate/Cookie/Middleware/AddQueuedCookiesToResponse->handle(Object(Illuminate/Http/Request), Object(Closure))
#29 E:/12 RPL/yearbook-class/vendor/laravel/framework/src/Illuminate/Cookie/Middleware/EncryptCookies.php(74): Illuminate/Pipeline/Pipeline->Illuminate/Pipeline/{closure}(Object(Illuminate/Http/Request))
#30 E:/12 RPL/yearbook-class/vendor/laravel/framework/src/Illuminate/Pipeline/Pipeline.php(219): Illuminate/Cookie/Middleware/EncryptCookies->handle(Object(Illuminate/Http/Request), Object(Closure))
#31 E:/12 RPL/yearbook-class/vendor/laravel/framework/src/Illuminate/Pipeline/Pipeline.php(137): Illuminate/Pipeline/Pipeline->Illuminate/Pipeline/{closure}(Object(Illuminate/Http/Request))
#32 E:/12 RPL/yearbook-class/vendor/laravel/framework/src/Illuminate/Routing/Router.php(821): Illuminate/Pipeline/Pipeline->then(Object(Closure))
#33 E:/12 RPL/yearbook-class/vendor/laravel/framework/src/Illuminate/Routing/Router.php(800): Illuminate/Routing/Router->runRouteWithinStack(Object(Illuminate/Routing/Route), Object(Illuminate/Http/Request))
#34 E:/12 RPL/yearbook-class/vendor/laravel/framework/src/Illuminate/Routing/Router.php(764): Illuminate/Routing/Router->runRoute(Object(Illuminate/Http/Request), Object(Illuminate/Routing/Route))
#35 E:/12 RPL/yearbook-class/vendor/laravel/framework/src/Illuminate/Routing/Router.php(753): Illuminate/Routing/Router->dispatchToRoute(Object(Illuminate/Http/Request))
#36 E:/12 RPL/yearbook-class/vendor/laravel/framework/src/Illuminate/Foundation/Http/Kernel.php(200): Illuminate/Routing/Router->dispatch(Object(Illuminate/Http/Request))
#37 E:/12 RPL/yearbook-class/vendor/laravel/framework/src/Illuminate/Pipeline/Pipeline.php(180): Illuminate/Foundation/Http/Kernel->Illuminate/Foundation/Http/{closure}(Object(Illuminate/Http/Request))
#38 E:/12 RPL/yearbook-class/vendor/laravel/framework/src/Illuminate/Foundation/Http/Middleware/TransformsRequest.php(21): Illuminate/Pipeline/Pipeline->Illuminate/Pipeline/{closure}(Object(Illuminate/Http/Request))
#39 E:/12 RPL/yearbook-class/vendor/laravel/framework/src/Illuminate/Foundation/Http/Middleware/ConvertEmptyStringsToNull.php(31): Illuminate/Foundation/Http/Middleware/TransformsRequest->handle(Object(Illuminate/Http/Request), Object(Closure))
#40 E:/12 RPL/yearbook-class/vendor/laravel/framework/src/Illuminate/Pipeline/Pipeline.php(219): Illuminate/Foundation/Http/Middleware/ConvertEmptyStringsToNull->handle(Object(Illuminate/Http/Request), Object(Closure))
#41 E:/12 RPL/yearbook-class/vendor/laravel/framework/src/Illuminate/Foundation/Http/Middleware/TransformsRequest.php(21): Illuminate/Pipeline/Pipeline->Illuminate/Pipeline/{closure}(Object(Illuminate/Http/Request))
#42 E:/12 RPL/yearbook-class/vendor/laravel/framework/src/Illuminate/Foundation/Http/Middleware/TrimStrings.php(51): Illuminate/Foundation/Http/Middleware/TransformsRequest->handle(Object(Illuminate/Http/Request), Object(Closure))
#43 E:/12 RPL/yearbook-class/vendor/laravel/framework/src/Illuminate/Pipeline/Pipeline.php(219): Illuminate/Foundation/Http/Middleware/TrimStrings->handle(Object(Illuminate/Http/Request), Object(Closure))
#44 E:/12 RPL/yearbook-class/vendor/laravel/framework/src/Illuminate/Http/Middleware/ValidatePostSize.php(27): Illuminate/Pipeline/Pipeline->Illuminate/Pipeline/{closure}(Object(Illuminate/Http/Request))
#45 E:/12 RPL/yearbook-class/vendor/laravel/framework/src/Illuminate/Pipeline/Pipeline.php(219): Illuminate/Http/Middleware/ValidatePostSize->handle(Object(Illuminate/Http/Request), Object(Closure))
#46 E:/12 RPL/yearbook-class/vendor/laravel/framework/src/Illuminate/Foundation/Http/Middleware/PreventRequestsDuringMaintenance.php(109): Illuminate/Pipeline/Pipeline->Illuminate/Pipeline/{closure}(Object(Illuminate/Http/Request))
#47 E:/12 RPL/yearbook-class/vendor/laravel/framework/src/Illuminate/Pipeline/Pipeline.php(219): Illuminate/Foundation/Http/Middleware/PreventRequestsDuringMaintenance->handle(Object(Illuminate/Http/Request), Object(Closure))
#48 E:/12 RPL/yearbook-class/vendor/laravel/framework/src/Illuminate/Http/Middleware/HandleCors.php(61): Illuminate/Pipeline/Pipeline->Illuminate/Pipeline/{closure}(Object(Illuminate/Http/Request))
#49 E:/12 RPL/yearbook-class/vendor/laravel/framework/src/Illuminate/Pipeline/Pipeline.php(219): Illuminate/Http/Middleware/HandleCors->handle(Object(Illuminate/Http/Request), Object(Closure))
#50 E:/12 RPL/yearbook-class/vendor/laravel/framework/src/Illuminate/Http/Middleware/TrustProxies.php(58): Illuminate/Pipeline/Pipeline->Illuminate/Pipeline/{closure}(Object(Illuminate/Http/Request))
#51 E:/12 RPL/yearbook-class/vendor/laravel/framework/src/Illuminate/Pipeline/Pipeline.php(219): Illuminate/Http/Middleware/TrustProxies->handle(Object(Illuminate/Http/Request), Object(Closure))
#52 E:/12 RPL/yearbook-class/vendor/laravel/framework/src/Illuminate/Foundation/Http/Middleware/InvokeDeferredCallbacks.php(22): Illuminate/Pipeline/Pipeline->Illuminate/Pipeline/{closure}(Object(Illuminate/Http/Request))
#53 E:/12 RPL/yearbook-class/vendor/laravel/framework/src/Illuminate/Pipeline/Pipeline.php(219): Illuminate/Foundation/Http/Middleware/InvokeDeferredCallbacks->handle(Object(Illuminate/Http/Request), Object(Closure))
#54 E:/12 RPL/yearbook-class/vendor/laravel/framework/src/Illuminate/Http/Middleware/ValidatePathEncoding.php(26): Illuminate/Pipeline/Pipeline->Illuminate/Pipeline/{closure}(Object(Illuminate/Http/Request))
#55 E:/12 RPL/yearbook-class/vendor/laravel/framework/src/Illuminate/Pipeline/Pipeline.php(219): Illuminate/Http/Middleware/ValidatePathEncoding->handle(Object(Illuminate/Http/Request), Object(Closure))
#56 E:/12 RPL/yearbook-class/vendor/laravel/framework/src/Illuminate/Pipeline/Pipeline.php(137): Illuminate/Pipeline/Pipeline->Illuminate/Pipeline/{closure}(Object(Illuminate/Http/Request))
#57 E:/12 RPL/yearbook-class/vendor/laravel/framework/src/Illuminate/Foundation/Http/Kernel.php(175): Illuminate/Pipeline/Pipeline->then(Object(Closure))
#58 E:/12 RPL/yearbook-class/vendor/laravel/framework/src/Illuminate/Foundation/Http/Kernel.php(144): Illuminate/Foundation/Http/Kernel->sendRequestThroughRouter(Object(Illuminate/Http/Request))
#59 E:/12 RPL/yearbook-class/vendor/laravel/framework/src/Illuminate/Foundation/Application.php(1220): Illuminate/Foundation/Http/Kernel->handle(Object(Illuminate/Http/Request))
#60 E:/12 RPL/yearbook-class/public/index.php(20): Illuminate/Foundation/Application->handleRequest(Object(Illuminate/Http/Request))
#61 E:/12 RPL/yearbook-class/vendor/laravel/framework/src/Illuminate/Foundation/resources/server.php(23): require_once('E://12 RPL//yearb...')
#62 {main}
"} 
[2026-01-29 12:17:35] local.ERROR: SQLSTATE[HY000] [1049] Unknown database 'yearbook-site' (Connection: mysql, Host: 127.0.0.1, Port: 3306, Database: yearbook-site, SQL: select * from `cache` where `key` in (laravel_cache_illuminate:queue:paused:database:default)) {"exception":"[object] (Illuminate\\Database\\QueryException(code: 1049): SQLSTATE[HY000] [1049] Unknown database 'yearbook-site' (Connection: mysql, Host: 127.0.0.1, Port: 3306, Database: yearbook-site, SQL: select * from `cache` where `key` in (laravel_cache_illuminate:queue:paused:database:default)) at E:/12 RPL/yearbook-class/vendor/laravel/framework/src/Illuminate/Database/Connection.php:838)
[stacktrace]
#0 E:/12 RPL/yearbook-class/vendor/laravel/framework/src/Illuminate/Database/Connection.php(794): Illuminate/Database/Connection->runQueryCallback('select * from `...', Array, Object(Closure))
#1 E:/12 RPL/yearbook-class/vendor/laravel/framework/src/Illuminate/Database/Connection.php(411): Illuminate/Database/Connection->run('select * from `...', Array, Object(Closure))
#2 E:/12 RPL/yearbook-class/vendor/laravel/framework/src/Illuminate/Database/Query/Builder.php(3389): Illuminate/Database/Connection->select('select * from `...', Array, true)
#3 E:/12 RPL/yearbook-class/vendor/laravel/framework/src/Illuminate/Database/Query/Builder.php(3374): Illuminate/Database/Query/Builder->runSelect()
#4 E:/12 RPL/yearbook-class/vendor/laravel/framework/src/Illuminate/Database/Query/Builder.php(3964): Illuminate/Database/Query/Builder->Illuminate/Database/Query/{closure}()
#5 E:/12 RPL/yearbook-class/vendor/laravel/framework/src/Illuminate/Database/Query/Builder.php(3373): Illuminate/Database/Query/Builder->onceWithColumns(Array, Object(Closure))
#6 E:/12 RPL/yearbook-class/vendor/laravel/framework/src/Illuminate/Cache/DatabaseStore.php(130): Illuminate/Database/Query/Builder->get()
#7 E:/12 RPL/yearbook-class/vendor/laravel/framework/src/Illuminate/Cache/DatabaseStore.php(105): Illuminate/Cache/DatabaseStore->many(Array)
#8 E:/12 RPL/yearbook-class/vendor/laravel/framework/src/Illuminate/Cache/Repository.php(122): Illuminate/Cache/DatabaseStore->get('illuminate:queu...')
#9 E:/12 RPL/yearbook-class/vendor/laravel/framework/src/Illuminate/Queue/QueueManager.php(266): Illuminate/Cache/Repository->get('illuminate:queu...', false)
#10 E:/12 RPL/yearbook-class/vendor/laravel/framework/src/Illuminate/Queue/Worker.php(421): Illuminate/Queue/QueueManager->isPaused('database', 'default')
#11 E:/12 RPL/yearbook-class/vendor/laravel/framework/src/Illuminate/Queue/Worker.php(389): Illuminate/Queue/Worker->queuePaused('database', 'default')
#12 E:/12 RPL/yearbook-class/vendor/laravel/framework/src/Illuminate/Queue/Worker.php(350): Illuminate/Queue/Worker->getNextJob(Object(Illuminate/Queue/DatabaseQueue), 'default')
#13 E:/12 RPL/yearbook-class/vendor/laravel/framework/src/Illuminate/Queue/Console/WorkCommand.php(148): Illuminate/Queue/Worker->runNextJob('database', 'default', Object(Illuminate/Queue/WorkerOptions))
#14 E:/12 RPL/yearbook-class/vendor/laravel/framework/src/Illuminate/Queue/Console/WorkCommand.php(131): Illuminate/Queue/Console/WorkCommand->runWorker('database', 'default')
#15 E:/12 RPL/yearbook-class/vendor/laravel/framework/src/Illuminate/Container/BoundMethod.php(36): Illuminate/Queue/Console/WorkCommand->handle()
#16 E:/12 RPL/yearbook-class/vendor/laravel/framework/src/Illuminate/Container/Util.php(43): Illuminate/Container/BoundMethod::Illuminate/Container/{closure}()
#17 E:/12 RPL/yearbook-class/vendor/laravel/framework/src/Illuminate/Container/BoundMethod.php(96): Illuminate/Container/Util::unwrapIfClosure(Object(Closure))
#18 E:/12 RPL/yearbook-class/vendor/laravel/framework/src/Illuminate/Container/BoundMethod.php(35): Illuminate/Container/BoundMethod::callBoundMethod(Object(Illuminate/Foundation/Application), Array, Object(Closure))
#19 E:/12 RPL/yearbook-class/vendor/laravel/framework/src/Illuminate/Container/Container.php(799): Illuminate/Container/BoundMethod::call(Object(Illuminate/Foundation/Application), Array, Array, NULL)
#20 E:/12 RPL/yearbook-class/vendor/laravel/framework/src/Illuminate/Console/Command.php(211): Illuminate/Container/Container->call(Array)
#21 E:/12 RPL/yearbook-class/vendor/symfony/console/Command/Command.php(341): Illuminate/Console/Command->execute(Object(Symfony/Component/Console/Input/ArgvInput), Object(Illuminate/Console/OutputStyle))
#22 E:/12 RPL/yearbook-class/vendor/laravel/framework/src/Illuminate/Console/Command.php(180): Symfony/Component/Console/Command/Command->run(Object(Symfony/Component/Console/Input/ArgvInput), Object(Illuminate/Console/OutputStyle))
#23 E:/12 RPL/yearbook-class/vendor/symfony/console/Application.php(1102): Illuminate/Console/Command->run(Object(Symfony/Component/Console/Input/ArgvInput), Object(Symfony/Component/Console/Output/ConsoleOutput))
#24 E:/12 RPL/yearbook-class/vendor/symfony/console/Application.php(356): Symfony/Component/Console/Application->doRunCommand(Object(Illuminate/Queue/Console/WorkCommand), Object(Symfony/Component/Console/Input/ArgvInput), Object(Symfony/Component/Console/Output/ConsoleOutput))
#25 E:/12 RPL/yearbook-class/vendor/symfony/console/Application.php(195): Symfony/Component/Console/Application->doRun(Object(Symfony/Component/Console/Input/ArgvInput), Object(Symfony/Component/Console/Output/ConsoleOutput))
#26 E:/12 RPL/yearbook-class/vendor/laravel/framework/src/Illuminate/Foundation/Console/Kernel.php(198): Symfony/Component/Console/Application->run(Object(Symfony/Component/Console/Input/ArgvInput), Object(Symfony/Component/Console/Output/ConsoleOutput))
#27 E:/12 RPL/yearbook-class/vendor/laravel/framework/src/Illuminate/Foundation/Application.php(1235): Illuminate/Foundation/Console/Kernel->handle(Object(Symfony/Component/Console/Input/ArgvInput), Object(Symfony/Component/Console/Output/ConsoleOutput))
#28 E:/12 RPL/yearbook-class/artisan(16): Illuminate/Foundation/Application->handleCommand(Object(Symfony/Component/Console/Input/ArgvInput))
#29 {main}

[previous exception] [object] (PDOException(code: 1049): SQLSTATE[HY000] [1049] Unknown database 'yearbook-site' at E:/12 RPL/yearbook-class/vendor/laravel/framework/src/Illuminate/Database/Connectors/Connector.php:66)
[stacktrace]
#0 E:/12 RPL/yearbook-class/vendor/laravel/framework/src/Illuminate/Database/Connectors/Connector.php(66): PDO->__construct('mysql:host=127....', 'root', Object(SensitiveParameterValue), Array)
#1 E:/12 RPL/yearbook-class/vendor/laravel/framework/src/Illuminate/Database/Connectors/Connector.php(44): Illuminate/Database/Connectors/Connector->createPdoConnection('mysql:host=127....', 'root', Object(SensitiveParameterValue), Array)
#2 E:/12 RPL/yearbook-class/vendor/laravel/framework/src/Illuminate/Database/Connectors/MySqlConnector.php(24): Illuminate/Database/Connectors/Connector->createConnection('mysql:host=127....', Array, Array)
#3 E:/12 RPL/yearbook-class/vendor/laravel/framework/src/Illuminate/Database/Connectors/ConnectionFactory.php(186): Illuminate/Database/Connectors/MySqlConnector->connect(Array)
#4 [internal function]: Illuminate/Database/Connectors/ConnectionFactory->Illuminate/Database/Connectors/{closure}()
#5 E:/12 RPL/yearbook-class/vendor/laravel/framework/src/Illuminate/Database/Connection.php(1257): call_user_func(Object(Closure))
#6 E:/12 RPL/yearbook-class/vendor/laravel/framework/src/Illuminate/Database/Connection.php(1295): Illuminate/Database/Connection->getPdo()
#7 E:/12 RPL/yearbook-class/vendor/laravel/framework/src/Illuminate/Database/Connection.php(525): Illuminate/Database/Connection->getReadPdo()
#8 E:/12 RPL/yearbook-class/vendor/laravel/framework/src/Illuminate/Database/Connection.php(420): Illuminate/Database/Connection->getPdoForSelect(true)
#9 E:/12 RPL/yearbook-class/vendor/laravel/framework/src/Illuminate/Database/Connection.php(827): Illuminate/Database/Connection->Illuminate/Database/{closure}('select * from `...', Array)
#10 E:/12 RPL/yearbook-class/vendor/laravel/framework/src/Illuminate/Database/Connection.php(794): Illuminate/Database/Connection->runQueryCallback('select * from `...', Array, Object(Closure))
#11 E:/12 RPL/yearbook-class/vendor/laravel/framework/src/Illuminate/Database/Connection.php(411): Illuminate/Database/Connection->run('select * from `...', Array, Object(Closure))
#12 E:/12 RPL/yearbook-class/vendor/laravel/framework/src/Illuminate/Database/Query/Builder.php(3389): Illuminate/Database/Connection->select('select * from `...', Array, true)
#13 E:/12 RPL/yearbook-class/vendor/laravel/framework/src/Illuminate/Database/Query/Builder.php(3374): Illuminate/Database/Query/Builder->runSelect()
#14 E:/12 RPL/yearbook-class/vendor/laravel/framework/src/Illuminate/Database/Query/Builder.php(3964): Illuminate/Database/Query/Builder->Illuminate/Database/Query/{closure}()
#15 E:/12 RPL/yearbook-class/vendor/laravel/framework/src/Illuminate/Database/Query/Builder.php(3373): Illuminate/Database/Query/Builder->onceWithColumns(Array, Object(Closure))
#16 E:/12 RPL/yearbook-class/vendor/laravel/framework/src/Illuminate/Cache/DatabaseStore.php(130): Illuminate/Database/Query/Builder->get()
#17 E:/12 RPL/yearbook-class/vendor/laravel/framework/src/Illuminate/Cache/DatabaseStore.php(105): Illuminate/Cache/DatabaseStore->many(Array)
#18 E:/12 RPL/yearbook-class/vendor/laravel/framework/src/Illuminate/Cache/Repository.php(122): Illuminate/Cache/DatabaseStore->get('illuminate:queu...')
#19 E:/12 RPL/yearbook-class/vendor/laravel/framework/src/Illuminate/Queue/QueueManager.php(266): Illuminate/Cache/Repository->get('illuminate:queu...', false)
#20 E:/12 RPL/yearbook-class/vendor/laravel/framework/src/Illuminate/Queue/Worker.php(421): Illuminate/Queue/QueueManager->isPaused('database', 'default')
#21 E:/12 RPL/yearbook-class/vendor/laravel/framework/src/Illuminate/Queue/Worker.php(389): Illuminate/Queue/Worker->queuePaused('database', 'default')
#22 E:/12 RPL/yearbook-class/vendor/laravel/framework/src/Illuminate/Queue/Worker.php(350): Illuminate/Queue/Worker->getNextJob(Object(Illuminate/Queue/DatabaseQueue), 'default')
#23 E:/12 RPL/yearbook-class/vendor/laravel/framework/src/Illuminate/Queue/Console/WorkCommand.php(148): Illuminate/Queue/Worker->runNextJob('database', 'default', Object(Illuminate/Queue/WorkerOptions))
#24 E:/12 RPL/yearbook-class/vendor/laravel/framework/src/Illuminate/Queue/Console/WorkCommand.php(131): Illuminate/Queue/Console/WorkCommand->runWorker('database', 'default')
#25 E:/12 RPL/yearbook-class/vendor/laravel/framework/src/Illuminate/Container/BoundMethod.php(36): Illuminate/Queue/Console/WorkCommand->handle()
#26 E:/12 RPL/yearbook-class/vendor/laravel/framework/src/Illuminate/Container/Util.php(43): Illuminate/Container/BoundMethod::Illuminate/Container/{closure}()
#27 E:/12 RPL/yearbook-class/vendor/laravel/framework/src/Illuminate/Container/BoundMethod.php(96): Illuminate/Container/Util::unwrapIfClosure(Object(Closure))
#28 E:/12 RPL/yearbook-class/vendor/laravel/framework/src/Illuminate/Container/BoundMethod.php(35): Illuminate/Container/BoundMethod::callBoundMethod(Object(Illuminate/Foundation/Application), Array, Object(Closure))
#29 E:/12 RPL/yearbook-class/vendor/laravel/framework/src/Illuminate/Container/Container.php(799): Illuminate/Container/BoundMethod::call(Object(Illuminate/Foundation/Application), Array, Array, NULL)
#30 E:/12 RPL/yearbook-class/vendor/laravel/framework/src/Illuminate/Console/Command.php(211): Illuminate/Container/Container->call(Array)
#31 E:/12 RPL/yearbook-class/vendor/symfony/console/Command/Command.php(341): Illuminate/Console/Command->execute(Object(Symfony/Component/Console/Input/ArgvInput), Object(Illuminate/Console/OutputStyle))
#32 E:/12 RPL/yearbook-class/vendor/laravel/framework/src/Illuminate/Console/Command.php(180): Symfony/Component/Console/Command/Command->run(Object(Symfony/Component/Console/Input/ArgvInput), Object(Illuminate/Console/OutputStyle))
#33 E:/12 RPL/yearbook-class/vendor/symfony/console/Application.php(1102): Illuminate/Console/Command->run(Object(Symfony/Component/Console/Input/ArgvInput), Object(Symfony/Component/Console/Output/ConsoleOutput))
#34 E:/12 RPL/yearbook-class/vendor/symfony/console/Application.php(356): Symfony/Component/Console/Application->doRunCommand(Object(Illuminate/Queue/Console/WorkCommand), Object(Symfony/Component/Console/Input/ArgvInput), Object(Symfony/Component/Console/Output/ConsoleOutput))
#35 E:/12 RPL/yearbook-class/vendor/symfony/console/Application.php(195): Symfony/Component/Console/Application->doRun(Object(Symfony/Component/Console/Input/ArgvInput), Object(Symfony/Component/Console/Output/ConsoleOutput))
#36 E:/12 RPL/yearbook-class/vendor/laravel/framework/src/Illuminate/Foundation/Console/Kernel.php(198): Symfony/Component/Console/Application->run(Object(Symfony/Component/Console/Input/ArgvInput), Object(Symfony/Component/Console/Output/ConsoleOutput))
#37 E:/12 RPL/yearbook-class/vendor/laravel/framework/src/Illuminate/Foundation/Application.php(1235): Illuminate/Foundation/Console/Kernel->handle(Object(Symfony/Component/Console/Input/ArgvInput), Object(Symfony/Component/Console/Output/ConsoleOutput))
#38 E:/12 RPL/yearbook-class/artisan(16): Illuminate/Foundation/Application->handleCommand(Object(Symfony/Component/Console/Input/ArgvInput))
#39 {main}
"} 
[2026-01-29 12:17:40] local.ERROR: SQLSTATE[HY000] [1049] Unknown database 'yearbook-site' (Connection: mysql, Host: 127.0.0.1, Port: 3306, Database: yearbook-site, SQL: select * from `cache` where `key` in (laravel_cache_illuminate:queue:paused:database:default)) {"exception":"[object] (Illuminate\\Database\\QueryException(code: 1049): SQLSTATE[HY000] [1049] Unknown database 'yearbook-site' (Connection: mysql, Host: 127.0.0.1, Port: 3306, Database: yearbook-site, SQL: select * from `cache` where `key` in (laravel_cache_illuminate:queue:paused:database:default)) at E:/12 RPL/yearbook-class/vendor/laravel/framework/src/Illuminate/Database/Connection.php:838)
[stacktrace]
#0 E:/12 RPL/yearbook-class/vendor/laravel/framework/src/Illuminate/Database/Connection.php(794): Illuminate/Database/Connection->runQueryCallback('select * from `...', Array, Object(Closure))
#1 E:/12 RPL/yearbook-class/vendor/laravel/framework/src/Illuminate/Database/Connection.php(411): Illuminate/Database/Connection->run('select * from `...', Array, Object(Closure))
#2 E:/12 RPL/yearbook-class/vendor/laravel/framework/src/Illuminate/Database/Query/Builder.php(3389): Illuminate/Database/Connection->select('select * from `...', Array, true)
#3 E:/12 RPL/yearbook-class/vendor/laravel/framework/src/Illuminate/Database/Query/Builder.php(3374): Illuminate/Database/Query/Builder->runSelect()
#4 E:/12 RPL/yearbook-class/vendor/laravel/framework/src/Illuminate/Database/Query/Builder.php(3964): Illuminate/Database/Query/Builder->Illuminate/Database/Query/{closure}()
#5 E:/12 RPL/yearbook-class/vendor/laravel/framework/src/Illuminate/Database/Query/Builder.php(3373): Illuminate/Database/Query/Builder->onceWithColumns(Array, Object(Closure))
#6 E:/12 RPL/yearbook-class/vendor/laravel/framework/src/Illuminate/Cache/DatabaseStore.php(130): Illuminate/Database/Query/Builder->get()
#7 E:/12 RPL/yearbook-class/vendor/laravel/framework/src/Illuminate/Cache/DatabaseStore.php(105): Illuminate/Cache/DatabaseStore->many(Array)
#8 E:/12 RPL/yearbook-class/vendor/laravel/framework/src/Illuminate/Cache/Repository.php(122): Illuminate/Cache/DatabaseStore->get('illuminate:queu...')
#9 E:/12 RPL/yearbook-class/vendor/laravel/framework/src/Illuminate/Queue/QueueManager.php(266): Illuminate/Cache/Repository->get('illuminate:queu...', false)
#10 E:/12 RPL/yearbook-class/vendor/laravel/framework/src/Illuminate/Queue/Worker.php(421): Illuminate/Queue/QueueManager->isPaused('database', 'default')
#11 E:/12 RPL/yearbook-class/vendor/laravel/framework/src/Illuminate/Queue/Worker.php(389): Illuminate/Queue/Worker->queuePaused('database', 'default')
#12 E:/12 RPL/yearbook-class/vendor/laravel/framework/src/Illuminate/Queue/Worker.php(350): Illuminate/Queue/Worker->getNextJob(Object(Illuminate/Queue/DatabaseQueue), 'default')
#13 E:/12 RPL/yearbook-class/vendor/laravel/framework/src/Illuminate/Queue/Console/WorkCommand.php(148): Illuminate/Queue/Worker->runNextJob('database', 'default', Object(Illuminate/Queue/WorkerOptions))
#14 E:/12 RPL/yearbook-class/vendor/laravel/framework/src/Illuminate/Queue/Console/WorkCommand.php(131): Illuminate/Queue/Console/WorkCommand->runWorker('database', 'default')
#15 E:/12 RPL/yearbook-class/vendor/laravel/framework/src/Illuminate/Container/BoundMethod.php(36): Illuminate/Queue/Console/WorkCommand->handle()
#16 E:/12 RPL/yearbook-class/vendor/laravel/framework/src/Illuminate/Container/Util.php(43): Illuminate/Container/BoundMethod::Illuminate/Container/{closure}()
#17 E:/12 RPL/yearbook-class/vendor/laravel/framework/src/Illuminate/Container/BoundMethod.php(96): Illuminate/Container/Util::unwrapIfClosure(Object(Closure))
#18 E:/12 RPL/yearbook-class/vendor/laravel/framework/src/Illuminate/Container/BoundMethod.php(35): Illuminate/Container/BoundMethod::callBoundMethod(Object(Illuminate/Foundation/Application), Array, Object(Closure))
#19 E:/12 RPL/yearbook-class/vendor/laravel/framework/src/Illuminate/Container/Container.php(799): Illuminate/Container/BoundMethod::call(Object(Illuminate/Foundation/Application), Array, Array, NULL)
#20 E:/12 RPL/yearbook-class/vendor/laravel/framework/src/Illuminate/Console/Command.php(211): Illuminate/Container/Container->call(Array)
#21 E:/12 RPL/yearbook-class/vendor/symfony/console/Command/Command.php(341): Illuminate/Console/Command->execute(Object(Symfony/Component/Console/Input/ArgvInput), Object(Illuminate/Console/OutputStyle))
#22 E:/12 RPL/yearbook-class/vendor/laravel/framework/src/Illuminate/Console/Command.php(180): Symfony/Component/Console/Command/Command->run(Object(Symfony/Component/Console/Input/ArgvInput), Object(Illuminate/Console/OutputStyle))
#23 E:/12 RPL/yearbook-class/vendor/symfony/console/Application.php(1102): Illuminate/Console/Command->run(Object(Symfony/Component/Console/Input/ArgvInput), Object(Symfony/Component/Console/Output/ConsoleOutput))
#24 E:/12 RPL/yearbook-class/vendor/symfony/console/Application.php(356): Symfony/Component/Console/Application->doRunCommand(Object(Illuminate/Queue/Console/WorkCommand), Object(Symfony/Component/Console/Input/ArgvInput), Object(Symfony/Component/Console/Output/ConsoleOutput))
#25 E:/12 RPL/yearbook-class/vendor/symfony/console/Application.php(195): Symfony/Component/Console/Application->doRun(Object(Symfony/Component/Console/Input/ArgvInput), Object(Symfony/Component/Console/Output/ConsoleOutput))
#26 E:/12 RPL/yearbook-class/vendor/laravel/framework/src/Illuminate/Foundation/Console/Kernel.php(198): Symfony/Component/Console/Application->run(Object(Symfony/Component/Console/Input/ArgvInput), Object(Symfony/Component/Console/Output/ConsoleOutput))
#27 E:/12 RPL/yearbook-class/vendor/laravel/framework/src/Illuminate/Foundation/Application.php(1235): Illuminate/Foundation/Console/Kernel->handle(Object(Symfony/Component/Console/Input/ArgvInput), Object(Symfony/Component/Console/Output/ConsoleOutput))
#28 E:/12 RPL/yearbook-class/artisan(16): Illuminate/Foundation/Application->handleCommand(Object(Symfony/Component/Console/Input/ArgvInput))
#29 {main}

[previous exception] [object] (PDOException(code: 1049): SQLSTATE[HY000] [1049] Unknown database 'yearbook-site' at E:/12 RPL/yearbook-class/vendor/laravel/framework/src/Illuminate/Database/Connectors/Connector.php:66)
[stacktrace]
#0 E:/12 RPL/yearbook-class/vendor/laravel/framework/src/Illuminate/Database/Connectors/Connector.php(66): PDO->__construct('mysql:host=127....', 'root', Object(SensitiveParameterValue), Array)
#1 E:/12 RPL/yearbook-class/vendor/laravel/framework/src/Illuminate/Database/Connectors/Connector.php(44): Illuminate/Database/Connectors/Connector->createPdoConnection('mysql:host=127....', 'root', Object(SensitiveParameterValue), Array)
#2 E:/12 RPL/yearbook-class/vendor/laravel/framework/src/Illuminate/Database/Connectors/MySqlConnector.php(24): Illuminate/Database/Connectors/Connector->createConnection('mysql:host=127....', Array, Array)
#3 E:/12 RPL/yearbook-class/vendor/laravel/framework/src/Illuminate/Database/Connectors/ConnectionFactory.php(186): Illuminate/Database/Connectors/MySqlConnector->connect(Array)
#4 [internal function]: Illuminate/Database/Connectors/ConnectionFactory->Illuminate/Database/Connectors/{closure}()
#5 E:/12 RPL/yearbook-class/vendor/laravel/framework/src/Illuminate/Database/Connection.php(1257): call_user_func(Object(Closure))
#6 E:/12 RPL/yearbook-class/vendor/laravel/framework/src/Illuminate/Database/Connection.php(1295): Illuminate/Database/Connection->getPdo()
#7 E:/12 RPL/yearbook-class/vendor/laravel/framework/src/Illuminate/Database/Connection.php(525): Illuminate/Database/Connection->getReadPdo()
#8 E:/12 RPL/yearbook-class/vendor/laravel/framework/src/Illuminate/Database/Connection.php(420): Illuminate/Database/Connection->getPdoForSelect(true)
#9 E:/12 RPL/yearbook-class/vendor/laravel/framework/src/Illuminate/Database/Connection.php(827): Illuminate/Database/Connection->Illuminate/Database/{closure}('select * from `...', Array)
#10 E:/12 RPL/yearbook-class/vendor/laravel/framework/src/Illuminate/Database/Connection.php(794): Illuminate/Database/Connection->runQueryCallback('select * from `...', Array, Object(Closure))
#11 E:/12 RPL/yearbook-class/vendor/laravel/framework/src/Illuminate/Database/Connection.php(411): Illuminate/Database/Connection->run('select * from `...', Array, Object(Closure))
#12 E:/12 RPL/yearbook-class/vendor/laravel/framework/src/Illuminate/Database/Query/Builder.php(3389): Illuminate/Database/Connection->select('select * from `...', Array, true)
#13 E:/12 RPL/yearbook-class/vendor/laravel/framework/src/Illuminate/Database/Query/Builder.php(3374): Illuminate/Database/Query/Builder->runSelect()
#14 E:/12 RPL/yearbook-class/vendor/laravel/framework/src/Illuminate/Database/Query/Builder.php(3964): Illuminate/Database/Query/Builder->Illuminate/Database/Query/{closure}()
#15 E:/12 RPL/yearbook-class/vendor/laravel/framework/src/Illuminate/Database/Query/Builder.php(3373): Illuminate/Database/Query/Builder->onceWithColumns(Array, Object(Closure))
#16 E:/12 RPL/yearbook-class/vendor/laravel/framework/src/Illuminate/Cache/DatabaseStore.php(130): Illuminate/Database/Query/Builder->get()
#17 E:/12 RPL/yearbook-class/vendor/laravel/framework/src/Illuminate/Cache/DatabaseStore.php(105): Illuminate/Cache/DatabaseStore->many(Array)
#18 E:/12 RPL/yearbook-class/vendor/laravel/framework/src/Illuminate/Cache/Repository.php(122): Illuminate/Cache/DatabaseStore->get('illuminate:queu...')
#19 E:/12 RPL/yearbook-class/vendor/laravel/framework/src/Illuminate/Queue/QueueManager.php(266): Illuminate/Cache/Repository->get('illuminate:queu...', false)
#20 E:/12 RPL/yearbook-class/vendor/laravel/framework/src/Illuminate/Queue/Worker.php(421): Illuminate/Queue/QueueManager->isPaused('database', 'default')
#21 E:/12 RPL/yearbook-class/vendor/laravel/framework/src/Illuminate/Queue/Worker.php(389): Illuminate/Queue/Worker->queuePaused('database', 'default')
#22 E:/12 RPL/yearbook-class/vendor/laravel/framework/src/Illuminate/Queue/Worker.php(350): Illuminate/Queue/Worker->getNextJob(Object(Illuminate/Queue/DatabaseQueue), 'default')
#23 E:/12 RPL/yearbook-class/vendor/laravel/framework/src/Illuminate/Queue/Console/WorkCommand.php(148): Illuminate/Queue/Worker->runNextJob('database', 'default', Object(Illuminate/Queue/WorkerOptions))
#24 E:/12 RPL/yearbook-class/vendor/laravel/framework/src/Illuminate/Queue/Console/WorkCommand.php(131): Illuminate/Queue/Console/WorkCommand->runWorker('database', 'default')
#25 E:/12 RPL/yearbook-class/vendor/laravel/framework/src/Illuminate/Container/BoundMethod.php(36): Illuminate/Queue/Console/WorkCommand->handle()
#26 E:/12 RPL/yearbook-class/vendor/laravel/framework/src/Illuminate/Container/Util.php(43): Illuminate/Container/BoundMethod::Illuminate/Container/{closure}()
#27 E:/12 RPL/yearbook-class/vendor/laravel/framework/src/Illuminate/Container/BoundMethod.php(96): Illuminate/Container/Util::unwrapIfClosure(Object(Closure))
#28 E:/12 RPL/yearbook-class/vendor/laravel/framework/src/Illuminate/Container/BoundMethod.php(35): Illuminate/Container/BoundMethod::callBoundMethod(Object(Illuminate/Foundation/Application), Array, Object(Closure))
#29 E:/12 RPL/yearbook-class/vendor/laravel/framework/src/Illuminate/Container/Container.php(799): Illuminate/Container/BoundMethod::call(Object(Illuminate/Foundation/Application), Array, Array, NULL)
#30 E:/12 RPL/yearbook-class/vendor/laravel/framework/src/Illuminate/Console/Command.php(211): Illuminate/Container/Container->call(Array)
#31 E:/12 RPL/yearbook-class/vendor/symfony/console/Command/Command.php(341): Illuminate/Console/Command->execute(Object(Symfony/Component/Console/Input/ArgvInput), Object(Illuminate/Console/OutputStyle))
#32 E:/12 RPL/yearbook-class/vendor/laravel/framework/src/Illuminate/Console/Command.php(180): Symfony/Component/Console/Command/Command->run(Object(Symfony/Component/Console/Input/ArgvInput), Object(Illuminate/Console/OutputStyle))
#33 E:/12 RPL/yearbook-class/vendor/symfony/console/Application.php(1102): Illuminate/Console/Command->run(Object(Symfony/Component/Console/Input/ArgvInput), Object(Symfony/Component/Console/Output/ConsoleOutput))
#34 E:/12 RPL/yearbook-class/vendor/symfony/console/Application.php(356): Symfony/Component/Console/Application->doRunCommand(Object(Illuminate/Queue/Console/WorkCommand), Object(Symfony/Component/Console/Input/ArgvInput), Object(Symfony/Component/Console/Output/ConsoleOutput))
#35 E:/12 RPL/yearbook-class/vendor/symfony/console/Application.php(195): Symfony/Component/Console/Application->doRun(Object(Symfony/Component/Console/Input/ArgvInput), Object(Symfony/Component/Console/Output/ConsoleOutput))
#36 E:/12 RPL/yearbook-class/vendor/laravel/framework/src/Illuminate/Foundation/Console/Kernel.php(198): Symfony/Component/Console/Application->run(Object(Symfony/Component/Console/Input/ArgvInput), Object(Symfony/Component/Console/Output/ConsoleOutput))
#37 E:/12 RPL/yearbook-class/vendor/laravel/framework/src/Illuminate/Foundation/Application.php(1235): Illuminate/Foundation/Console/Kernel->handle(Object(Symfony/Component/Console/Input/ArgvInput), Object(Symfony/Component/Console/Output/ConsoleOutput))
#38 E:/12 RPL/yearbook-class/artisan(16): Illuminate/Foundation/Application->handleCommand(Object(Symfony/Component/Console/Input/ArgvInput))
#39 {main}
"} 
[2026-01-29 12:17:44] local.ERROR: SQLSTATE[HY000] [1049] Unknown database 'yearbook-site' (Connection: mysql, Host: 127.0.0.1, Port: 3306, Database: yearbook-site, SQL: select * from `cache` where `key` in (laravel_cache_illuminate:queue:paused:database:default)) {"exception":"[object] (Illuminate\\Database\\QueryException(code: 1049): SQLSTATE[HY000] [1049] Unknown database 'yearbook-site' (Connection: mysql, Host: 127.0.0.1, Port: 3306, Database: yearbook-site, SQL: select * from `cache` where `key` in (laravel_cache_illuminate:queue:paused:database:default)) at E:/12 RPL/yearbook-class/vendor/laravel/framework/src/Illuminate/Database/Connection.php:838)
[stacktrace]
#0 E:/12 RPL/yearbook-class/vendor/laravel/framework/src/Illuminate/Database/Connection.php(794): Illuminate/Database/Connection->runQueryCallback('select * from `...', Array, Object(Closure))
#1 E:/12 RPL/yearbook-class/vendor/laravel/framework/src/Illuminate/Database/Connection.php(411): Illuminate/Database/Connection->run('select * from `...', Array, Object(Closure))
#2 E:/12 RPL/yearbook-class/vendor/laravel/framework/src/Illuminate/Database/Query/Builder.php(3389): Illuminate/Database/Connection->select('select * from `...', Array, true)
#3 E:/12 RPL/yearbook-class/vendor/laravel/framework/src/Illuminate/Database/Query/Builder.php(3374): Illuminate/Database/Query/Builder->runSelect()
#4 E:/12 RPL/yearbook-class/vendor/laravel/framework/src/Illuminate/Database/Query/Builder.php(3964): Illuminate/Database/Query/Builder->Illuminate/Database/Query/{closure}()
#5 E:/12 RPL/yearbook-class/vendor/laravel/framework/src/Illuminate/Database/Query/Builder.php(3373): Illuminate/Database/Query/Builder->onceWithColumns(Array, Object(Closure))
#6 E:/12 RPL/yearbook-class/vendor/laravel/framework/src/Illuminate/Cache/DatabaseStore.php(130): Illuminate/Database/Query/Builder->get()
#7 E:/12 RPL/yearbook-class/vendor/laravel/framework/src/Illuminate/Cache/DatabaseStore.php(105): Illuminate/Cache/DatabaseStore->many(Array)
#8 E:/12 RPL/yearbook-class/vendor/laravel/framework/src/Illuminate/Cache/Repository.php(122): Illuminate/Cache/DatabaseStore->get('illuminate:queu...')
#9 E:/12 RPL/yearbook-class/vendor/laravel/framework/src/Illuminate/Queue/QueueManager.php(266): Illuminate/Cache/Repository->get('illuminate:queu...', false)
#10 E:/12 RPL/yearbook-class/vendor/laravel/framework/src/Illuminate/Queue/Worker.php(421): Illuminate/Queue/QueueManager->isPaused('database', 'default')
#11 E:/12 RPL/yearbook-class/vendor/laravel/framework/src/Illuminate/Queue/Worker.php(389): Illuminate/Queue/Worker->queuePaused('database', 'default')
#12 E:/12 RPL/yearbook-class/vendor/laravel/framework/src/Illuminate/Queue/Worker.php(350): Illuminate/Queue/Worker->getNextJob(Object(Illuminate/Queue/DatabaseQueue), 'default')
#13 E:/12 RPL/yearbook-class/vendor/laravel/framework/src/Illuminate/Queue/Console/WorkCommand.php(148): Illuminate/Queue/Worker->runNextJob('database', 'default', Object(Illuminate/Queue/WorkerOptions))
#14 E:/12 RPL/yearbook-class/vendor/laravel/framework/src/Illuminate/Queue/Console/WorkCommand.php(131): Illuminate/Queue/Console/WorkCommand->runWorker('database', 'default')
#15 E:/12 RPL/yearbook-class/vendor/laravel/framework/src/Illuminate/Container/BoundMethod.php(36): Illuminate/Queue/Console/WorkCommand->handle()
#16 E:/12 RPL/yearbook-class/vendor/laravel/framework/src/Illuminate/Container/Util.php(43): Illuminate/Container/BoundMethod::Illuminate/Container/{closure}()
#17 E:/12 RPL/yearbook-class/vendor/laravel/framework/src/Illuminate/Container/BoundMethod.php(96): Illuminate/Container/Util::unwrapIfClosure(Object(Closure))
#18 E:/12 RPL/yearbook-class/vendor/laravel/framework/src/Illuminate/Container/BoundMethod.php(35): Illuminate/Container/BoundMethod::callBoundMethod(Object(Illuminate/Foundation/Application), Array, Object(Closure))
#19 E:/12 RPL/yearbook-class/vendor/laravel/framework/src/Illuminate/Container/Container.php(799): Illuminate/Container/BoundMethod::call(Object(Illuminate/Foundation/Application), Array, Array, NULL)
#20 E:/12 RPL/yearbook-class/vendor/laravel/framework/src/Illuminate/Console/Command.php(211): Illuminate/Container/Container->call(Array)
#21 E:/12 RPL/yearbook-class/vendor/symfony/console/Command/Command.php(341): Illuminate/Console/Command->execute(Object(Symfony/Component/Console/Input/ArgvInput), Object(Illuminate/Console/OutputStyle))
#22 E:/12 RPL/yearbook-class/vendor/laravel/framework/src/Illuminate/Console/Command.php(180): Symfony/Component/Console/Command/Command->run(Object(Symfony/Component/Console/Input/ArgvInput), Object(Illuminate/Console/OutputStyle))
#23 E:/12 RPL/yearbook-class/vendor/symfony/console/Application.php(1102): Illuminate/Console/Command->run(Object(Symfony/Component/Console/Input/ArgvInput), Object(Symfony/Component/Console/Output/ConsoleOutput))
#24 E:/12 RPL/yearbook-class/vendor/symfony/console/Application.php(356): Symfony/Component/Console/Application->doRunCommand(Object(Illuminate/Queue/Console/WorkCommand), Object(Symfony/Component/Console/Input/ArgvInput), Object(Symfony/Component/Console/Output/ConsoleOutput))
#25 E:/12 RPL/yearbook-class/vendor/symfony/console/Application.php(195): Symfony/Component/Console/Application->doRun(Object(Symfony/Component/Console/Input/ArgvInput), Object(Symfony/Component/Console/Output/ConsoleOutput))
#26 E:/12 RPL/yearbook-class/vendor/laravel/framework/src/Illuminate/Foundation/Console/Kernel.php(198): Symfony/Component/Console/Application->run(Object(Symfony/Component/Console/Input/ArgvInput), Object(Symfony/Component/Console/Output/ConsoleOutput))
#27 E:/12 RPL/yearbook-class/vendor/laravel/framework/src/Illuminate/Foundation/Application.php(1235): Illuminate/Foundation/Console/Kernel->handle(Object(Symfony/Component/Console/Input/ArgvInput), Object(Symfony/Component/Console/Output/ConsoleOutput))
#28 E:/12 RPL/yearbook-class/artisan(16): Illuminate/Foundation/Application->handleCommand(Object(Symfony/Component/Console/Input/ArgvInput))
#29 {main}

[previous exception] [object] (PDOException(code: 1049): SQLSTATE[HY000] [1049] Unknown database 'yearbook-site' at E:/12 RPL/yearbook-class/vendor/laravel/framework/src/Illuminate/Database/Connectors/Connector.php:66)
[stacktrace]
#0 E:/12 RPL/yearbook-class/vendor/laravel/framework/src/Illuminate/Database/Connectors/Connector.php(66): PDO->__construct('mysql:host=127....', 'root', Object(SensitiveParameterValue), Array)
#1 E:/12 RPL/yearbook-class/vendor/laravel/framework/src/Illuminate/Database/Connectors/Connector.php(44): Illuminate/Database/Connectors/Connector->createPdoConnection('mysql:host=127....', 'root', Object(SensitiveParameterValue), Array)
#2 E:/12 RPL/yearbook-class/vendor/laravel/framework/src/Illuminate/Database/Connectors/MySqlConnector.php(24): Illuminate/Database/Connectors/Connector->createConnection('mysql:host=127....', Array, Array)
#3 E:/12 RPL/yearbook-class/vendor/laravel/framework/src/Illuminate/Database/Connectors/ConnectionFactory.php(186): Illuminate/Database/Connectors/MySqlConnector->connect(Array)
#4 [internal function]: Illuminate/Database/Connectors/ConnectionFactory->Illuminate/Database/Connectors/{closure}()
#5 E:/12 RPL/yearbook-class/vendor/laravel/framework/src/Illuminate/Database/Connection.php(1257): call_user_func(Object(Closure))
#6 E:/12 RPL/yearbook-class/vendor/laravel/framework/src/Illuminate/Database/Connection.php(1295): Illuminate/Database/Connection->getPdo()
#7 E:/12 RPL/yearbook-class/vendor/laravel/framework/src/Illuminate/Database/Connection.php(525): Illuminate/Database/Connection->getReadPdo()
#8 E:/12 RPL/yearbook-class/vendor/laravel/framework/src/Illuminate/Database/Connection.php(420): Illuminate/Database/Connection->getPdoForSelect(true)
#9 E:/12 RPL/yearbook-class/vendor/laravel/framework/src/Illuminate/Database/Connection.php(827): Illuminate/Database/Connection->Illuminate/Database/{closure}('select * from `...', Array)
#10 E:/12 RPL/yearbook-class/vendor/laravel/framework/src/Illuminate/Database/Connection.php(794): Illuminate/Database/Connection->runQueryCallback('select * from `...', Array, Object(Closure))
#11 E:/12 RPL/yearbook-class/vendor/laravel/framework/src/Illuminate/Database/Connection.php(411): Illuminate/Database/Connection->run('select * from `...', Array, Object(Closure))
#12 E:/12 RPL/yearbook-class/vendor/laravel/framework/src/Illuminate/Database/Query/Builder.php(3389): Illuminate/Database/Connection->select('select * from `...', Array, true)
#13 E:/12 RPL/yearbook-class/vendor/laravel/framework/src/Illuminate/Database/Query/Builder.php(3374): Illuminate/Database/Query/Builder->runSelect()
#14 E:/12 RPL/yearbook-class/vendor/laravel/framework/src/Illuminate/Database/Query/Builder.php(3964): Illuminate/Database/Query/Builder->Illuminate/Database/Query/{closure}()
#15 E:/12 RPL/yearbook-class/vendor/laravel/framework/src/Illuminate/Database/Query/Builder.php(3373): Illuminate/Database/Query/Builder->onceWithColumns(Array, Object(Closure))
#16 E:/12 RPL/yearbook-class/vendor/laravel/framework/src/Illuminate/Cache/DatabaseStore.php(130): Illuminate/Database/Query/Builder->get()
#17 E:/12 RPL/yearbook-class/vendor/laravel/framework/src/Illuminate/Cache/DatabaseStore.php(105): Illuminate/Cache/DatabaseStore->many(Array)
#18 E:/12 RPL/yearbook-class/vendor/laravel/framework/src/Illuminate/Cache/Repository.php(122): Illuminate/Cache/DatabaseStore->get('illuminate:queu...')
#19 E:/12 RPL/yearbook-class/vendor/laravel/framework/src/Illuminate/Queue/QueueManager.php(266): Illuminate/Cache/Repository->get('illuminate:queu...', false)
#20 E:/12 RPL/yearbook-class/vendor/laravel/framework/src/Illuminate/Queue/Worker.php(421): Illuminate/Queue/QueueManager->isPaused('database', 'default')
#21 E:/12 RPL/yearbook-class/vendor/laravel/framework/src/Illuminate/Queue/Worker.php(389): Illuminate/Queue/Worker->queuePaused('database', 'default')
#22 E:/12 RPL/yearbook-class/vendor/laravel/framework/src/Illuminate/Queue/Worker.php(350): Illuminate/Queue/Worker->getNextJob(Object(Illuminate/Queue/DatabaseQueue), 'default')
#23 E:/12 RPL/yearbook-class/vendor/laravel/framework/src/Illuminate/Queue/Console/WorkCommand.php(148): Illuminate/Queue/Worker->runNextJob('database', 'default', Object(Illuminate/Queue/WorkerOptions))
#24 E:/12 RPL/yearbook-class/vendor/laravel/framework/src/Illuminate/Queue/Console/WorkCommand.php(131): Illuminate/Queue/Console/WorkCommand->runWorker('database', 'default')
#25 E:/12 RPL/yearbook-class/vendor/laravel/framework/src/Illuminate/Container/BoundMethod.php(36): Illuminate/Queue/Console/WorkCommand->handle()
#26 E:/12 RPL/yearbook-class/vendor/laravel/framework/src/Illuminate/Container/Util.php(43): Illuminate/Container/BoundMethod::Illuminate/Container/{closure}()
#27 E:/12 RPL/yearbook-class/vendor/laravel/framework/src/Illuminate/Container/BoundMethod.php(96): Illuminate/Container/Util::unwrapIfClosure(Object(Closure))
#28 E:/12 RPL/yearbook-class/vendor/laravel/framework/src/Illuminate/Container/BoundMethod.php(35): Illuminate/Container/BoundMethod::callBoundMethod(Object(Illuminate/Foundation/Application), Array, Object(Closure))
#29 E:/12 RPL/yearbook-class/vendor/laravel/framework/src/Illuminate/Container/Container.php(799): Illuminate/Container/BoundMethod::call(Object(Illuminate/Foundation/Application), Array, Array, NULL)
#30 E:/12 RPL/yearbook-class/vendor/laravel/framework/src/Illuminate/Console/Command.php(211): Illuminate/Container/Container->call(Array)
#31 E:/12 RPL/yearbook-class/vendor/symfony/console/Command/Command.php(341): Illuminate/Console/Command->execute(Object(Symfony/Component/Console/Input/ArgvInput), Object(Illuminate/Console/OutputStyle))
#32 E:/12 RPL/yearbook-class/vendor/laravel/framework/src/Illuminate/Console/Command.php(180): Symfony/Component/Console/Command/Command->run(Object(Symfony/Component/Console/Input/ArgvInput), Object(Illuminate/Console/OutputStyle))
#33 E:/12 RPL/yearbook-class/vendor/symfony/console/Application.php(1102): Illuminate/Console/Command->run(Object(Symfony/Component/Console/Input/ArgvInput), Object(Symfony/Component/Console/Output/ConsoleOutput))
#34 E:/12 RPL/yearbook-class/vendor/symfony/console/Application.php(356): Symfony/Component/Console/Application->doRunCommand(Object(Illuminate/Queue/Console/WorkCommand), Object(Symfony/Component/Console/Input/ArgvInput), Object(Symfony/Component/Console/Output/ConsoleOutput))
#35 E:/12 RPL/yearbook-class/vendor/symfony/console/Application.php(195): Symfony/Component/Console/Application->doRun(Object(Symfony/Component/Console/Input/ArgvInput), Object(Symfony/Component/Console/Output/ConsoleOutput))
#36 E:/12 RPL/yearbook-class/vendor/laravel/framework/src/Illuminate/Foundation/Console/Kernel.php(198): Symfony/Component/Console/Application->run(Object(Symfony/Component/Console/Input/ArgvInput), Object(Symfony/Component/Console/Output/ConsoleOutput))
#37 E:/12 RPL/yearbook-class/vendor/laravel/framework/src/Illuminate/Foundation/Application.php(1235): Illuminate/Foundation/Console/Kernel->handle(Object(Symfony/Component/Console/Input/ArgvInput), Object(Symfony/Component/Console/Output/ConsoleOutput))
#38 E:/12 RPL/yearbook-class/artisan(16): Illuminate/Foundation/Application->handleCommand(Object(Symfony/Component/Console/Input/ArgvInput))
#39 {main}
"} 
[2026-01-29 12:17:49] local.ERROR: SQLSTATE[HY000] [1049] Unknown database 'yearbook-site' (Connection: mysql, Host: 127.0.0.1, Port: 3306, Database: yearbook-site, SQL: select * from `cache` where `key` in (laravel_cache_illuminate:queue:paused:database:default)) {"exception":"[object] (Illuminate\\Database\\QueryException(code: 1049): SQLSTATE[HY000] [1049] Unknown database 'yearbook-site' (Connection: mysql, Host: 127.0.0.1, Port: 3306, Database: yearbook-site, SQL: select * from `cache` where `key` in (laravel_cache_illuminate:queue:paused:database:default)) at E:/12 RPL/yearbook-class/vendor/laravel/framework/src/Illuminate/Database/Connection.php:838)
[stacktrace]
#0 E:/12 RPL/yearbook-class/vendor/laravel/framework/src/Illuminate/Database/Connection.php(794): Illuminate/Database/Connection->runQueryCallback('select * from `...', Array, Object(Closure))
#1 E:/12 RPL/yearbook-class/vendor/laravel/framework/src/Illuminate/Database/Connection.php(411): Illuminate/Database/Connection->run('select * from `...', Array, Object(Closure))
#2 E:/12 RPL/yearbook-class/vendor/laravel/framework/src/Illuminate/Database/Query/Builder.php(3389): Illuminate/Database/Connection->select('select * from `...', Array, true)
#3 E:/12 RPL/yearbook-class/vendor/laravel/framework/src/Illuminate/Database/Query/Builder.php(3374): Illuminate/Database/Query/Builder->runSelect()
#4 E:/12 RPL/yearbook-class/vendor/laravel/framework/src/Illuminate/Database/Query/Builder.php(3964): Illuminate/Database/Query/Builder->Illuminate/Database/Query/{closure}()
#5 E:/12 RPL/yearbook-class/vendor/laravel/framework/src/Illuminate/Database/Query/Builder.php(3373): Illuminate/Database/Query/Builder->onceWithColumns(Array, Object(Closure))
#6 E:/12 RPL/yearbook-class/vendor/laravel/framework/src/Illuminate/Cache/DatabaseStore.php(130): Illuminate/Database/Query/Builder->get()
#7 E:/12 RPL/yearbook-class/vendor/laravel/framework/src/Illuminate/Cache/DatabaseStore.php(105): Illuminate/Cache/DatabaseStore->many(Array)
#8 E:/12 RPL/yearbook-class/vendor/laravel/framework/src/Illuminate/Cache/Repository.php(122): Illuminate/Cache/DatabaseStore->get('illuminate:queu...')
#9 E:/12 RPL/yearbook-class/vendor/laravel/framework/src/Illuminate/Queue/QueueManager.php(266): Illuminate/Cache/Repository->get('illuminate:queu...', false)
#10 E:/12 RPL/yearbook-class/vendor/laravel/framework/src/Illuminate/Queue/Worker.php(421): Illuminate/Queue/QueueManager->isPaused('database', 'default')
#11 E:/12 RPL/yearbook-class/vendor/laravel/framework/src/Illuminate/Queue/Worker.php(389): Illuminate/Queue/Worker->queuePaused('database', 'default')
#12 E:/12 RPL/yearbook-class/vendor/laravel/framework/src/Illuminate/Queue/Worker.php(350): Illuminate/Queue/Worker->getNextJob(Object(Illuminate/Queue/DatabaseQueue), 'default')
#13 E:/12 RPL/yearbook-class/vendor/laravel/framework/src/Illuminate/Queue/Console/WorkCommand.php(148): Illuminate/Queue/Worker->runNextJob('database', 'default', Object(Illuminate/Queue/WorkerOptions))
#14 E:/12 RPL/yearbook-class/vendor/laravel/framework/src/Illuminate/Queue/Console/WorkCommand.php(131): Illuminate/Queue/Console/WorkCommand->runWorker('database', 'default')
#15 E:/12 RPL/yearbook-class/vendor/laravel/framework/src/Illuminate/Container/BoundMethod.php(36): Illuminate/Queue/Console/WorkCommand->handle()
#16 E:/12 RPL/yearbook-class/vendor/laravel/framework/src/Illuminate/Container/Util.php(43): Illuminate/Container/BoundMethod::Illuminate/Container/{closure}()
#17 E:/12 RPL/yearbook-class/vendor/laravel/framework/src/Illuminate/Container/BoundMethod.php(96): Illuminate/Container/Util::unwrapIfClosure(Object(Closure))
#18 E:/12 RPL/yearbook-class/vendor/laravel/framework/src/Illuminate/Container/BoundMethod.php(35): Illuminate/Container/BoundMethod::callBoundMethod(Object(Illuminate/Foundation/Application), Array, Object(Closure))
#19 E:/12 RPL/yearbook-class/vendor/laravel/framework/src/Illuminate/Container/Container.php(799): Illuminate/Container/BoundMethod::call(Object(Illuminate/Foundation/Application), Array, Array, NULL)
#20 E:/12 RPL/yearbook-class/vendor/laravel/framework/src/Illuminate/Console/Command.php(211): Illuminate/Container/Container->call(Array)
#21 E:/12 RPL/yearbook-class/vendor/symfony/console/Command/Command.php(341): Illuminate/Console/Command->execute(Object(Symfony/Component/Console/Input/ArgvInput), Object(Illuminate/Console/OutputStyle))
#22 E:/12 RPL/yearbook-class/vendor/laravel/framework/src/Illuminate/Console/Command.php(180): Symfony/Component/Console/Command/Command->run(Object(Symfony/Component/Console/Input/ArgvInput), Object(Illuminate/Console/OutputStyle))
#23 E:/12 RPL/yearbook-class/vendor/symfony/console/Application.php(1102): Illuminate/Console/Command->run(Object(Symfony/Component/Console/Input/ArgvInput), Object(Symfony/Component/Console/Output/ConsoleOutput))
#24 E:/12 RPL/yearbook-class/vendor/symfony/console/Application.php(356): Symfony/Component/Console/Application->doRunCommand(Object(Illuminate/Queue/Console/WorkCommand), Object(Symfony/Component/Console/Input/ArgvInput), Object(Symfony/Component/Console/Output/ConsoleOutput))
#25 E:/12 RPL/yearbook-class/vendor/symfony/console/Application.php(195): Symfony/Component/Console/Application->doRun(Object(Symfony/Component/Console/Input/ArgvInput), Object(Symfony/Component/Console/Output/ConsoleOutput))
#26 E:/12 RPL/yearbook-class/vendor/laravel/framework/src/Illuminate/Foundation/Console/Kernel.php(198): Symfony/Component/Console/Application->run(Object(Symfony/Component/Console/Input/ArgvInput), Object(Symfony/Component/Console/Output/ConsoleOutput))
#27 E:/12 RPL/yearbook-class/vendor/laravel/framework/src/Illuminate/Foundation/Application.php(1235): Illuminate/Foundation/Console/Kernel->handle(Object(Symfony/Component/Console/Input/ArgvInput), Object(Symfony/Component/Console/Output/ConsoleOutput))
#28 E:/12 RPL/yearbook-class/artisan(16): Illuminate/Foundation/Application->handleCommand(Object(Symfony/Component/Console/Input/ArgvInput))
#29 {main}

[previous exception] [object] (PDOException(code: 1049): SQLSTATE[HY000] [1049] Unknown database 'yearbook-site' at E:/12 RPL/yearbook-class/vendor/laravel/framework/src/Illuminate/Database/Connectors/Connector.php:66)
[stacktrace]
#0 E:/12 RPL/yearbook-class/vendor/laravel/framework/src/Illuminate/Database/Connectors/Connector.php(66): PDO->__construct('mysql:host=127....', 'root', Object(SensitiveParameterValue), Array)
#1 E:/12 RPL/yearbook-class/vendor/laravel/framework/src/Illuminate/Database/Connectors/Connector.php(44): Illuminate/Database/Connectors/Connector->createPdoConnection('mysql:host=127....', 'root', Object(SensitiveParameterValue), Array)
#2 E:/12 RPL/yearbook-class/vendor/laravel/framework/src/Illuminate/Database/Connectors/MySqlConnector.php(24): Illuminate/Database/Connectors/Connector->createConnection('mysql:host=127....', Array, Array)
#3 E:/12 RPL/yearbook-class/vendor/laravel/framework/src/Illuminate/Database/Connectors/ConnectionFactory.php(186): Illuminate/Database/Connectors/MySqlConnector->connect(Array)
#4 [internal function]: Illuminate/Database/Connectors/ConnectionFactory->Illuminate/Database/Connectors/{closure}()
#5 E:/12 RPL/yearbook-class/vendor/laravel/framework/src/Illuminate/Database/Connection.php(1257): call_user_func(Object(Closure))
#6 E:/12 RPL/yearbook-class/vendor/laravel/framework/src/Illuminate/Database/Connection.php(1295): Illuminate/Database/Connection->getPdo()
#7 E:/12 RPL/yearbook-class/vendor/laravel/framework/src/Illuminate/Database/Connection.php(525): Illuminate/Database/Connection->getReadPdo()
#8 E:/12 RPL/yearbook-class/vendor/laravel/framework/src/Illuminate/Database/Connection.php(420): Illuminate/Database/Connection->getPdoForSelect(true)
#9 E:/12 RPL/yearbook-class/vendor/laravel/framework/src/Illuminate/Database/Connection.php(827): Illuminate/Database/Connection->Illuminate/Database/{closure}('select * from `...', Array)
#10 E:/12 RPL/yearbook-class/vendor/laravel/framework/src/Illuminate/Database/Connection.php(794): Illuminate/Database/Connection->runQueryCallback('select * from `...', Array, Object(Closure))
#11 E:/12 RPL/yearbook-class/vendor/laravel/framework/src/Illuminate/Database/Connection.php(411): Illuminate/Database/Connection->run('select * from `...', Array, Object(Closure))
#12 E:/12 RPL/yearbook-class/vendor/laravel/framework/src/Illuminate/Database/Query/Builder.php(3389): Illuminate/Database/Connection->select('select * from `...', Array, true)
#13 E:/12 RPL/yearbook-class/vendor/laravel/framework/src/Illuminate/Database/Query/Builder.php(3374): Illuminate/Database/Query/Builder->runSelect()
#14 E:/12 RPL/yearbook-class/vendor/laravel/framework/src/Illuminate/Database/Query/Builder.php(3964): Illuminate/Database/Query/Builder->Illuminate/Database/Query/{closure}()
#15 E:/12 RPL/yearbook-class/vendor/laravel/framework/src/Illuminate/Database/Query/Builder.php(3373): Illuminate/Database/Query/Builder->onceWithColumns(Array, Object(Closure))
#16 E:/12 RPL/yearbook-class/vendor/laravel/framework/src/Illuminate/Cache/DatabaseStore.php(130): Illuminate/Database/Query/Builder->get()
#17 E:/12 RPL/yearbook-class/vendor/laravel/framework/src/Illuminate/Cache/DatabaseStore.php(105): Illuminate/Cache/DatabaseStore->many(Array)
#18 E:/12 RPL/yearbook-class/vendor/laravel/framework/src/Illuminate/Cache/Repository.php(122): Illuminate/Cache/DatabaseStore->get('illuminate:queu...')
#19 E:/12 RPL/yearbook-class/vendor/laravel/framework/src/Illuminate/Queue/QueueManager.php(266): Illuminate/Cache/Repository->get('illuminate:queu...', false)
#20 E:/12 RPL/yearbook-class/vendor/laravel/framework/src/Illuminate/Queue/Worker.php(421): Illuminate/Queue/QueueManager->isPaused('database', 'default')
#21 E:/12 RPL/yearbook-class/vendor/laravel/framework/src/Illuminate/Queue/Worker.php(389): Illuminate/Queue/Worker->queuePaused('database', 'default')
#22 E:/12 RPL/yearbook-class/vendor/laravel/framework/src/Illuminate/Queue/Worker.php(350): Illuminate/Queue/Worker->getNextJob(Object(Illuminate/Queue/DatabaseQueue), 'default')
#23 E:/12 RPL/yearbook-class/vendor/laravel/framework/src/Illuminate/Queue/Console/WorkCommand.php(148): Illuminate/Queue/Worker->runNextJob('database', 'default', Object(Illuminate/Queue/WorkerOptions))
#24 E:/12 RPL/yearbook-class/vendor/laravel/framework/src/Illuminate/Queue/Console/WorkCommand.php(131): Illuminate/Queue/Console/WorkCommand->runWorker('database', 'default')
#25 E:/12 RPL/yearbook-class/vendor/laravel/framework/src/Illuminate/Container/BoundMethod.php(36): Illuminate/Queue/Console/WorkCommand->handle()
#26 E:/12 RPL/yearbook-class/vendor/laravel/framework/src/Illuminate/Container/Util.php(43): Illuminate/Container/BoundMethod::Illuminate/Container/{closure}()
#27 E:/12 RPL/yearbook-class/vendor/laravel/framework/src/Illuminate/Container/BoundMethod.php(96): Illuminate/Container/Util::unwrapIfClosure(Object(Closure))
#28 E:/12 RPL/yearbook-class/vendor/laravel/framework/src/Illuminate/Container/BoundMethod.php(35): Illuminate/Container/BoundMethod::callBoundMethod(Object(Illuminate/Foundation/Application), Array, Object(Closure))
#29 E:/12 RPL/yearbook-class/vendor/laravel/framework/src/Illuminate/Container/Container.php(799): Illuminate/Container/BoundMethod::call(Object(Illuminate/Foundation/Application), Array, Array, NULL)
#30 E:/12 RPL/yearbook-class/vendor/laravel/framework/src/Illuminate/Console/Command.php(211): Illuminate/Container/Container->call(Array)
#31 E:/12 RPL/yearbook-class/vendor/symfony/console/Command/Command.php(341): Illuminate/Console/Command->execute(Object(Symfony/Component/Console/Input/ArgvInput), Object(Illuminate/Console/OutputStyle))
#32 E:/12 RPL/yearbook-class/vendor/laravel/framework/src/Illuminate/Console/Command.php(180): Symfony/Component/Console/Command/Command->run(Object(Symfony/Component/Console/Input/ArgvInput), Object(Illuminate/Console/OutputStyle))
#33 E:/12 RPL/yearbook-class/vendor/symfony/console/Application.php(1102): Illuminate/Console/Command->run(Object(Symfony/Component/Console/Input/ArgvInput), Object(Symfony/Component/Console/Output/ConsoleOutput))
#34 E:/12 RPL/yearbook-class/vendor/symfony/console/Application.php(356): Symfony/Component/Console/Application->doRunCommand(Object(Illuminate/Queue/Console/WorkCommand), Object(Symfony/Component/Console/Input/ArgvInput), Object(Symfony/Component/Console/Output/ConsoleOutput))
#35 E:/12 RPL/yearbook-class/vendor/symfony/console/Application.php(195): Symfony/Component/Console/Application->doRun(Object(Symfony/Component/Console/Input/ArgvInput), Object(Symfony/Component/Console/Output/ConsoleOutput))
#36 E:/12 RPL/yearbook-class/vendor/laravel/framework/src/Illuminate/Foundation/Console/Kernel.php(198): Symfony/Component/Console/Application->run(Object(Symfony/Component/Console/Input/ArgvInput), Object(Symfony/Component/Console/Output/ConsoleOutput))
#37 E:/12 RPL/yearbook-class/vendor/laravel/framework/src/Illuminate/Foundation/Application.php(1235): Illuminate/Foundation/Console/Kernel->handle(Object(Symfony/Component/Console/Input/ArgvInput), Object(Symfony/Component/Console/Output/ConsoleOutput))
#38 E:/12 RPL/yearbook-class/artisan(16): Illuminate/Foundation/Application->handleCommand(Object(Symfony/Component/Console/Input/ArgvInput))
#39 {main}
"} 
[2026-01-29 12:17:54] local.ERROR: SQLSTATE[HY000] [1049] Unknown database 'yearbook-site' (Connection: mysql, Host: 127.0.0.1, Port: 3306, Database: yearbook-site, SQL: select * from `cache` where `key` in (laravel_cache_illuminate:queue:paused:database:default)) {"exception":"[object] (Illuminate\\Database\\QueryException(code: 1049): SQLSTATE[HY000] [1049] Unknown database 'yearbook-site' (Connection: mysql, Host: 127.0.0.1, Port: 3306, Database: yearbook-site, SQL: select * from `cache` where `key` in (laravel_cache_illuminate:queue:paused:database:default)) at E:/12 RPL/yearbook-class/vendor/laravel/framework/src/Illuminate/Database/Connection.php:838)
[stacktrace]
#0 E:/12 RPL/yearbook-class/vendor/laravel/framework/src/Illuminate/Database/Connection.php(794): Illuminate/Database/Connection->runQueryCallback('select * from `...', Array, Object(Closure))
#1 E:/12 RPL/yearbook-class/vendor/laravel/framework/src/Illuminate/Database/Connection.php(411): Illuminate/Database/Connection->run('select * from `...', Array, Object(Closure))
#2 E:/12 RPL/yearbook-class/vendor/laravel/framework/src/Illuminate/Database/Query/Builder.php(3389): Illuminate/Database/Connection->select('select * from `...', Array, true)
#3 E:/12 RPL/yearbook-class/vendor/laravel/framework/src/Illuminate/Database/Query/Builder.php(3374): Illuminate/Database/Query/Builder->runSelect()
#4 E:/12 RPL/yearbook-class/vendor/laravel/framework/src/Illuminate/Database/Query/Builder.php(3964): Illuminate/Database/Query/Builder->Illuminate/Database/Query/{closure}()
#5 E:/12 RPL/yearbook-class/vendor/laravel/framework/src/Illuminate/Database/Query/Builder.php(3373): Illuminate/Database/Query/Builder->onceWithColumns(Array, Object(Closure))
#6 E:/12 RPL/yearbook-class/vendor/laravel/framework/src/Illuminate/Cache/DatabaseStore.php(130): Illuminate/Database/Query/Builder->get()
#7 E:/12 RPL/yearbook-class/vendor/laravel/framework/src/Illuminate/Cache/DatabaseStore.php(105): Illuminate/Cache/DatabaseStore->many(Array)
#8 E:/12 RPL/yearbook-class/vendor/laravel/framework/src/Illuminate/Cache/Repository.php(122): Illuminate/Cache/DatabaseStore->get('illuminate:queu...')
#9 E:/12 RPL/yearbook-class/vendor/laravel/framework/src/Illuminate/Queue/QueueManager.php(266): Illuminate/Cache/Repository->get('illuminate:queu...', false)
#10 E:/12 RPL/yearbook-class/vendor/laravel/framework/src/Illuminate/Queue/Worker.php(421): Illuminate/Queue/QueueManager->isPaused('database', 'default')
#11 E:/12 RPL/yearbook-class/vendor/laravel/framework/src/Illuminate/Queue/Worker.php(389): Illuminate/Queue/Worker->queuePaused('database', 'default')
#12 E:/12 RPL/yearbook-class/vendor/laravel/framework/src/Illuminate/Queue/Worker.php(350): Illuminate/Queue/Worker->getNextJob(Object(Illuminate/Queue/DatabaseQueue), 'default')
#13 E:/12 RPL/yearbook-class/vendor/laravel/framework/src/Illuminate/Queue/Console/WorkCommand.php(148): Illuminate/Queue/Worker->runNextJob('database', 'default', Object(Illuminate/Queue/WorkerOptions))
#14 E:/12 RPL/yearbook-class/vendor/laravel/framework/src/Illuminate/Queue/Console/WorkCommand.php(131): Illuminate/Queue/Console/WorkCommand->runWorker('database', 'default')
#15 E:/12 RPL/yearbook-class/vendor/laravel/framework/src/Illuminate/Container/BoundMethod.php(36): Illuminate/Queue/Console/WorkCommand->handle()
#16 E:/12 RPL/yearbook-class/vendor/laravel/framework/src/Illuminate/Container/Util.php(43): Illuminate/Container/BoundMethod::Illuminate/Container/{closure}()
#17 E:/12 RPL/yearbook-class/vendor/laravel/framework/src/Illuminate/Container/BoundMethod.php(96): Illuminate/Container/Util::unwrapIfClosure(Object(Closure))
#18 E:/12 RPL/yearbook-class/vendor/laravel/framework/src/Illuminate/Container/BoundMethod.php(35): Illuminate/Container/BoundMethod::callBoundMethod(Object(Illuminate/Foundation/Application), Array, Object(Closure))
#19 E:/12 RPL/yearbook-class/vendor/laravel/framework/src/Illuminate/Container/Container.php(799): Illuminate/Container/BoundMethod::call(Object(Illuminate/Foundation/Application), Array, Array, NULL)
#20 E:/12 RPL/yearbook-class/vendor/laravel/framework/src/Illuminate/Console/Command.php(211): Illuminate/Container/Container->call(Array)
#21 E:/12 RPL/yearbook-class/vendor/symfony/console/Command/Command.php(341): Illuminate/Console/Command->execute(Object(Symfony/Component/Console/Input/ArgvInput), Object(Illuminate/Console/OutputStyle))
#22 E:/12 RPL/yearbook-class/vendor/laravel/framework/src/Illuminate/Console/Command.php(180): Symfony/Component/Console/Command/Command->run(Object(Symfony/Component/Console/Input/ArgvInput), Object(Illuminate/Console/OutputStyle))
#23 E:/12 RPL/yearbook-class/vendor/symfony/console/Application.php(1102): Illuminate/Console/Command->run(Object(Symfony/Component/Console/Input/ArgvInput), Object(Symfony/Component/Console/Output/ConsoleOutput))
#24 E:/12 RPL/yearbook-class/vendor/symfony/console/Application.php(356): Symfony/Component/Console/Application->doRunCommand(Object(Illuminate/Queue/Console/WorkCommand), Object(Symfony/Component/Console/Input/ArgvInput), Object(Symfony/Component/Console/Output/ConsoleOutput))
#25 E:/12 RPL/yearbook-class/vendor/symfony/console/Application.php(195): Symfony/Component/Console/Application->doRun(Object(Symfony/Component/Console/Input/ArgvInput), Object(Symfony/Component/Console/Output/ConsoleOutput))
#26 E:/12 RPL/yearbook-class/vendor/laravel/framework/src/Illuminate/Foundation/Console/Kernel.php(198): Symfony/Component/Console/Application->run(Object(Symfony/Component/Console/Input/ArgvInput), Object(Symfony/Component/Console/Output/ConsoleOutput))
#27 E:/12 RPL/yearbook-class/vendor/laravel/framework/src/Illuminate/Foundation/Application.php(1235): Illuminate/Foundation/Console/Kernel->handle(Object(Symfony/Component/Console/Input/ArgvInput), Object(Symfony/Component/Console/Output/ConsoleOutput))
#28 E:/12 RPL/yearbook-class/artisan(16): Illuminate/Foundation/Application->handleCommand(Object(Symfony/Component/Console/Input/ArgvInput))
#29 {main}

[previous exception] [object] (PDOException(code: 1049): SQLSTATE[HY000] [1049] Unknown database 'yearbook-site' at E:/12 RPL/yearbook-class/vendor/laravel/framework/src/Illuminate/Database/Connectors/Connector.php:66)
[stacktrace]
#0 E:/12 RPL/yearbook-class/vendor/laravel/framework/src/Illuminate/Database/Connectors/Connector.php(66): PDO->__construct('mysql:host=127....', 'root', Object(SensitiveParameterValue), Array)
#1 E:/12 RPL/yearbook-class/vendor/laravel/framework/src/Illuminate/Database/Connectors/Connector.php(44): Illuminate/Database/Connectors/Connector->createPdoConnection('mysql:host=127....', 'root', Object(SensitiveParameterValue), Array)
#2 E:/12 RPL/yearbook-class/vendor/laravel/framework/src/Illuminate/Database/Connectors/MySqlConnector.php(24): Illuminate/Database/Connectors/Connector->createConnection('mysql:host=127....', Array, Array)
#3 E:/12 RPL/yearbook-class/vendor/laravel/framework/src/Illuminate/Database/Connectors/ConnectionFactory.php(186): Illuminate/Database/Connectors/MySqlConnector->connect(Array)
#4 [internal function]: Illuminate/Database/Connectors/ConnectionFactory->Illuminate/Database/Connectors/{closure}()
#5 E:/12 RPL/yearbook-class/vendor/laravel/framework/src/Illuminate/Database/Connection.php(1257): call_user_func(Object(Closure))
#6 E:/12 RPL/yearbook-class/vendor/laravel/framework/src/Illuminate/Database/Connection.php(1295): Illuminate/Database/Connection->getPdo()
#7 E:/12 RPL/yearbook-class/vendor/laravel/framework/src/Illuminate/Database/Connection.php(525): Illuminate/Database/Connection->getReadPdo()
#8 E:/12 RPL/yearbook-class/vendor/laravel/framework/src/Illuminate/Database/Connection.php(420): Illuminate/Database/Connection->getPdoForSelect(true)
#9 E:/12 RPL/yearbook-class/vendor/laravel/framework/src/Illuminate/Database/Connection.php(827): Illuminate/Database/Connection->Illuminate/Database/{closure}('select * from `...', Array)
#10 E:/12 RPL/yearbook-class/vendor/laravel/framework/src/Illuminate/Database/Connection.php(794): Illuminate/Database/Connection->runQueryCallback('select * from `...', Array, Object(Closure))
#11 E:/12 RPL/yearbook-class/vendor/laravel/framework/src/Illuminate/Database/Connection.php(411): Illuminate/Database/Connection->run('select * from `...', Array, Object(Closure))
#12 E:/12 RPL/yearbook-class/vendor/laravel/framework/src/Illuminate/Database/Query/Builder.php(3389): Illuminate/Database/Connection->select('select * from `...', Array, true)
#13 E:/12 RPL/yearbook-class/vendor/laravel/framework/src/Illuminate/Database/Query/Builder.php(3374): Illuminate/Database/Query/Builder->runSelect()
#14 E:/12 RPL/yearbook-class/vendor/laravel/framework/src/Illuminate/Database/Query/Builder.php(3964): Illuminate/Database/Query/Builder->Illuminate/Database/Query/{closure}()
#15 E:/12 RPL/yearbook-class/vendor/laravel/framework/src/Illuminate/Database/Query/Builder.php(3373): Illuminate/Database/Query/Builder->onceWithColumns(Array, Object(Closure))
#16 E:/12 RPL/yearbook-class/vendor/laravel/framework/src/Illuminate/Cache/DatabaseStore.php(130): Illuminate/Database/Query/Builder->get()
#17 E:/12 RPL/yearbook-class/vendor/laravel/framework/src/Illuminate/Cache/DatabaseStore.php(105): Illuminate/Cache/DatabaseStore->many(Array)
#18 E:/12 RPL/yearbook-class/vendor/laravel/framework/src/Illuminate/Cache/Repository.php(122): Illuminate/Cache/DatabaseStore->get('illuminate:queu...')
#19 E:/12 RPL/yearbook-class/vendor/laravel/framework/src/Illuminate/Queue/QueueManager.php(266): Illuminate/Cache/Repository->get('illuminate:queu...', false)
#20 E:/12 RPL/yearbook-class/vendor/laravel/framework/src/Illuminate/Queue/Worker.php(421): Illuminate/Queue/QueueManager->isPaused('database', 'default')
#21 E:/12 RPL/yearbook-class/vendor/laravel/framework/src/Illuminate/Queue/Worker.php(389): Illuminate/Queue/Worker->queuePaused('database', 'default')
#22 E:/12 RPL/yearbook-class/vendor/laravel/framework/src/Illuminate/Queue/Worker.php(350): Illuminate/Queue/Worker->getNextJob(Object(Illuminate/Queue/DatabaseQueue), 'default')
#23 E:/12 RPL/yearbook-class/vendor/laravel/framework/src/Illuminate/Queue/Console/WorkCommand.php(148): Illuminate/Queue/Worker->runNextJob('database', 'default', Object(Illuminate/Queue/WorkerOptions))
#24 E:/12 RPL/yearbook-class/vendor/laravel/framework/src/Illuminate/Queue/Console/WorkCommand.php(131): Illuminate/Queue/Console/WorkCommand->runWorker('database', 'default')
#25 E:/12 RPL/yearbook-class/vendor/laravel/framework/src/Illuminate/Container/BoundMethod.php(36): Illuminate/Queue/Console/WorkCommand->handle()
#26 E:/12 RPL/yearbook-class/vendor/laravel/framework/src/Illuminate/Container/Util.php(43): Illuminate/Container/BoundMethod::Illuminate/Container/{closure}()
#27 E:/12 RPL/yearbook-class/vendor/laravel/framework/src/Illuminate/Container/BoundMethod.php(96): Illuminate/Container/Util::unwrapIfClosure(Object(Closure))
#28 E:/12 RPL/yearbook-class/vendor/laravel/framework/src/Illuminate/Container/BoundMethod.php(35): Illuminate/Container/BoundMethod::callBoundMethod(Object(Illuminate/Foundation/Application), Array, Object(Closure))
#29 E:/12 RPL/yearbook-class/vendor/laravel/framework/src/Illuminate/Container/Container.php(799): Illuminate/Container/BoundMethod::call(Object(Illuminate/Foundation/Application), Array, Array, NULL)
#30 E:/12 RPL/yearbook-class/vendor/laravel/framework/src/Illuminate/Console/Command.php(211): Illuminate/Container/Container->call(Array)
#31 E:/12 RPL/yearbook-class/vendor/symfony/console/Command/Command.php(341): Illuminate/Console/Command->execute(Object(Symfony/Component/Console/Input/ArgvInput), Object(Illuminate/Console/OutputStyle))
#32 E:/12 RPL/yearbook-class/vendor/laravel/framework/src/Illuminate/Console/Command.php(180): Symfony/Component/Console/Command/Command->run(Object(Symfony/Component/Console/Input/ArgvInput), Object(Illuminate/Console/OutputStyle))
#33 E:/12 RPL/yearbook-class/vendor/symfony/console/Application.php(1102): Illuminate/Console/Command->run(Object(Symfony/Component/Console/Input/ArgvInput), Object(Symfony/Component/Console/Output/ConsoleOutput))
#34 E:/12 RPL/yearbook-class/vendor/symfony/console/Application.php(356): Symfony/Component/Console/Application->doRunCommand(Object(Illuminate/Queue/Console/WorkCommand), Object(Symfony/Component/Console/Input/ArgvInput), Object(Symfony/Component/Console/Output/ConsoleOutput))
#35 E:/12 RPL/yearbook-class/vendor/symfony/console/Application.php(195): Symfony/Component/Console/Application->doRun(Object(Symfony/Component/Console/Input/ArgvInput), Object(Symfony/Component/Console/Output/ConsoleOutput))
#36 E:/12 RPL/yearbook-class/vendor/laravel/framework/src/Illuminate/Foundation/Console/Kernel.php(198): Symfony/Component/Console/Application->run(Object(Symfony/Component/Console/Input/ArgvInput), Object(Symfony/Component/Console/Output/ConsoleOutput))
#37 E:/12 RPL/yearbook-class/vendor/laravel/framework/src/Illuminate/Foundation/Application.php(1235): Illuminate/Foundation/Console/Kernel->handle(Object(Symfony/Component/Console/Input/ArgvInput), Object(Symfony/Component/Console/Output/ConsoleOutput))
#38 E:/12 RPL/yearbook-class/artisan(16): Illuminate/Foundation/Application->handleCommand(Object(Symfony/Component/Console/Input/ArgvInput))
#39 {main}
"} 
[2026-01-29 12:17:59] local.ERROR: SQLSTATE[HY000] [1049] Unknown database 'yearbook-site' (Connection: mysql, Host: 127.0.0.1, Port: 3306, Database: yearbook-site, SQL: select * from `cache` where `key` in (laravel_cache_illuminate:queue:paused:database:default)) {"exception":"[object] (Illuminate\\Database\\QueryException(code: 1049): SQLSTATE[HY000] [1049] Unknown database 'yearbook-site' (Connection: mysql, Host: 127.0.0.1, Port: 3306, Database: yearbook-site, SQL: select * from `cache` where `key` in (laravel_cache_illuminate:queue:paused:database:default)) at E:/12 RPL/yearbook-class/vendor/laravel/framework/src/Illuminate/Database/Connection.php:838)
[stacktrace]
#0 E:/12 RPL/yearbook-class/vendor/laravel/framework/src/Illuminate/Database/Connection.php(794): Illuminate/Database/Connection->runQueryCallback('select * from `...', Array, Object(Closure))
#1 E:/12 RPL/yearbook-class/vendor/laravel/framework/src/Illuminate/Database/Connection.php(411): Illuminate/Database/Connection->run('select * from `...', Array, Object(Closure))
#2 E:/12 RPL/yearbook-class/vendor/laravel/framework/src/Illuminate/Database/Query/Builder.php(3389): Illuminate/Database/Connection->select('select * from `...', Array, true)
#3 E:/12 RPL/yearbook-class/vendor/laravel/framework/src/Illuminate/Database/Query/Builder.php(3374): Illuminate/Database/Query/Builder->runSelect()
#4 E:/12 RPL/yearbook-class/vendor/laravel/framework/src/Illuminate/Database/Query/Builder.php(3964): Illuminate/Database/Query/Builder->Illuminate/Database/Query/{closure}()
#5 E:/12 RPL/yearbook-class/vendor/laravel/framework/src/Illuminate/Database/Query/Builder.php(3373): Illuminate/Database/Query/Builder->onceWithColumns(Array, Object(Closure))
#6 E:/12 RPL/yearbook-class/vendor/laravel/framework/src/Illuminate/Cache/DatabaseStore.php(130): Illuminate/Database/Query/Builder->get()
#7 E:/12 RPL/yearbook-class/vendor/laravel/framework/src/Illuminate/Cache/DatabaseStore.php(105): Illuminate/Cache/DatabaseStore->many(Array)
#8 E:/12 RPL/yearbook-class/vendor/laravel/framework/src/Illuminate/Cache/Repository.php(122): Illuminate/Cache/DatabaseStore->get('illuminate:queu...')
#9 E:/12 RPL/yearbook-class/vendor/laravel/framework/src/Illuminate/Queue/QueueManager.php(266): Illuminate/Cache/Repository->get('illuminate:queu...', false)
#10 E:/12 RPL/yearbook-class/vendor/laravel/framework/src/Illuminate/Queue/Worker.php(421): Illuminate/Queue/QueueManager->isPaused('database', 'default')
#11 E:/12 RPL/yearbook-class/vendor/laravel/framework/src/Illuminate/Queue/Worker.php(389): Illuminate/Queue/Worker->queuePaused('database', 'default')
#12 E:/12 RPL/yearbook-class/vendor/laravel/framework/src/Illuminate/Queue/Worker.php(350): Illuminate/Queue/Worker->getNextJob(Object(Illuminate/Queue/DatabaseQueue), 'default')
#13 E:/12 RPL/yearbook-class/vendor/laravel/framework/src/Illuminate/Queue/Console/WorkCommand.php(148): Illuminate/Queue/Worker->runNextJob('database', 'default', Object(Illuminate/Queue/WorkerOptions))
#14 E:/12 RPL/yearbook-class/vendor/laravel/framework/src/Illuminate/Queue/Console/WorkCommand.php(131): Illuminate/Queue/Console/WorkCommand->runWorker('database', 'default')
#15 E:/12 RPL/yearbook-class/vendor/laravel/framework/src/Illuminate/Container/BoundMethod.php(36): Illuminate/Queue/Console/WorkCommand->handle()
#16 E:/12 RPL/yearbook-class/vendor/laravel/framework/src/Illuminate/Container/Util.php(43): Illuminate/Container/BoundMethod::Illuminate/Container/{closure}()
#17 E:/12 RPL/yearbook-class/vendor/laravel/framework/src/Illuminate/Container/BoundMethod.php(96): Illuminate/Container/Util::unwrapIfClosure(Object(Closure))
#18 E:/12 RPL/yearbook-class/vendor/laravel/framework/src/Illuminate/Container/BoundMethod.php(35): Illuminate/Container/BoundMethod::callBoundMethod(Object(Illuminate/Foundation/Application), Array, Object(Closure))
#19 E:/12 RPL/yearbook-class/vendor/laravel/framework/src/Illuminate/Container/Container.php(799): Illuminate/Container/BoundMethod::call(Object(Illuminate/Foundation/Application), Array, Array, NULL)
#20 E:/12 RPL/yearbook-class/vendor/laravel/framework/src/Illuminate/Console/Command.php(211): Illuminate/Container/Container->call(Array)
#21 E:/12 RPL/yearbook-class/vendor/symfony/console/Command/Command.php(341): Illuminate/Console/Command->execute(Object(Symfony/Component/Console/Input/ArgvInput), Object(Illuminate/Console/OutputStyle))
#22 E:/12 RPL/yearbook-class/vendor/laravel/framework/src/Illuminate/Console/Command.php(180): Symfony/Component/Console/Command/Command->run(Object(Symfony/Component/Console/Input/ArgvInput), Object(Illuminate/Console/OutputStyle))
#23 E:/12 RPL/yearbook-class/vendor/symfony/console/Application.php(1102): Illuminate/Console/Command->run(Object(Symfony/Component/Console/Input/ArgvInput), Object(Symfony/Component/Console/Output/ConsoleOutput))
#24 E:/12 RPL/yearbook-class/vendor/symfony/console/Application.php(356): Symfony/Component/Console/Application->doRunCommand(Object(Illuminate/Queue/Console/WorkCommand), Object(Symfony/Component/Console/Input/ArgvInput), Object(Symfony/Component/Console/Output/ConsoleOutput))
#25 E:/12 RPL/yearbook-class/vendor/symfony/console/Application.php(195): Symfony/Component/Console/Application->doRun(Object(Symfony/Component/Console/Input/ArgvInput), Object(Symfony/Component/Console/Output/ConsoleOutput))
#26 E:/12 RPL/yearbook-class/vendor/laravel/framework/src/Illuminate/Foundation/Console/Kernel.php(198): Symfony/Component/Console/Application->run(Object(Symfony/Component/Console/Input/ArgvInput), Object(Symfony/Component/Console/Output/ConsoleOutput))
#27 E:/12 RPL/yearbook-class/vendor/laravel/framework/src/Illuminate/Foundation/Application.php(1235): Illuminate/Foundation/Console/Kernel->handle(Object(Symfony/Component/Console/Input/ArgvInput), Object(Symfony/Component/Console/Output/ConsoleOutput))
#28 E:/12 RPL/yearbook-class/artisan(16): Illuminate/Foundation/Application->handleCommand(Object(Symfony/Component/Console/Input/ArgvInput))
#29 {main}

[previous exception] [object] (PDOException(code: 1049): SQLSTATE[HY000] [1049] Unknown database 'yearbook-site' at E:/12 RPL/yearbook-class/vendor/laravel/framework/src/Illuminate/Database/Connectors/Connector.php:66)
[stacktrace]
#0 E:/12 RPL/yearbook-class/vendor/laravel/framework/src/Illuminate/Database/Connectors/Connector.php(66): PDO->__construct('mysql:host=127....', 'root', Object(SensitiveParameterValue), Array)
#1 E:/12 RPL/yearbook-class/vendor/laravel/framework/src/Illuminate/Database/Connectors/Connector.php(44): Illuminate/Database/Connectors/Connector->createPdoConnection('mysql:host=127....', 'root', Object(SensitiveParameterValue), Array)
#2 E:/12 RPL/yearbook-class/vendor/laravel/framework/src/Illuminate/Database/Connectors/MySqlConnector.php(24): Illuminate/Database/Connectors/Connector->createConnection('mysql:host=127....', Array, Array)
#3 E:/12 RPL/yearbook-class/vendor/laravel/framework/src/Illuminate/Database/Connectors/ConnectionFactory.php(186): Illuminate/Database/Connectors/MySqlConnector->connect(Array)
#4 [internal function]: Illuminate/Database/Connectors/ConnectionFactory->Illuminate/Database/Connectors/{closure}()
#5 E:/12 RPL/yearbook-class/vendor/laravel/framework/src/Illuminate/Database/Connection.php(1257): call_user_func(Object(Closure))
#6 E:/12 RPL/yearbook-class/vendor/laravel/framework/src/Illuminate/Database/Connection.php(1295): Illuminate/Database/Connection->getPdo()
#7 E:/12 RPL/yearbook-class/vendor/laravel/framework/src/Illuminate/Database/Connection.php(525): Illuminate/Database/Connection->getReadPdo()
#8 E:/12 RPL/yearbook-class/vendor/laravel/framework/src/Illuminate/Database/Connection.php(420): Illuminate/Database/Connection->getPdoForSelect(true)
#9 E:/12 RPL/yearbook-class/vendor/laravel/framework/src/Illuminate/Database/Connection.php(827): Illuminate/Database/Connection->Illuminate/Database/{closure}('select * from `...', Array)
#10 E:/12 RPL/yearbook-class/vendor/laravel/framework/src/Illuminate/Database/Connection.php(794): Illuminate/Database/Connection->runQueryCallback('select * from `...', Array, Object(Closure))
#11 E:/12 RPL/yearbook-class/vendor/laravel/framework/src/Illuminate/Database/Connection.php(411): Illuminate/Database/Connection->run('select * from `...', Array, Object(Closure))
#12 E:/12 RPL/yearbook-class/vendor/laravel/framework/src/Illuminate/Database/Query/Builder.php(3389): Illuminate/Database/Connection->select('select * from `...', Array, true)
#13 E:/12 RPL/yearbook-class/vendor/laravel/framework/src/Illuminate/Database/Query/Builder.php(3374): Illuminate/Database/Query/Builder->runSelect()
#14 E:/12 RPL/yearbook-class/vendor/laravel/framework/src/Illuminate/Database/Query/Builder.php(3964): Illuminate/Database/Query/Builder->Illuminate/Database/Query/{closure}()
#15 E:/12 RPL/yearbook-class/vendor/laravel/framework/src/Illuminate/Database/Query/Builder.php(3373): Illuminate/Database/Query/Builder->onceWithColumns(Array, Object(Closure))
#16 E:/12 RPL/yearbook-class/vendor/laravel/framework/src/Illuminate/Cache/DatabaseStore.php(130): Illuminate/Database/Query/Builder->get()
#17 E:/12 RPL/yearbook-class/vendor/laravel/framework/src/Illuminate/Cache/DatabaseStore.php(105): Illuminate/Cache/DatabaseStore->many(Array)
#18 E:/12 RPL/yearbook-class/vendor/laravel/framework/src/Illuminate/Cache/Repository.php(122): Illuminate/Cache/DatabaseStore->get('illuminate:queu...')
#19 E:/12 RPL/yearbook-class/vendor/laravel/framework/src/Illuminate/Queue/QueueManager.php(266): Illuminate/Cache/Repository->get('illuminate:queu...', false)
#20 E:/12 RPL/yearbook-class/vendor/laravel/framework/src/Illuminate/Queue/Worker.php(421): Illuminate/Queue/QueueManager->isPaused('database', 'default')
#21 E:/12 RPL/yearbook-class/vendor/laravel/framework/src/Illuminate/Queue/Worker.php(389): Illuminate/Queue/Worker->queuePaused('database', 'default')
#22 E:/12 RPL/yearbook-class/vendor/laravel/framework/src/Illuminate/Queue/Worker.php(350): Illuminate/Queue/Worker->getNextJob(Object(Illuminate/Queue/DatabaseQueue), 'default')
#23 E:/12 RPL/yearbook-class/vendor/laravel/framework/src/Illuminate/Queue/Console/WorkCommand.php(148): Illuminate/Queue/Worker->runNextJob('database', 'default', Object(Illuminate/Queue/WorkerOptions))
#24 E:/12 RPL/yearbook-class/vendor/laravel/framework/src/Illuminate/Queue/Console/WorkCommand.php(131): Illuminate/Queue/Console/WorkCommand->runWorker('database', 'default')
#25 E:/12 RPL/yearbook-class/vendor/laravel/framework/src/Illuminate/Container/BoundMethod.php(36): Illuminate/Queue/Console/WorkCommand->handle()
#26 E:/12 RPL/yearbook-class/vendor/laravel/framework/src/Illuminate/Container/Util.php(43): Illuminate/Container/BoundMethod::Illuminate/Container/{closure}()
#27 E:/12 RPL/yearbook-class/vendor/laravel/framework/src/Illuminate/Container/BoundMethod.php(96): Illuminate/Container/Util::unwrapIfClosure(Object(Closure))
#28 E:/12 RPL/yearbook-class/vendor/laravel/framework/src/Illuminate/Container/BoundMethod.php(35): Illuminate/Container/BoundMethod::callBoundMethod(Object(Illuminate/Foundation/Application), Array, Object(Closure))
#29 E:/12 RPL/yearbook-class/vendor/laravel/framework/src/Illuminate/Container/Container.php(799): Illuminate/Container/BoundMethod::call(Object(Illuminate/Foundation/Application), Array, Array, NULL)
#30 E:/12 RPL/yearbook-class/vendor/laravel/framework/src/Illuminate/Console/Command.php(211): Illuminate/Container/Container->call(Array)
#31 E:/12 RPL/yearbook-class/vendor/symfony/console/Command/Command.php(341): Illuminate/Console/Command->execute(Object(Symfony/Component/Console/Input/ArgvInput), Object(Illuminate/Console/OutputStyle))
#32 E:/12 RPL/yearbook-class/vendor/laravel/framework/src/Illuminate/Console/Command.php(180): Symfony/Component/Console/Command/Command->run(Object(Symfony/Component/Console/Input/ArgvInput), Object(Illuminate/Console/OutputStyle))
#33 E:/12 RPL/yearbook-class/vendor/symfony/console/Application.php(1102): Illuminate/Console/Command->run(Object(Symfony/Component/Console/Input/ArgvInput), Object(Symfony/Component/Console/Output/ConsoleOutput))
#34 E:/12 RPL/yearbook-class/vendor/symfony/console/Application.php(356): Symfony/Component/Console/Application->doRunCommand(Object(Illuminate/Queue/Console/WorkCommand), Object(Symfony/Component/Console/Input/ArgvInput), Object(Symfony/Component/Console/Output/ConsoleOutput))
#35 E:/12 RPL/yearbook-class/vendor/symfony/console/Application.php(195): Symfony/Component/Console/Application->doRun(Object(Symfony/Component/Console/Input/ArgvInput), Object(Symfony/Component/Console/Output/ConsoleOutput))
#36 E:/12 RPL/yearbook-class/vendor/laravel/framework/src/Illuminate/Foundation/Console/Kernel.php(198): Symfony/Component/Console/Application->run(Object(Symfony/Component/Console/Input/ArgvInput), Object(Symfony/Component/Console/Output/ConsoleOutput))
#37 E:/12 RPL/yearbook-class/vendor/laravel/framework/src/Illuminate/Foundation/Application.php(1235): Illuminate/Foundation/Console/Kernel->handle(Object(Symfony/Component/Console/Input/ArgvInput), Object(Symfony/Component/Console/Output/ConsoleOutput))
#38 E:/12 RPL/yearbook-class/artisan(16): Illuminate/Foundation/Application->handleCommand(Object(Symfony/Component/Console/Input/ArgvInput))
#39 {main}
"} 
[2026-01-29 12:35:53] local.ERROR: The [pcntl] extension is required to run Pail. {"exception":"[object] (RuntimeException(code: 0): The [pcntl] extension is required to run Pail. at E:/12 RPL/yearbook-class/vendor/laravel/pail/src/Guards/EnsurePcntlIsAvailable.php:15)
[stacktrace]
#0 E:/12 RPL/yearbook-class/vendor/laravel/pail/src/Console/Commands/PailCommand.php(46): Laravel/Pail/Guards/EnsurePcntlIsAvailable::check()
#1 E:/12 RPL/yearbook-class/vendor/laravel/framework/src/Illuminate/Container/BoundMethod.php(36): Laravel/Pail/Console/Commands/PailCommand->handle(Object(Laravel/Pail/ProcessFactory))
#2 E:/12 RPL/yearbook-class/vendor/laravel/framework/src/Illuminate/Container/Util.php(43): Illuminate/Container/BoundMethod::Illuminate/Container/{closure}()
#3 E:/12 RPL/yearbook-class/vendor/laravel/framework/src/Illuminate/Container/BoundMethod.php(96): Illuminate/Container/Util::unwrapIfClosure(Object(Closure))
#4 E:/12 RPL/yearbook-class/vendor/laravel/framework/src/Illuminate/Container/BoundMethod.php(35): Illuminate/Container/BoundMethod::callBoundMethod(Object(Illuminate/Foundation/Application), Array, Object(Closure))
#5 E:/12 RPL/yearbook-class/vendor/laravel/framework/src/Illuminate/Container/Container.php(799): Illuminate/Container/BoundMethod::call(Object(Illuminate/Foundation/Application), Array, Array, NULL)
#6 E:/12 RPL/yearbook-class/vendor/laravel/framework/src/Illuminate/Console/Command.php(211): Illuminate/Container/Container->call(Array)
#7 E:/12 RPL/yearbook-class/vendor/symfony/console/Command/Command.php(341): Illuminate/Console/Command->execute(Object(Symfony/Component/Console/Input/ArgvInput), Object(Illuminate/Console/OutputStyle))
#8 E:/12 RPL/yearbook-class/vendor/laravel/framework/src/Illuminate/Console/Command.php(180): Symfony/Component/Console/Command/Command->run(Object(Symfony/Component/Console/Input/ArgvInput), Object(Illuminate/Console/OutputStyle))
#9 E:/12 RPL/yearbook-class/vendor/symfony/console/Application.php(1102): Illuminate/Console/Command->run(Object(Symfony/Component/Console/Input/ArgvInput), Object(Symfony/Component/Console/Output/ConsoleOutput))
#10 E:/12 RPL/yearbook-class/vendor/symfony/console/Application.php(356): Symfony/Component/Console/Application->doRunCommand(Object(Laravel/Pail/Console/Commands/PailCommand), Object(Symfony/Component/Console/Input/ArgvInput), Object(Symfony/Component/Console/Output/ConsoleOutput))
#11 E:/12 RPL/yearbook-class/vendor/symfony/console/Application.php(195): Symfony/Component/Console/Application->doRun(Object(Symfony/Component/Console/Input/ArgvInput), Object(Symfony/Component/Console/Output/ConsoleOutput))
#12 E:/12 RPL/yearbook-class/vendor/laravel/framework/src/Illuminate/Foundation/Console/Kernel.php(198): Symfony/Component/Console/Application->run(Object(Symfony/Component/Console/Input/ArgvInput), Object(Symfony/Component/Console/Output/ConsoleOutput))
#13 E:/12 RPL/yearbook-class/vendor/laravel/framework/src/Illuminate/Foundation/Application.php(1235): Illuminate/Foundation/Console/Kernel->handle(Object(Symfony/Component/Console/Input/ArgvInput), Object(Symfony/Component/Console/Output/ConsoleOutput))
#14 E:/12 RPL/yearbook-class/artisan(16): Illuminate/Foundation/Application->handleCommand(Object(Symfony/Component/Console/Input/ArgvInput))
#15 {main}
"} 
